Player,Span,Mat,Inns,NO,Runs,HS,Ave,BF,SR,100,50,0,4s,6s,venue
MS Dhoni,2008-2025,75,65,27,1547,75*,40.71,1072,144.3,0,7,2,99,78,M. A. Chidambaram Stadium
Suresh Raina,2008-2019,56,55,5,1498,100*,29.96,1107,135.32,1,8,1,140,49,M. A. Chidambaram Stadium
Murali Vijay,2010-2019,30,30,2,928,127,33.14,693,133.91,2,3,1,82,40,M. A. Chidambaram Stadium
MEK Hussey,2008-2013,22,21,3,848,95,47.11,674,125.81,0,7,0,90,14,M. A. Chidambaram Stadium
Ruthuraj Gaikwad,2023-2025,18,18,3,764,108*,50.93,539,141.74,1,6,1,79,22,M. A. Chidambaram Stadium
Faf du Plessis,2012-2024,20,18,2,588,73,36.75,486,120.98,0,4,0,43,19,M. A. Chidambaram Stadium
Ravindra Jadeja,2011-2025,55,41,10,518,38*,16.7,430,120.46,0,0,3,31,18,M. A. Chidambaram Stadium
Shivam Dube,2019-2025,22,21,5,496,66,31,323,153.56,0,2,1,26,38,M. A. Chidambaram Stadium
JA Morkel,2008-2015,31,26,9,486,73*,28.58,330,147.27,0,3,2,32,26,M. A. Chidambaram Stadium
S Badrinath,2008-2013,39,26,8,438,64,24.33,375,116.8,0,3,1,45,7,M. A. Chidambaram Stadium
SR Watson,2010-2019,13,13,0,433,101,33.3,296,146.28,1,2,2,40,23,M. A. Chidambaram Stadium
Dewon Conway,2023-2025,10,10,2,415,92*,51.87,318,130.5,0,3,0,54,4,M. A. Chidambaram Stadium
Virat Kohli,2008-2025,14,14,0,414,58,29.57,375,110.4,0,2,0,29,10,M. A. Chidambaram Stadium
BB McCullum,2008-2015,12,12,1,378,100*,34.36,271,139.48,1,2,1,39,20,M. A. Chidambaram Stadium
Rohit Sharma,2008-2025,16,16,1,364,67,24.26,298,122.14,0,2,3,28,15,M. A. Chidambaram Stadium
AB de Villiers,2008-2021,11,11,3,353,76*,44.12,216,163.42,0,3,0,37,9,M. A. Chidambaram Stadium
Ambati Rayudu,2010-2023,22,21,6,333,42*,22.2,310,107.41,0,0,2,19,14,M. A. Chidambaram Stadium
Suryakumar Yadav,2015-2025,11,10,1,329,71*,36.55,255,129.01,0,2,0,37,8,M. A. Chidambaram Stadium
DJ Bravo,2008-2019,37,26,11,325,33*,21.66,237,137.13,0,0,0,20,14,M. A. Chidambaram Stadium
DA Warner,2010-2023,13,13,0,322,57,24.76,289,111.41,0,3,2,21,10,M. A. Chidambaram Stadium
S Dhawan,2008-2023,10,10,2,299,63*,37.37,250,119.6,0,1,0,35,3,M. A. Chidambaram Stadium
ML Hayden,2008-2010,9,9,1,283,81,35.37,203,139.4,0,2,1,29,12,M. A. Chidambaram Stadium
PA Patel,2008-2019,11,11,0,276,57,25.09,270,102.22,0,2,0,31,4,M. A. Chidambaram Stadium
Ajinkya Rahane,2011-2025,19,17,1,271,31,16.93,226,119.91,0,0,1,21,7,M. A. Chidambaram Stadium
Manish Pandey,2010-2023,10,10,2,265,83*,33.12,218,121.55,0,2,0,18,11,M. A. Chidambaram Stadium
JM Bairstow,2019-2024,7,7,1,257,63*,42.83,181,141.98,0,2,1,22,15,M. A. Chidambaram Stadium
Rachin Ravindra,2024-2025,8,8,1,238,65*,34,152,156.57,0,1,0,20,12,M. A. Chidambaram Stadium
KL Rahul,2015-2025,7,7,1,237,77,39.5,196,120.91,0,3,0,16,8,M. A. Chidambaram Stadium
CH Gayle,2010-2021,8,8,1,231,89,33,158,146.2,0,2,1,20,14,M. A. Chidambaram Stadium
Nithish Rana,2018-2023,6,6,1,228,80,45.6,175,130.28,0,3,1,25,8,M. A. Chidambaram Stadium
JH Kallis,2008-2013,6,6,0,225,69,37.5,196,114.79,0,3,0,23,3,M. A. Chidambaram Stadium
MS Bisla,2010-2013,4,4,0,215,92,53.75,147,146.25,0,2,0,26,7,M. A. Chidambaram Stadium
Andre Russell,2012-2025,11,9,3,215,88*,35.83,147,146.25,0,2,0,15,16,M. A. Chidambaram Stadium
Rahul Tripathi,2019-2025,10,10,0,212,53,21.2,155,136.77,0,1,0,24,6,M. A. Chidambaram Stadium
Vijay Shankar,2019-2025,10,9,1,200,69*,25,161,124.22,0,1,0,9,8,M. A. Chidambaram Stadium
WP Saha,2008-2024,15,12,2,193,46*,19.3,172,112.2,0,0,0,17,8,M. A. Chidambaram Stadium
MA Agarwal,2011-2023,10,10,0,191,45,19.1,159,120.12,0,0,1,22,8,M. A. Chidambaram Stadium
Dinrsh Karthik,2008-2024,11,9,3,188,38*,31.33,158,118.98,0,0,0,19,5,M. A. Chidambaram Stadium
G Gambhir,2008-2015,7,7,1,187,63,31.16,160,116.87,0,3,1,19,2,M. A. Chidambaram Stadium
Marcus Stoinis,2021-2024,5,4,2,187,124*,93.5,110,170,1,0,0,18,8,M. A. Chidambaram Stadium
Robin Uthappa,2008-2019,8,8,0,177,43,22.12,133,133.08,0,0,1,21,7,M. A. Chidambaram Stadium
Gleen Maxwell,2021-2024,4,4,0,176,78,44,119,147.89,0,2,1,17,8,M. A. Chidambaram Stadium
SE Marsh,2008-2015,4,4,0,173,73,43.25,121,142.97,0,2,0,16,7,M. A. Chidambaram Stadium
Ishan Kishan,2019-2025,9,9,0,167,44,18.55,174,95.97,0,0,0,13,4,M. A. Chidambaram Stadium
Sam Curran,2019-2025,7,7,2,164,88,32.8,120,136.66,0,1,0,14,5,M. A. Chidambaram Stadium
Syres Iyer,2015-2025,5,5,1,163,72,40.75,114,142.98,0,1,0,14,5,M. A. Chidambaram Stadium
Steven Smith,2012-2021,6,6,2,161,39*,40.25,127,126.77,0,0,0,12,4,M. A. Chidambaram Stadium
Daryl Mitchell,2024-2024,7,7,2,157,52,31.4,113,138.93,0,1,0,15,4,M. A. Chidambaram Stadium
DR Smith,2013-2015,8,8,0,148,34,18.5,144,102.77,0,0,1,21,4,M. A. Chidambaram Stadium
R Dravid,2008-2013,5,4,0,145,66,36.25,127,114.17,0,1,0,18,1,M. A. Chidambaram Stadium
NV Ojha,2010-2015,5,5,1,144,94*,36,96,150,0,1,0,11,10,M. A. Chidambaram Stadium
Kiran Pollard,2010-2021,12,10,4,144,57*,24,122,118.03,0,1,0,9,9,M. A. Chidambaram Stadium
IK Pathan,2008-2013,5,5,2,140,44*,46.66,106,132.07,0,0,0,11,6,M. A. Chidambaram Stadium
Shubman Gill,2019-2024,6,6,0,128,42,21.33,101,126.73,0,0,0,12,6,M. A. Chidambaram Stadium
Devdutt Padikkal,2021-2025,5,5,0,114,38,22.8,100,114,0,0,0,11,2,M. A. Chidambaram Stadium
CL White,2010-2013,4,4,1,113,77,37.66,87,129.88,0,1,0,12,3,M. A. Chidambaram Stadium
Henrich Klaasen,2023-2025,5,5,0,110,50,22,96,114.58,0,1,0,3,5,M. A. Chidambaram Stadium
Prabhsimran Singh,2023-2025,3,3,0,109,54,36.33,70,155.71,0,1,0,10,6,M. A. Chidambaram Stadium
Kane Williamson,2015-2021,3,3,3,108,66*,-,88,122.72,0,1,0,9,1,M. A. Chidambaram Stadium
David Miller,2012-2024,6,6,1,104,51*,20.8,77,135.06,0,1,0,11,2,M. A. Chidambaram Stadium
Hardik Pandya,2015-2023,9,9,3,101,23*,16.83,81,124.69,0,0,1,8,4,M. A. Chidambaram Stadium
Sachin Tendulkar,2010-2013,4,4,1,101,45,33.66,75,134.66,0,0,1,14,1,M. A. Chidambaram Stadium
Harbhajan Singh,2008-2021,17,7,3,100,33,25,72,138.88,0,0,0,5,8,M. A. Chidambaram Stadium
Quinton de Kock,2013-2025,9,9,0,97,40,10.77,97,100,0,0,1,9,4,M. A. Chidambaram Stadium
Ravichandran Ashwin,2010-2025,47,14,5,95,30,10.55,90,105.55,0,0,2,8,2,M. A. Chidambaram Stadium
Sunil Narine,2012-2025,9,5,0,95,44,19,49,193.87,0,0,0,5,10,M. A. Chidambaram Stadium
Moen Ali,2019-2025,14,10,2,93,19,11.62,83,112.04,0,0,0,7,3,M. A. Chidambaram Stadium
Deepak Hooda,2015-2025,12,10,1,93,22,10.33,91,102.19,0,0,1,7,3,M. A. Chidambaram Stadium
AC Gilchrist,2008-2010,2,2,0,92,54,46,53,173.58,0,1,0,11,5,M. A. Chidambaram Stadium
Nehal Wadhera,2023-2025,3,3,0,92,64,30.66,66,139.39,0,1,0,11,3,M. A. Chidambaram Stadium
GC Smith,2008-2008,1,1,0,91,91,91,51,178.43,0,1,0,9,4,M. A. Chidambaram Stadium
DC Jurel,2023-2024,3,3,1,88,56*,44,59,149.15,0,1,0,8,4,M. A. Chidambaram Stadium
Yuvraj Singh,2008-2015,4,4,0,88,43,22,82,107.31,0,0,0,7,2,M. A. Chidambaram Stadium
SS Tiwary,2010-2012,5,5,2,86,42*,28.66,83,103.61,0,0,0,3,3,M. A. Chidambaram Stadium
V Sehwag,2008-2015,6,6,0,81,71,13.5,57,142.1,0,1,1,8,4,M. A. Chidambaram Stadium
SP Fleming,2008-2008,5,5,0,80,45,16,77,103.89,0,0,0,7,3,M. A. Chidambaram Stadium
Rinku Singh,2018-2025,5,4,1,80,54,26.66,73,109.58,0,1,0,5,4,M. A. Chidambaram Stadium
Jos Buttler,2019-2024,3,3,0,79,52,26.33,68,116.17,0,1,0,4,3,M. A. Chidambaram Stadium
Kedhar Jadhav,2011-2021,12,9,4,78,20,15.6,85,91.76,0,0,0,7,1,M. A. Chidambaram Stadium
Rilee Rossouw,2023-2024,2,2,0,78,43,39,60,130,0,0,0,7,3,M. A. Chidambaram Stadium
Yashasvi Jaiswal,2023-2024,3,3,0,76,42,25.33,50,152,0,0,0,9,4,M. A. Chidambaram Stadium
EJG Morgan,2011-2021,5,5,1,76,32*,19,61,124.59,0,0,0,5,4,M. A. Chidambaram Stadium
LR Shukla,2008-2012,5,5,1,76,42,19,59,128.81,0,0,0,6,3,M. A. Chidambaram Stadium
MK Tiwary,2010-2012,4,4,1,76,27,25.33,62,122.58,0,0,0,6,2,M. A. Chidambaram Stadium
S Anirudha,2008-2013,10,6,2,75,64,18.75,73,102.73,0,1,1,6,2,M. A. Chidambaram Stadium
SN Khan,2015-2019,2,2,0,75,67,37.5,67,111.94,0,1,0,5,2,M. A. Chidambaram Stadium
AD Mathews,2010-2012,2,2,0,75,48,37.5,70,107.14,0,0,0,4,2,M. A. Chidambaram Stadium
Dewald Brevis,2025-2025,2,2,0,74,42,37,51,145.09,0,0,0,3,5,M. A. Chidambaram Stadium
DPMD Jayawardene,2008-2012,4,4,0,74,55,18.5,59,125.42,0,1,0,5,3,M. A. Chidambaram Stadium
Mandeep Singh,2012-2019,4,4,1,72,56,24,66,109.09,0,1,1,7,1,M. A. Chidambaram Stadium
CA Lynn,2018-2021,3,3,0,71,49,23.66,56,126.78,0,0,1,8,3,M. A. Chidambaram Stadium
KR Mayers,2023-2023,2,2,0,71,53,35.5,35,202.85,0,1,0,11,2,M. A. Chidambaram Stadium
Abhishek Sharma,2021-2025,8,7,0,70,34,10,57,122.8,0,0,1,5,3,M. A. Chidambaram Stadium
Sameer Rizvi,2024-2025,6,4,1,70,21,23.33,52,134.61,0,0,0,5,3,M. A. Chidambaram Stadium
AJ Finch,2013-2013,1,1,0,67,67,67,45,148.88,0,1,0,10,2,M. A. Chidambaram Stadium
Y Venugopal Rao,2008-2012,4,3,0,67,30,22.33,51,131.37,0,0,0,2,5,M. A. Chidambaram Stadium
Travis Head,2024-2025,4,4,0,66,34,16.5,52,126.92,0,0,1,8,2,M. A. Chidambaram Stadium
Nicolas Pooran,2021-2024,5,4,0,66,34,16.5,34,194.11,0,0,2,5,5,M. A. Chidambaram Stadium
Cameron Green,2023-2024,3,3,0,65,41,21.66,49,132.65,0,0,0,8,1,M. A. Chidambaram Stadium
Aidem Markram,2023-2024,4,4,0,65,32,16.25,63,103.17,0,0,0,8,0,M. A. Chidambaram Stadium
Venkatesh Iyer,2023-2025,4,3,1,64,52*,32,38,168.42,0,1,0,6,3,M. A. Chidambaram Stadium
PP Shaw,2019-2021,3,3,0,64,53,21.33,49,130.61,0,1,0,9,1,M. A. Chidambaram Stadium
BJ Hodge,2011-2013,3,3,3,63,51*,-,53,118.86,0,1,0,4,2,M. A. Chidambaram Stadium
S Vidyut,2008-2008,3,3,0,62,54,20.66,44,140.9,0,1,1,9,1,M. A. Chidambaram Stadium
Axar Patel,2015-2025,5,4,0,60,21,15,45,133.33,0,0,0,5,3,M. A. Chidambaram Stadium
Rajat Patidar,2021-2025,4,4,0,60,51,15,45,133.33,0,1,1,5,3,M. A. Chidambaram Stadium
P Negi,2012-2015,4,4,1,59,36,19.66,33,178.78,0,0,0,5,3,M. A. Chidambaram Stadium
SV Samson,2015-2024,5,5,0,59,26,11.8,59,100,0,0,1,3,2,M. A. Chidambaram Stadium
Tilak Varma,2023-2025,2,2,0,57,31,28.5,47,121.27,0,0,0,2,4,M. A. Chidambaram Stadium
SW Billings,2018-2018,1,1,0,56,56,56,23,243.47,0,1,0,2,5,M. A. Chidambaram Stadium
S Sohal,2011-2011,1,1,0,56,56,56,30,186.66,0,1,0,6,4,M. A. Chidambaram Stadium
HH Gibbs,2008-2010,2,2,0,55,45,27.5,46,119.56,0,0,0,6,2,M. A. Chidambaram Stadium
YK Pathan,2008-2019,8,8,2,55,13,9.16,57,96.49,0,0,0,2,1,M. A. Chidambaram Stadium
OA Shah,2011-2012,2,2,0,55,52,27.5,46,119.56,0,1,0,4,3,M. A. Chidambaram Stadium
Ben Stokes,2019-2023,2,2,0,54,46,27,34,158.82,0,0,0,2,3,M. A. Chidambaram Stadium
Kamran Akmal,2008-2008,1,1,1,53,53*,-,28,189.28,0,1,0,4,3,M. A. Chidambaram Stadium
Riyan Parag,2024-2024,2,2,1,53,47*,53,45,117.77,0,0,0,1,3,M. A. Chidambaram Stadium
Nitish Kumar Reddy,2024-2025,4,4,1,52,19*,17.33,48,108.33,0,0,0,3,1,M. A. Chidambaram Stadium
LRPL Taylor,2011-2013,3,3,0,52,24,17.33,41,126.82,0,0,0,3,2,M. A. Chidambaram Stadium
RE Levi,2012-2012,1,1,0,50,50,50,35,142.85,0,1,0,6,3,M. A. Chidambaram Stadium
Liam Livingstone,2023-2025,2,2,0,50,40,25,33,151.51,0,0,0,1,5,M. A. Chidambaram Stadium
A Symonds,2010-2010,1,1,0,50,50,50,43,116.27,0,1,0,3,3,M. A. Chidambaram Stadium
Abdul Samad,2021-2024,6,6,1,49,19*,9.8,41,119.51,0,0,2,2,3,M. A. Chidambaram Stadium
Shimron Hetmyer,2019-2024,5,5,2,49,30*,16.33,41,119.51,0,0,1,4,2,M. A. Chidambaram Stadium
RR Pant,2019-2021,3,3,0,49,37,16.33,38,128.94,0,0,0,6,1,M. A. Chidambaram Stadium
Phil Salt,2023-2025,3,3,0,49,32,16.33,28,175,0,0,1,6,3,M. A. Chidambaram Stadium
Shakib Al Hasan,2012-2021,5,4,1,49,26,16.33,46,106.52,0,0,0,3,1,M. A. Chidambaram Stadium
Anuj Rawat,2024-2024,1,1,0,48,48,48,25,192,0,0,0,4,3,M. A. Chidambaram Stadium
Rashid Khan,2019-2024,8,5,0,48,30,9.6,29,165.51,0,0,2,4,3,M. A. Chidambaram Stadium
Shahbaz Ahmed,2021-2024,6,5,0,48,18,9.6,42,114.28,0,0,0,1,3,M. A. Chidambaram Stadium
Shashank Singh,2024-2025,2,2,1,48,25*,48,38,126.31,0,0,0,2,3,M. A. Chidambaram Stadium
Krunal Pandya,2019-2025,11,10,1,47,15,5.22,54,87.03,0,0,2,5,1,M. A. Chidambaram Stadium
SC Ganguly,2008-2012,3,3,0,46,24,15.33,57,80.7,0,0,0,7,0,M. A. Chidambaram Stadium
M Manhas,2010-2011,2,2,1,45,25*,45,55,81.81,0,0,0,2,1,M. A. Chidambaram Stadium
Y Nagar,2011-2012,2,2,2,45,44*,-,49,91.83,0,0,0,1,1,M. A. Chidambaram Stadium
AM Nayar,2008-2013,2,2,2,45,45*,-,21,214.28,0,0,0,6,1,M. A. Chidambaram Stadium
Tristan Stubbs,2023-2025,2,2,1,44,24*,44,33,133.33,0,0,0,4,1,M. A. Chidambaram Stadium
STR Binny,2011-2013,3,2,2,43,36*,-,29,148.27,0,0,0,3,1,M. A. Chidambaram Stadium
SA Asnodkar,2008-2008,1,1,0,41,41,41,27,151.85,0,0,0,5,2,M. A. Chidambaram Stadium
JEC Franklin,2011-2012,2,2,1,41,25*,41,47,87.23,0,0,0,2,1,M. A. Chidambaram Stadium
SB Styris,2008-2011,2,2,2,41,36*,-,43,95.34,0,0,0,4,1,M. A. Chidambaram Stadium
Pat Cummins,2015-2025,8,6,1,40,24,8,36,111.11,0,0,2,4,2,M. A. Chidambaram Stadium
Rahmanullah Gurbaz,2023-2024,2,2,0,40,39,20,36,111.11,0,0,0,5,2,M. A. Chidambaram Stadium
A Ashish Reddy,2012-2013,2,2,1,39,36*,39,19,205.26,0,0,0,2,3,M. A. Chidambaram Stadium
AL Menaria,2011-2012,2,2,0,38,36,19,42,90.47,0,0,0,2,1,M. A. Chidambaram Stadium
LMP Simmons,2015-2015,1,1,0,38,38,38,31,122.58,0,0,0,3,2,M. A. Chidambaram Stadium
RN ten Doeschate,2015-2015,1,1,1,38,38*,-,28,135.71,0,0,0,3,2,M. A. Chidambaram Stadium
Tim David,2023-2025,3,3,1,37,22*,18.5,25,148,0,0,0,2,3,M. A. Chidambaram Stadium
MJ Lumb,2010-2010,1,1,0,37,37,37,26,142.3,0,0,0,6,1,M. A. Chidambaram Stadium
A Mhatre,2025-2025,2,2,0,37,30,18.5,25,148,0,0,0,7,0,M. A. Chidambaram Stadium
Sai Sudharsan,2024-2024,1,1,0,37,37,37,31,119.35,0,0,0,3,0,M. A. Chidambaram Stadium
PP Chawla,2008-2023,9,6,2,35,17,8.75,38,92.1,0,0,2,3,2,M. A. Chidambaram Stadium
Mitchell Santner,2019-2025,4,3,1,34,22,17,34,100,0,0,0,1,2,M. A. Chidambaram Stadium
Lalit Yadav,2021-2023,2,2,1,34,22*,34,30,113.33,0,0,0,4,0,M. A. Chidambaram Stadium
Abishek Porel,2025-2025,1,1,0,33,33,33,20,165,0,0,0,4,1,M. A. Chidambaram Stadium
Jitesh Sharma,2023-2025,3,2,0,33,21,16.5,16,206.25,0,0,0,3,2,M. A. Chidambaram Stadium
DT Christian,2011-2021,5,5,1,32,27*,8,32,100,0,0,0,2,1,M. A. Chidambaram Stadium
E Lewis,2019-2019,1,1,0,32,32,32,30,106.66,0,0,0,3,1,M. A. Chidambaram Stadium
Kamindu Mendis,2025-2025,1,1,1,32,32*,-,22,145.45,0,0,0,3,0,M. A. Chidambaram Stadium
J Botha,2011-2013,2,2,0,31,23,15.5,26,119.23,0,0,0,4,1,M. A. Chidambaram Stadium
KC Sangakkara,2010-2012,3,3,0,31,15,10.33,33,93.93,0,0,0,3,1,M. A. Chidambaram Stadium
Deepak Chahar,2018-2025,20,3,2,29,28*,29,19,152.63,0,0,1,2,2,M. A. Chidambaram Stadium
DJ Hussey,2008-2013,4,4,0,29,22,7.25,25,116,0,0,2,3,1,M. A. Chidambaram Stadium
A Mishra,2010-2021,8,4,0,29,15,7.25,41,70.73,0,0,0,3,0,M. A. Chidambaram Stadium
CH Morris,2013-2019,8,6,5,29,16*,29,22,131.81,0,0,1,0,1,M. A. Chidambaram Stadium
K Gowtham,2019-2023,3,3,1,28,17*,14,22,127.27,0,0,0,0,2,M. A. Chidambaram Stadium
Jofra Archer,2019-2023,2,2,2,27,24*,-,13,207.69,0,0,0,1,2,M. A. Chidambaram Stadium
KA Jamieson,2021-2021,3,3,1,27,12,13.5,17,158.82,0,0,0,3,1,M. A. Chidambaram Stadium
P Kumar,2008-2013,4,2,1,27,21,27,17,158.82,0,0,0,2,1,M. A. Chidambaram Stadium
Washington Sundar,2021-2023,4,3,0,27,10,9,33,81.81,0,0,0,2,0,M. A. Chidambaram Stadium
MN Samuels,2012-2012,1,1,0,26,26,26,24,108.33,0,0,0,2,1,M. A. Chidambaram Stadium
Ayush Badoni,2023-2024,3,2,0,24,23,12,25,96,0,0,0,0,0,M. A. Chidambaram Stadium
M Kaif,2008-2010,2,2,0,24,14,12,23,104.34,0,0,0,1,0,M. A. Chidambaram Stadium
A Raghuvanshi,2024-2024,1,1,0,24,24,24,18,133.33,0,0,0,3,1,M. A. Chidambaram Stadium
JD Ryder,2011-2012,2,2,0,24,15,12,21,114.28,0,0,0,3,1,M. A. Chidambaram Stadium
M Shahrukh Khan,2021-2023,3,2,1,24,22,24,20,120,0,0,0,0,2,M. A. Chidambaram Stadium
Umesh Yadav,2010-2024,7,5,2,24,12*,8,35,68.57,0,0,1,0,2,M. A. Chidambaram Stadium
Priyansh Arya,2025-2025,1,1,0,23,23,23,15,153.33,0,0,0,5,0,M. A. Chidambaram Stadium
RS Bopara,2010-2015,2,2,0,23,22,11.5,23,100,0,0,0,0,2,M. A. Chidambaram Stadium
MS Gony,2008-2013,10,5,3,23,15*,11.5,21,109.52,0,0,0,1,2,M. A. Chidambaram Stadium
KP Pietersen,2010-2010,1,1,1,23,23*,-,14,164.28,0,0,0,2,1,M. A. Chidambaram Stadium
J Yadav,2019-2021,3,2,1,23,23,23,22,104.54,0,0,0,1,0,M. A. Chidambaram Stadium
AN Ahmed,2010-2012,3,2,2,22,18*,-,20,110,0,0,0,1,1,M. A. Chidambaram Stadium
JP Duminy,2011-2015,2,2,0,22,17,11,16,137.5,0,0,0,2,0,M. A. Chidambaram Stadium
JR Hopes,2008-2011,2,2,0,22,14,11,13,169.23,0,0,0,1,1,M. A. Chidambaram Stadium
JM Kemp,2010-2010,2,1,0,22,22,22,16,137.5,0,0,0,1,1,M. A. Chidambaram Stadium
R Sathish,2010-2013,3,3,1,22,18*,11,27,81.48,0,0,1,1,0,M. A. Chidambaram Stadium
Marco Jansen,2021-2025,4,4,2,21,17*,10.5,27,77.77,0,0,2,2,0,M. A. Chidambaram Stadium
Z Khan,2011-2012,4,2,1,21,21,21,21,100,0,0,0,2,0,M. A. Chidambaram Stadium
AB Agarkar,2008-2011,3,2,1,20,11,20,14,142.85,0,0,0,3,0,M. A. Chidambaram Stadium
ST Jayasuriya,2008-2008,1,1,0,20,20,20,11,181.81,0,0,0,4,0,M. A. Chidambaram Stadium
RR Sarwan,2008-2008,1,1,0,20,20,20,22,90.9,0,0,0,0,0,M. A. Chidambaram Stadium
Shahid Afridi,2008-2008,1,1,1,20,20*,-,6,333.33,0,0,0,2,2,M. A. Chidambaram Stadium
J Suchith,2015-2021,3,2,1,20,14*,20,21,95.23,0,0,0,2,1,M. A. Chidambaram Stadium
DE Bollinger,2010-2012,14,2,1,19,16*,19,19,100,0,0,0,1,1,M. A. Chidambaram Stadium
Y Gnaneswara Rao,2011-2011,1,1,0,19,19,19,17,111.76,0,0,0,3,0,M. A. Chidambaram Stadium
DJG Sammy,2013-2013,1,1,0,19,19,19,12,158.33,0,0,0,2,1,M. A. Chidambaram Stadium
Aniket Verma,2025-2025,1,1,0,19,19,19,19,100,0,0,0,0,2,M. A. Chidambaram Stadium
Azhar Mahmood,2012-2012,1,1,0,18,18,18,12,150,0,0,0,0,2,M. A. Chidambaram Stadium
L Balaji,2008-2013,8,3,0,18,15,6,22,81.81,0,0,1,1,1,M. A. Chidambaram Stadium
Harry Brook,2023-2023,1,1,0,18,18,18,13,138.46,0,0,0,3,0,M. A. Chidambaram Stadium
MV Boucher,2008-2008,1,1,0,17,17,17,15,113.33,0,0,0,3,0,M. A. Chidambaram Stadium
B Chipli,2011-2011,1,1,0,17,17,17,15,113.33,0,0,0,0,0,M. A. Chidambaram Stadium
Naman Dhir,2025-2025,1,1,0,17,17,17,12,141.66,0,0,0,1,0,M. A. Chidambaram Stadium
SM Pollock,2008-2008,1,1,0,17,17,17,15,113.33,0,0,0,0,1,M. A. Chidambaram Stadium
MD Shanaka,2023-2023,1,1,0,17,17,17,16,106.25,0,0,0,1,1,M. A. Chidambaram Stadium
D Wiese,2015-2015,1,1,0,17,17,17,14,121.42,0,0,0,2,0,M. A. Chidambaram Stadium
UBT Chand,2013-2013,1,1,0,16,16,16,12,133.33,0,0,0,2,1,M. A. Chidambaram Stadium
JP Faulkner,2013-2015,2,1,0,16,16,16,13,123.07,0,0,0,2,0,M. A. Chidambaram Stadium
Joginder Sharma,2008-2008,4,2,1,16,16,16,10,160,0,0,0,1,1,M. A. Chidambaram Stadium
Mohammad Hafeez,2008-2008,1,1,0,16,16,16,24,66.66,0,0,0,1,0,M. A. Chidambaram Stadium
NL McCullum,2011-2011,1,1,0,15,15,15,16,93.75,0,0,0,0,0,M. A. Chidambaram Stadium
Virat Singh,2021-2021,3,2,0,15,11,7.5,26,57.69,0,0,0,1,0,M. A. Chidambaram Stadium
Rahul Chahar,2019-2024,9,3,0,14,8,4.66,13,107.69,0,0,1,1,0,M. A. Chidambaram Stadium
MC Henriques,2021-2021,2,1,0,14,14,14,17,82.35,0,0,0,0,0,M. A. Chidambaram Stadium
Mohammad Nabi,2021-2021,1,1,0,14,14,14,11,127.27,0,0,0,2,0,M. A. Chidambaram Stadium
AUK Pathan,2011-2011,1,1,0,14,14,14,5,280,0,0,0,2,1,M. A. Chidambaram Stadium
RE van der Merwe,2012-2013,2,1,0,14,14,14,16,87.5,0,0,0,1,0,M. A. Chidambaram Stadium
JJ van der Wath,2011-2011,1,1,1,14,14*,-,10,140,0,0,0,1,1,M. A. Chidambaram Stadium
LA Pomersbach,2011-2013,3,3,0,13,7,4.33,16,81.25,0,0,0,1,0,M. A. Chidambaram Stadium
Ramandeep Singh,2024-2025,3,1,0,13,13,13,12,108.33,0,0,0,0,1,M. A. Chidambaram Stadium
Ryan Rickelton,2025-2025,1,1,0,13,13,13,7,185.71,0,0,0,3,0,M. A. Chidambaram Stadium
Sikandar Raza,2023-2023,1,1,1,13,13*,-,7,185.71,0,0,0,1,0,M. A. Chidambaram Stadium
A Taide,2023-2023,1,1,0,13,13,13,17,76.47,0,0,0,0,0,M. A. Chidambaram Stadium
VVS Laxman,2010-2010,1,1,0,12,12,12,11,109.09,0,0,0,2,0,M. A. Chidambaram Stadium
Jason Roy,2023-2023,1,1,0,12,12,12,15,80,0,0,0,1,0,M. A. Chidambaram Stadium
Azmatullah Omarzai,2024-2025,2,1,0,11,11,11,10,110,0,0,0,1,0,M. A. Chidambaram Stadium
DB Das,2012-2013,2,1,1,11,11*,-,4,275,0,0,0,2,0,M. A. Chidambaram Stadium
Will Jacks,2025-2025,1,1,0,11,11,11,7,157.14,0,0,0,2,0,M. A. Chidambaram Stadium
A Mithun,2011-2011,2,1,0,11,11,11,8,137.5,0,0,0,2,0,M. A. Chidambaram Stadium
Shaik Rasheed,2025-2025,2,2,0,11,11,5.5,13,84.61,0,0,1,1,1,M. A. Chidambaram Stadium
Anureet Singh,2015-2015,1,1,0,10,10,10,20,50,0,0,0,0,0,M. A. Chidambaram Stadium
AC Blizzard,2011-2011,1,1,0,10,10,10,11,90.9,0,0,0,2,0,M. A. Chidambaram Stadium
SP Goswami,2008-2012,2,1,0,10,10,10,19,52.63,0,0,0,1,0,M. A. Chidambaram Stadium
T Kohler-Cadmore,2024-2024,1,1,0,10,10,10,16,62.5,0,0,0,1,0,M. A. Chidambaram Stadium
KK Nair,2015-2015,1,1,0,10,10,10,12,83.33,0,0,0,1,0,M. A. Chidambaram Stadium
Noor Ahmad,2023-2025,7,5,2,10,7*,3.33,19,52.63,0,0,1,1,0,M. A. Chidambaram Stadium
RV Patel,2023-2023,1,1,0,10,10,10,16,62.5,0,0,0,0,0,M. A. Chidambaram Stadium
TL Suman,2010-2013,2,1,1,10,10*,-,5,200,0,0,0,2,0,M. A. Chidambaram Stadium
X Thalaivan Sargunam,2013-2013,1,1,0,10,10,10,17,58.82,0,0,0,0,0,M. A. Chidambaram Stadium
Jaydev Unadkat,2019-2025,5,4,1,10,5,3.33,15,66.66,0,0,0,1,0,M. A. Chidambaram Stadium
MA Wood,2023-2023,1,1,1,10,10*,-,3,333.33,0,0,0,1,1,M. A. Chidambaram Stadium
M Ashwin,2019-2021,2,1,0,9,9,9,10,90,0,0,0,1,0,M. A. Chidambaram Stadium
MA Khote,2008-2008,1,1,0,9,9,9,5,180,0,0,0,0,1,M. A. Chidambaram Stadium
Bhuvneshwar Kumar,2012-2025,13,6,5,9,4*,9,14,64.28,0,0,0,0,0,M. A. Chidambaram Stadium
MD Mishra,2011-2011,1,1,0,9,9,9,9,100,0,0,0,1,0,M. A. Chidambaram Stadium
Rahul Tewatia,2023-2024,2,2,0,9,6,4.5,16,56.25,0,0,0,1,0,M. A. Chidambaram Stadium
CA Ingram,2011-2019,2,2,0,8,7,4,17,47.05,0,0,0,1,0,M. A. Chidambaram Stadium
AA Jhunjhunwala,2010-2012,2,2,1,8,7,8,5,160,0,0,0,0,1,M. A. Chidambaram Stadium
M Kartik,2008-2013,4,3,2,8,4*,8,8,100,0,0,0,0,0,M. A. Chidambaram Stadium
AB McDonald,2011-2011,1,1,0,8,8,8,7,114.28,0,0,0,0,0,M. A. Chidambaram Stadium
Mohammed Shami,2013-2025,6,2,0,8,5,4,8,100,0,0,0,1,0,M. A. Chidambaram Stadium
DH Yagnik,2011-2013,2,2,1,8,7,8,9,88.88,0,0,0,1,0,M. A. Chidambaram Stadium
Bipul Sharma,2012-2012,1,1,0,7,7,7,5,140,0,0,0,1,0,M. A. Chidambaram Stadium
S Kaul,2013-2021,3,1,1,7,7*,-,9,77.77,0,0,0,0,0,M. A. Chidambaram Stadium
SL Malinga,2010-2019,5,1,0,7,7,7,5,140,0,0,0,0,1,M. A. Chidambaram Stadium
MR Marsh,2013-2023,2,2,0,7,5,3.5,8,87.5,0,0,0,1,0,M. A. Chidambaram Stadium
B Akhil,2008-2008,1,1,1,6,6*,-,7,85.71,0,0,0,1,0,M. A. Chidambaram Stadium
FA Allen,2021-2021,2,1,0,6,6,6,11,54.54,0,0,0,0,0,M. A. Chidambaram Stadium
Jos Inglis,2025-2025,1,1,1,6,6*,-,6,100,0,0,0,1,0,M. A. Chidambaram Stadium
SB Jakati,2010-2012,23,1,1,6,6*,-,10,60,0,0,0,0,0,M. A. Chidambaram Stadium
RT Ponting,2008-2013,2,2,0,6,6,3,11,54.54,0,0,1,0,0,M. A. Chidambaram Stadium
Romen Powell,2024-2024,1,1,0,6,6,6,12,50,0,0,0,0,0,M. A. Chidambaram Stadium
N Saini,2012-2012,1,1,0,6,6,6,4,150,0,0,0,1,0,M. A. Chidambaram Stadium
R Vinay Kumar,2008-2018,7,2,1,6,6*,6,2,300,0,0,1,0,1,M. A. Chidambaram Stadium
KB Arun Karthik,2013-2013,1,1,1,5,5*,-,5,100,0,0,0,0,0,M. A. Chidambaram Stadium
NM Coulter-Nile,2015-2015,1,1,0,5,5,5,4,125,0,0,0,1,0,M. A. Chidambaram Stadium
Spencer Johnson,2024-2024,1,1,1,5,5*,-,5,100,0,0,0,1,0,M. A. Chidambaram Stadium
Anshul Kamboj,2025-2025,3,3,1,5,3*,2.5,8,62.5,0,0,1,0,0,M. A. Chidambaram Stadium
KMDN Kulasekara,2012-2012,3,1,1,5,5*,-,3,166.66,0,0,0,1,0,M. A. Chidambaram Stadium
JDP Oram,2008-2008,2,1,1,5,5*,-,2,250,0,0,0,1,0,M. A. Chidambaram Stadium
I Sharma,2008-2023,5,2,2,5,4*,-,4,125,0,0,0,0,0,M. A. Chidambaram Stadium
DR Shorey,2019-2019,1,1,0,5,5,5,8,62.5,0,0,0,0,0,M. A. Chidambaram Stadium
JJ Bumrah,2019-2021,7,3,2,4,3*,4,6,66.66,0,0,1,0,0,M. A. Chidambaram Stadium
Yuzvendra Chahal,2015-2025,9,2,1,4,4,4,12,33.33,0,0,0,0,0,M. A. Chidambaram Stadium
C de Grandhomme,2019-2019,1,1,0,4,4,4,6,66.66,0,0,0,1,0,M. A. Chidambaram Stadium
FY Fazal,2010-2010,1,1,0,4,4,4,5,80,0,0,0,0,0,M. A. Chidambaram Stadium
CM Gautam,2015-2015,1,1,0,4,4,4,5,80,0,0,0,0,0,M. A. Chidambaram Stadium
JO Holder,2013-2023,5,2,0,4,4,2,6,66.66,0,0,1,0,0,M. A. Chidambaram Stadium
CJ Jordan,2023-2023,1,1,0,4,4,4,7,57.14,0,0,0,0,0,M. A. Chidambaram Stadium
NJ Maddinson,2015-2015,1,1,0,4,4,4,7,57.14,0,0,0,1,0,M. A. Chidambaram Stadium
Misbah-ul-Haq,2008-2008,1,1,0,4,4,4,6,66.66,0,0,0,0,0,M. A. Chidambaram Stadium
HV Patel,2015-2025,6,3,2,4,4*,4,4,100,0,0,1,0,0,M. A. Chidambaram Stadium
BJ Rohrer,2013-2013,1,1,0,4,4,4,5,80,0,0,0,0,0,M. A. Chidambaram Stadium
Karn Sharma,2013-2024,3,1,0,4,4,4,6,66.66,0,0,0,0,0,M. A. Chidambaram Stadium
Trent Boult,2015-2025,10,5,4,3,1*,3,7,42.85,0,0,0,0,0,M. A. Chidambaram Stadium
Iqbal Abdulla,2010-2015,5,3,2,3,3*,3,7,42.85,0,0,1,0,0,M. A. Chidambaram Stadium
T Kohli,2008-2008,1,1,0,3,3,3,3,100,0,0,0,0,0,M. A. Chidambaram Stadium
PN Mankad,2023-2023,1,1,0,3,3,3,6,50,0,0,0,0,0,M. A. Chidambaram Stadium
Robin Minz,2025-2025,1,1,0,3,3,3,9,33.33,0,0,0,0,0,M. A. Chidambaram Stadium
Ravi Bishnoi,2021-2024,4,1,0,3,3,3,6,50,0,0,0,0,0,M. A. Chidambaram Stadium
Ankul Roy,2019-2024,2,1,1,3,3*,-,3,100,0,0,0,0,0,M. A. Chidambaram Stadium
S Tyagi,2010-2010,3,1,1,3,3*,-,4,75,0,0,0,0,0,M. A. Chidambaram Stadium
DL Vettori,2011-2012,4,3,1,3,2*,1.5,4,75,0,0,1,0,0,M. A. Chidambaram Stadium
KK Ahmed,2019-2025,11,3,2,2,1*,2,4,50,0,0,0,0,0,M. A. Chidambaram Stadium
Aman Hakim Khan,2023-2023,1,1,1,2,2*,-,3,66.66,0,0,0,0,0,M. A. Chidambaram Stadium
TK Curran,2018-2018,1,1,1,2,2*,-,5,40,0,0,0,0,0,M. A. Chidambaram Stadium
GB Hogg,2012-2015,2,1,1,2,2*,-,1,200,0,0,0,0,0,M. A. Chidambaram Stadium
Imran Tahir,2015-2019,10,2,1,2,2,2,2,100,0,0,0,0,0,M. A. Chidambaram Stadium
Karanveer Singh,2015-2015,1,1,1,2,2*,-,5,40,0,0,0,0,0,M. A. Chidambaram Stadium
A Kumble,2008-2010,2,1,1,2,2*,-,1,200,0,0,0,0,0,M. A. Chidambaram Stadium
Parvez Rasool,2015-2015,1,1,1,2,2*,-,2,100,0,0,0,0,0,M. A. Chidambaram Stadium
RR Powar,2010-2010,1,1,1,2,2*,-,1,200,0,0,0,0,0,M. A. Chidambaram Stadium
CA Pujara,2011-2012,2,2,0,2,2,1,5,40,0,0,1,0,0,M. A. Chidambaram Stadium
AS Rajpoot,2013-2013,1,1,1,2,2*,-,6,33.33,0,0,0,0,0,M. A. Chidambaram Stadium
AS Raut,2010-2010,1,1,1,2,2*,-,4,50,0,0,0,0,0,M. A. Chidambaram Stadium
L Ronchi,2008-2008,1,1,0,2,2,2,3,66.66,0,0,0,0,0,M. A. Chidambaram Stadium
SE Rutherford,2019-2019,1,1,0,2,2,2,4,50,0,0,0,0,0,M. A. Chidambaram Stadium
NA Saini,2019-2019,1,1,0,2,2,2,3,66.66,0,0,0,0,0,M. A. Chidambaram Stadium
Mohit Sharma,2013-2025,16,2,1,2,2*,2,1,200,0,0,1,0,0,M. A. Chidambaram Stadium
J Syed Mohammad,2011-2013,3,1,1,2,2*,-,2,100,0,0,0,0,0,M. A. Chidambaram Stadium
JE Taylor,2011-2011,1,1,0,2,2,2,1,200,0,0,0,0,0,M. A. Chidambaram Stadium
Varun Chakaravarthy,2021-2025,7,1,1,2,2*,-,3,66.66,0,0,0,0,0,M. A. Chidambaram Stadium
GH Vihari,2013-2013,1,1,0,2,2,2,3,66.66,0,0,0,0,0,M. A. Chidambaram Stadium
Vaibhav Arora,2023-2025,4,1,1,1,1*,-,1,100,0,0,0,0,0,M. A. Chidambaram Stadium
Arshad Khan,2023-2023,1,1,0,1,1,1,2,50,0,0,0,0,0,M. A. Chidambaram Stadium
Arshdeep Singh,2021-2025,5,1,1,1,1*,-,2,50,0,0,0,0,0,M. A. Chidambaram Stadium
GJ Bailey,2015-2015,1,1,0,1,1,1,3,33.33,0,0,0,0,0,M. A. Chidambaram Stadium
TM Dilshan,2010-2011,2,2,0,1,1,0.5,3,33.33,0,0,1,0,0,M. A. Chidambaram Stadium
K Goel,2008-2008,1,1,0,1,1,1,7,14.28,0,0,0,0,0,M. A. Chidambaram Stadium
HF Gurney,2019-2019,1,1,1,1,1*,-,5,20,0,0,0,0,0,M. A. Chidambaram Stadium
MG Johnson,2013-2015,2,1,0,1,1,1,2,50,0,0,0,0,0,M. A. Chidambaram Stadium
R McLaren,2010-2010,1,1,0,1,1,1,3,33.33,0,0,0,0,0,M. A. Chidambaram Stadium
Mujeeb Ur Rahman,2021-2021,1,1,1,1,1*,-,1,100,0,0,0,0,0,M. A. Chidambaram Stadium
M Muralidaran,2008-2012,14,1,0,1,1,1,2,50,0,0,0,0,0,M. A. Chidambaram Stadium
Naveen-ul-Haq,2023-2023,1,1,1,1,1*,-,5,20,0,0,0,0,0,M. A. Chidambaram Stadium
A Nehra,2008-2015,11,3,2,1,1*,1,4,25,0,0,1,0,0,M. A. Chidambaram Stadium
Vipraj Nigam,2025-2025,1,1,1,1,1*,-,2,50,0,0,0,0,0,M. A. Chidambaram Stadium
Satyanarayana Raju,2025-2025,1,1,1,1,1*,-,1,100,0,0,0,0,0,M. A. Chidambaram Stadium
Sandeep Sharma,2015-2024,6,1,1,1,1*,-,4,25,0,0,0,0,0,M. A. Chidambaram Stadium
Abishek Sharma,2024-2025,2,1,0,1,1,1,1,100,0,0,0,0,0,M. A. Chidambaram Stadium
R Sharma,2011-2013,3,1,0,1,1,1,1,100,0,0,0,0,0,M. A. Chidambaram Stadium
Mitchell Starc,2015-2025,4,2,0,1,1,0.5,10,10,0,0,1,0,0,M. A. Chidambaram Stadium
Suryansh Shedge,2025-2025,1,1,0,1,1,1,3,33.33,0,0,0,0,0,M. A. Chidambaram Stadium
PV Tambe,2015-2015,1,1,1,1,1*,-,1,100,0,0,0,0,0,M. A. Chidambaram Stadium
AC Thomas,2011-2011,1,1,1,1,1*,-,2,50,0,0,0,0,0,M. A. Chidambaram Stadium
Adam Zampa,2023-2023,1,1,0,1,1,1,1,100,0,0,0,0,0,M. A. Chidambaram Stadium
VR Aaron,2011-2012,3,1,0,0,0,0,2,0,0,0,1,0,0,M. A. Chidambaram Stadium
Ankit Sharma,2012-2015,2,1,0,0,0,0,1,0,0,0,1,0,0,M. A. Chidambaram Stadium
Anmolpreet Singh,2024-2024,1,1,0,0,0,0,1,0,0,0,1,0,0,M. A. Chidambaram Stadium
P Awana,2012-2013,2,1,1,0,0*,-,0,-,0,0,0,0,0,M. A. Chidambaram Stadium
R Bhatia,2008-2015,6,2,1,0,0*,0,2,0,0,0,1,0,0,M. A. Chidambaram Stadium
RR Bhatkal,2012-2012,1,1,0,0,0,0,2,0,0,0,1,0,0,M. A. Chidambaram Stadium
TU Deshpande,2023-2024,14,1,1,0,0*,-,1,0,0,0,0,0,0,M. A. Chidambaram Stadium
AB Dinda,2008-2013,3,1,1,0,0*,-,0,-,0,0,0,0,0,M. A. Chidambaram Stadium
SB Dubey,2024-2024,1,1,0,0,0,0,1,0,0,0,1,0,0,M. A. Chidambaram Stadium
Jack Fraser-McGurk,2025-2025,1,1,0,0,0,0,5,0,0,0,1,0,0,M. A. Chidambaram Stadium
C Ganapathy,2010-2010,1,1,1,0,0*,-,0,-,0,0,0,0,0,M. A. Chidambaram Stadium
S Gopal,2019-2019,1,1,0,0,0,0,3,0,0,0,1,0,0,M. A. Chidambaram Stadium
Sunny Gupta,2012-2012,1,1,0,0,0,0,1,0,0,0,1,0,0,M. A. Chidambaram Stadium
Gurkeerat Singh,2013-2013,1,1,0,0,0,0,1,0,0,0,1,0,0,M. A. Chidambaram Stadium
U Kaul,2008-2008,1,1,1,0,0*,-,1,0,0,0,0,0,0,M. A. Chidambaram Stadium
Kuldeep Yadav,2018-2025,4,2,1,0,0*,0,2,0,0,0,1,0,0,M. A. Chidambaram Stadium
B Laughlin,2013-2013,1,1,0,0,0,0,1,0,0,0,1,0,0,M. A. Chidambaram Stadium
Mohammed Siraj,2019-2024,5,2,2,0,0*,-,2,0,0,0,0,0,0,M. A. Chidambaram Stadium
Mohsin Khan,2023-2024,2,1,0,0,0,0,7,0,0,0,1,0,0,M. A. Chidambaram Stadium
A Mukund,2008-2008,1,1,0,0,0,0,1,0,0,0,1,0,0,M. A. Chidambaram Stadium
DJ Muthuswami,2015-2015,1,1,1,0,0*,-,0,-,0,0,0,0,0,M. A. Chidambaram Stadium
S Nadeem,2011-2021,2,1,0,0,0,0,1,0,0,0,1,0,0,M. A. Chidambaram Stadium
DG Nalkande,2023-2023,1,1,0,0,0,0,1,0,0,0,1,0,0,M. A. Chidambaram Stadium
DP Nannes,2010-2013,5,1,1,0,0*,-,0,-,0,0,0,0,0,M. A. Chidambaram Stadium
T Natarajan,2021-2024,5,1,1,0,0*,-,0,-,0,0,0,0,0,M. A. Chidambaram Stadium
M Ntini,2008-2008,4,1,1,0,0*,-,6,0,0,0,0,0,0,M. A. Chidambaram Stadium
Prasidh Krishna,2019-2021,4,1,0,0,0,0,2,0,0,0,1,0,0,M. A. Chidambaram Stadium
R Rampaul,2013-2013,1,1,0,0,0,0,4,0,0,0,1,0,0,M. A. Chidambaram Stadium
HR Shokeen,2023-2023,1,1,1,0,0*,-,1,0,0,0,0,0,0,M. A. Chidambaram Stadium
VRV Singh,2008-2008,1,1,0,0,0,0,1,0,0,0,1,0,0,M. A. Chidambaram Stadium
S Sreesanth,2008-2011,2,1,1,0,0*,-,0,-,0,0,0,0,0,M. A. Chidambaram Stadium
J Theron,2010-2010,1,1,0,0,0,0,1,0,0,0,1,0,0,M. A. Chidambaram Stadium
P Amarnath,2008-2008,3,-,-,-,-,-,-,-,-,-,-,-,-,M. A. Chidambaram Stadium
S Ladda,2011-2011,1,-,-,-,-,-,-,-,-,-,-,-,-,M. A. Chidambaram Stadium
Akash Singh,2023-2023,3,-,-,-,-,-,-,-,-,-,-,-,-,M. A. Chidambaram Stadium
Anirudh Singh,2010-2010,1,-,-,-,-,-,-,-,-,-,-,-,-,M. A. Chidambaram Stadium
S Aravind,2011-2011,2,-,-,-,-,-,-,-,-,-,-,-,-,M. A. Chidambaram Stadium
Avesh Khan,2021-2024,5,-,-,-,-,-,-,-,-,-,-,-,-,M. A. Chidambaram Stadium
SB Bangar,2008-2008,1,-,-,-,-,-,-,-,-,-,-,-,-,M. A. Chidambaram Stadium
JP Behrendorff,2023-2023,1,-,-,-,-,-,-,-,-,-,-,-,-,M. A. Chidambaram Stadium
BA Bhatt,2012-2012,1,-,-,-,-,-,-,-,-,-,-,-,-,M. A. Chidambaram Stadium
N Burger,2024-2024,1,-,-,-,-,-,-,-,-,-,-,-,-,M. A. Chidambaram Stadium
A Chandila,2013-2013,1,-,-,-,-,-,-,-,-,-,-,-,-,M. A. Chidambaram Stadium
PD Collingwood,2010-2010,1,-,-,-,-,-,-,-,-,-,-,-,-,M. A. Chidambaram Stadium
KK Cooper,2012-2013,2,-,-,-,-,-,-,-,-,-,-,-,-,M. A. Chidambaram Stadium
MJ Dagar,2023-2024,2,-,-,-,-,-,-,-,-,-,-,-,-,M. A. Chidambaram Stadium
M de Lange,2015-2015,1,-,-,-,-,-,-,-,-,-,-,-,-,M. A. Chidambaram Stadium
ND Doshi,2011-2011,1,-,-,-,-,-,-,-,-,-,-,-,-,M. A. Chidambaram Stadium
Nathan Ellis,2025-2025,1,-,-,-,-,-,-,-,-,-,-,-,-,M. A. Chidambaram Stadium
RJ Gleeson,2024-2024,1,-,-,-,-,-,-,-,-,-,-,-,-,M. A. Chidambaram Stadium
R Goyal,2023-2023,1,-,-,-,-,-,-,-,-,-,-,-,-,M. A. Chidambaram Stadium
RS Hangargekar,2023-2023,1,-,-,-,-,-,-,-,-,-,-,-,-,M. A. Chidambaram Stadium
Harmeet Singh,2011-2011,1,-,-,-,-,-,-,-,-,-,-,-,-,M. A. Chidambaram Stadium
Harpreet Brar,2023-2025,3,-,-,-,-,-,-,-,-,-,-,-,-,M. A. Chidambaram Stadium
Harshit Rana,2023-2025,3,-,-,-,-,-,-,-,-,-,-,-,-,M. A. Chidambaram Stadium
Josh Hazlewood,2025-2025,1,-,-,-,-,-,-,-,-,-,-,-,-,M. A. Chidambaram Stadium
MJ Henry,2024-2024,1,-,-,-,-,-,-,-,-,-,-,-,-,M. A. Chidambaram Stadium
BW Hilfenhaus,2012-2012,4,-,-,-,-,-,-,-,-,-,-,-,-,M. A. Chidambaram Stadium
Jaskaran Singh,2010-2010,1,-,-,-,-,-,-,-,-,-,-,-,-,M. A. Chidambaram Stadium
AS Joseph,2024-2024,1,-,-,-,-,-,-,-,-,-,-,-,-,M. A. Chidambaram Stadium
S Randiv,2011-2011,5,-,-,-,-,-,-,-,-,-,-,-,-,M. A. Chidambaram Stadium
CK Kapugedera,2008-2008,1,-,-,-,-,-,-,-,-,-,-,-,-,M. A. Chidambaram Stadium
SC Kuggeleijn,2019-2019,2,-,-,-,-,-,-,-,-,-,-,-,-,M. A. Chidambaram Stadium
DS Kulkarni,2008-2019,2,-,-,-,-,-,-,-,-,-,-,-,-,M. A. Chidambaram Stadium
B Lee,2012-2012,2,-,-,-,-,-,-,-,-,-,-,-,-,M. A. Chidambaram Stadium
MJ McClenaghan,2015-2015,1,-,-,-,-,-,-,-,-,-,-,-,-,M. A. Chidambaram Stadium
GD McGrath,2008-2008,1,-,-,-,-,-,-,-,-,-,-,-,-,M. A. Chidambaram Stadium
SSB Magala,2023-2023,1,-,-,-,-,-,-,-,-,-,-,-,-,M. A. Chidambaram Stadium
VY Mahesh,2008-2012,2,-,-,-,-,-,-,-,-,-,-,-,-,M. A. Chidambaram Stadium
A Madhwal,2023-2023,2,-,-,-,-,-,-,-,-,-,-,-,-,M. A. Chidambaram Stadium
M Markande,2023-2023,1,-,-,-,-,-,-,-,-,-,-,-,-,M. A. Chidambaram Stadium
AF Milne,2021-2021,1,-,-,-,-,-,-,-,-,-,-,-,-,M. A. Chidambaram Stadium
Mohammad Asif,2008-2008,1,-,-,-,-,-,-,-,-,-,-,-,-,M. A. Chidambaram Stadium
M Morkel,2012-2012,1,-,-,-,-,-,-,-,-,-,-,-,-,M. A. Chidambaram Stadium
Mukesh Choudhary,2025-2025,1,-,-,-,-,-,-,-,-,-,-,-,-,M. A. Chidambaram Stadium
Mukesh Kumar,2025-2025,1,-,-,-,-,-,-,-,-,-,-,-,-,M. A. Chidambaram Stadium
Mustafizur Rahman,2024-2024,6,-,-,-,-,-,-,-,-,-,-,-,-,M. A. Chidambaram Stadium
S Narwal,2010-2010,1,-,-,-,-,-,-,-,-,-,-,-,-,M. A. Chidambaram Stadium
R Ninan,2011-2011,1,-,-,-,-,-,-,-,-,-,-,-,-,M. A. Chidambaram Stadium
PP Ojha,2008-2013,5,-,-,-,-,-,-,-,-,-,-,-,-,M. A. Chidambaram Stadium
IC Pandey,2015-2015,5,-,-,-,-,-,-,-,-,-,-,-,-,M. A. Chidambaram Stadium
Pankaj Singh,2008-2008,1,-,-,-,-,-,-,-,-,-,-,-,-,M. A. Chidambaram Stadium
MM Patel,2008-2013,3,-,-,-,-,-,-,-,-,-,-,-,-,M. A. Chidambaram Stadium
Matheesha Pathirana,2023-2025,13,-,-,-,-,-,-,-,-,-,-,-,-,M. A. Chidambaram Stadium
V Pratap Singh,2012-2012,1,-,-,-,-,-,-,-,-,-,-,-,-,M. A. Chidambaram Stadium
Vignesh Puthur,2025-2025,1,-,-,-,-,-,-,-,-,-,-,-,-,M. A. Chidambaram Stadium
Kagiso Rabada,2021-2024,4,-,-,-,-,-,-,-,-,-,-,-,-,M. A. Chidambaram Stadium
Sai Kishore,2024-2024,1,-,-,-,-,-,-,-,-,-,-,-,-,M. A. Chidambaram Stadium
D Salunkhe,2008-2008,1,-,-,-,-,-,-,-,-,-,-,-,-,M. A. Chidambaram Stadium
PJ Sangwan,2008-2008,1,-,-,-,-,-,-,-,-,-,-,-,-,M. A. Chidambaram Stadium
KR Sen,2023-2023,1,-,-,-,-,-,-,-,-,-,-,-,-,M. A. Chidambaram Stadium
Shoaib Malik,2008-2008,1,-,-,-,-,-,-,-,-,-,-,-,-,M. A. Chidambaram Stadium
R Shukla,2013-2013,1,-,-,-,-,-,-,-,-,-,-,-,-,M. A. Chidambaram Stadium
Simarjeet Singh,2024-2024,1,-,-,-,-,-,-,-,-,-,-,-,-,M. A. Chidambaram Stadium
RP Singh,2008-2013,4,-,-,-,-,-,-,-,-,-,-,-,-,M. A. Chidambaram Stadium
A Singh,2012-2012,1,-,-,-,-,-,-,-,-,-,-,-,-,M. A. Chidambaram Stadium
Sohail Tanvir,2008-2008,1,-,-,-,-,-,-,-,-,-,-,-,-,M. A. Chidambaram Stadium
TG Southee,2011-2011,2,-,-,-,-,-,-,-,-,-,-,-,-,M. A. Chidambaram Stadium
SJ Srivastava,2010-2010,1,-,-,-,-,-,-,-,-,-,-,-,-,M. A. Chidambaram Stadium
DW Steyn,2008-2013,4,-,-,-,-,-,-,-,-,-,-,-,-,M. A. Chidambaram Stadium
Suyash Sharma,2023-2025,2,-,-,-,-,-,-,-,-,-,-,-,-,M. A. Chidambaram Stadium
SW Tait,2010-2010,1,-,-,-,-,-,-,-,-,-,-,-,-,M. A. Chidambaram Stadium
Shardul Thakur,2018-2024,9,-,-,-,-,-,-,-,-,-,-,-,-,M. A. Chidambaram Stadium
Yash Thakur,2023-2024,3,-,-,-,-,-,-,-,-,-,-,-,-,M. A. Chidambaram Stadium
Maheesh Theekshana,2023-2024,10,-,-,-,-,-,-,-,-,-,-,-,-,M. A. Chidambaram Stadium
T Thushara,2010-2010,2,-,-,-,-,-,-,-,-,-,-,-,-,M. A. Chidambaram Stadium
SK Trivedi,2011-2013,3,-,-,-,-,-,-,-,-,-,-,-,-,M. A. Chidambaram Stadium
AJ Tye,2019-2019,1,-,-,-,-,-,-,-,-,-,-,-,-,M. A. Chidambaram Stadium
Umran Malik,2023-2023,1,-,-,-,-,-,-,-,-,-,-,-,-,M. A. Chidambaram Stadium
WPUJC Vaas,2010-2010,1,-,-,-,-,-,-,-,-,-,-,-,-,M. A. Chidambaram Stadium
DP Vijaykumar,2008-2008,1,-,-,-,-,-,-,-,-,-,-,-,-,M. A. Chidambaram Stadium
SB Wagh,2010-2010,1,-,-,-,-,-,-,-,-,-,-,-,-,M. A. Chidambaram Stadium
SK Warne,2008-2011,3,-,-,-,-,-,-,-,-,-,-,-,-,M. A. Chidambaram Stadium
AS Yadav,2008-2008,1,-,-,-,-,-,-,-,-,-,-,-,-,M. A. Chidambaram Stadium
Yash Dayal,2024-2025,2,-,-,-,-,-,-,-,-,-,-,-,-,M. A. Chidambaram Stadium
VS Yeligati,2008-2008,1,-,-,-,-,-,-,-,-,-,-,-,-,M. A. Chidambaram Stadium
Zeeshan Ansari,2025-2025,1,-,-,-,-,-,-,-,-,-,-,-,-,M. A. Chidambaram Stadium
,,,,,,,,,,,,,,,
Virat Kohli,2008-2025,92,90,11,3140,113,39.74,2197,142.92,4,23,5,287,132,M. Chinnaswamy Stadium
AB de Villiers,2008-2019,60,58,13,1960,129*,43.55,1216,161.18,1,15,2,155,118,M. Chinnaswamy Stadium
Chris Gayle,2010-2019,44,44,6,1561,175*,41.07,976,159.93,3,8,3,121,127,M. Chinnaswamy Stadium
Faf du Plessis,2014-2025,18,18,3,653,79*,43.53,409,159.65,0,8,0,63,35,M. Chinnaswamy Stadium
Dinesh Karthik,2008-2024,33,30,3,505,83,18.7,340,148.52,0,2,4,41,24,M. Chinnaswamy Stadium
MS Dhoni,2008-2024,12,12,6,489,84*,81.5,270,181.11,0,5,0,38,33,M. Chinnaswamy Stadium
KL Rahul,2013-2025,18,15,4,475,93*,43.18,330,143.93,0,3,1,40,22,M. Chinnaswamy Stadium
Quinton de Kock,2014-2024,11,11,0,465,108,42.27,318,146.22,1,3,0,52,19,M. Chinnaswamy Stadium
Mandeep Singh,2012-2019,22,19,4,413,52,27.53,299,138.12,0,1,3,38,15,M. Chinnaswamy Stadium
Manish Pandey,2008-2023,15,13,3,402,94,40.2,313,128.43,0,3,0,39,14,M. Chinnaswamy Stadium
Robin Uthappa,2008-2019,18,17,4,401,69,30.84,261,153.63,0,4,1,39,22,M. Chinnaswamy Stadium
Ambati Rayudu,2010-2023,11,11,2,394,82,43.77,303,130.03,0,3,1,29,20,M. Chinnaswamy Stadium
JH Kallis,2008-2013,16,16,2,388,89*,27.71,317,122.39,0,2,1,47,10,M. Chinnaswamy Stadium
Glen Maxwell,2012-2024,18,18,1,354,77,20.82,207,171.01,0,3,2,23,28,M. Chinnaswamy Stadium
Ajinkya Rahane,2012-2024,9,8,1,351,103*,50.14,230,152.6,1,1,0,42,12,M. Chinnaswamy Stadium
David Warner,2010-2024,9,9,0,350,69,38.88,216,162.03,0,4,0,34,19,M. Chinnaswamy Stadium
Yuvraj Singh,2008-2019,14,14,1,345,83,26.53,220,156.81,0,2,0,23,26,M. Chinnaswamy Stadium
TM Dilshan,2008-2013,11,11,2,326,71,36.22,299,109.03,0,3,1,40,6,M. Chinnaswamy Stadium
BB McCullum,2008-2018,11,11,1,323,158*,32.3,212,152.35,1,0,1,30,19,M. Chinnaswamy Stadium
PA Patel,2008-2019,21,20,1,308,53,16.21,261,118,0,1,1,37,8,M. Chinnaswamy Stadium
G Gambhir,2008-2018,11,11,1,302,64,30.2,239,126.35,0,2,0,36,5,M. Chinnaswamy Stadium
S Dhawan,2008-2024,10,10,3,286,73*,40.85,243,117.69,0,2,1,29,8,M. Chinnaswamy Stadium
R Dravid,2008-2013,16,14,0,283,66,20.21,248,114.11,0,2,2,30,6,M. Chinnaswamy Stadium
Kedar Jadhav,2010-2019,13,13,4,283,69,31.44,192,147.39,0,2,1,25,11,M. Chinnaswamy Stadium
Shane Watson,2008-2019,17,17,2,271,61*,18.06,203,133.49,0,1,1,28,14,M. Chinnaswamy Stadium
MA Agarwal,2011-2019,15,14,1,270,64*,20.76,188,143.61,0,1,1,25,17,M. Chinnaswamy Stadium
WP Saha,2008-2024,11,10,1,258,115*,28.66,195,132.3,1,0,0,24,12,M. Chinnaswamy Stadium
SS Tiwary,2010-2016,18,15,6,243,52,27,215,113.02,0,1,0,21,8,M. Chinnaswamy Stadium
Rohit Sharma,2008-2023,13,12,0,235,57,19.58,193,121.76,0,1,2,23,9,M. Chinnaswamy Stadium
Kiren Pollard,2010-2019,11,10,4,230,70,38.33,154,149.35,0,2,0,16,14,M. Chinnaswamy Stadium
YK Pathan,2008-2019,11,11,3,221,60*,27.62,147,150.34,0,1,1,17,14,M. Chinnaswamy Stadium
Rajat Patidar,2024-2025,11,11,0,215,52,19.54,162,132.71,0,1,0,12,13,M. Chinnaswamy Stadium
Marcus Stoinis,2018-2025,9,9,3,210,65,35,134,156.71,0,1,1,12,15,M. Chinnaswamy Stadium
DR Smith,2008-2016,7,6,0,197,73,32.83,120,164.16,0,1,0,19,12,M. Chinnaswamy Stadium
Axar Patel,2014-2025,10,9,3,192,57,32,118,162.71,0,1,0,20,8,M. Chinnaswamy Stadium
JP Duminy,2010-2018,5,5,3,187,67*,93.5,126,148.41,0,1,0,14,9,M. Chinnaswamy Stadium
Syres Iyer,2015-2025,6,6,1,185,67,37,137,135.03,0,2,1,15,8,M. Chinnaswamy Stadium
Travis Head,2016-2024,4,4,2,183,102,91.5,98,186.73,1,1,1,12,13,M. Chinnaswamy Stadium
CA Lynn,2016-2019,6,6,1,180,62*,36,127,141.73,0,2,0,16,9,M. Chinnaswamy Stadium
Kane Williamson,2015-2019,4,4,1,180,81,60,120,150,0,2,0,14,10,M. Chinnaswamy Stadium
Sanju Samson,2014-2023,6,6,1,177,92*,35.4,107,165.42,0,1,0,8,15,M. Chinnaswamy Stadium
AJ Finch,2012-2018,7,7,0,169,72,24.14,126,134.12,0,1,1,17,8,M. Chinnaswamy Stadium
Suresh Raina,2008-2019,11,11,1,167,62,16.7,131,127.48,0,1,3,14,10,M. Chinnaswamy Stadium
Rishabh Pant,2017-2019,3,3,0,160,85,53.33,98,163.26,0,2,0,11,11,M. Chinnaswamy Stadium
Moen Ali,2018-2023,7,7,2,159,65,31.8,91,174.72,0,1,0,10,12,M. Chinnaswamy Stadium
MS Bisla,2010-2015,5,5,0,159,75,31.8,115,138.26,0,1,0,15,8,M. Chinnaswamy Stadium
Manipal Lomror,2019-2024,12,10,2,151,34,18.87,91,165.93,0,0,1,7,12,M. Chinnaswamy Stadium
Sunil Narine,2013-2024,10,7,2,151,54,30.2,81,186.41,0,1,0,13,11,M. Chinnaswamy Stadium
Nicolas Pooran,2019-2024,3,3,1,148,62,74,68,217.64,0,1,0,6,17,M. Chinnaswamy Stadium
Nithish Rana,2016-2025,6,6,1,148,48,29.6,103,143.68,0,0,0,10,8,M. Chinnaswamy Stadium
Sachin Tendulkar,2008-2013,6,6,2,148,55*,37,138,107.24,0,1,1,20,1,M. Chinnaswamy Stadium
Tim David,2023-2025,5,5,2,146,50*,48.66,86,169.76,0,1,0,12,10,M. Chinnaswamy Stadium
Karun Nair,2013-2018,5,5,1,143,56,35.75,113,126.54,0,2,1,18,1,M. Chinnaswamy Stadium
CL White,2008-2013,8,7,1,143,52,23.83,94,152.12,0,1,1,8,9,M. Chinnaswamy Stadium
M Vohra,2013-2018,7,6,0,141,67,23.5,120,117.5,0,1,1,9,7,M. Chinnaswamy Stadium
David Miller,2013-2024,8,8,1,139,66,19.85,102,136.27,0,1,0,15,5,M. Chinnaswamy Stadium
Steven Smith,2015-2024,6,5,1,133,48*,33.25,57,233.33,0,0,1,7,14,M. Chinnaswamy Stadium
SPD Smith,2012-2019,5,4,1,132,48*,44,90,146.66,0,0,0,13,5,M. Chinnaswamy Stadium
Ravindra Jadeja,2008-2024,13,11,2,131,42*,14.55,113,115.92,0,0,0,9,5,M. Chinnaswamy Stadium
Krunal Pandya,2016-2025,11,9,3,130,45*,21.66,108,120.37,0,0,1,14,2,M. Chinnaswamy Stadium
Shubman Gill,2018-2025,5,5,3,128,104*,64,78,164.1,1,0,0,7,9,M. Chinnaswamy Stadium
Jos Buttler,2016-2025,5,5,2,127,73*,42.33,71,178.87,0,1,1,8,10,M. Chinnaswamy Stadium
Adam Gilchrist,2008-2013,4,4,1,127,85*,42.33,85,149.41,0,1,1,15,5,M. Chinnaswamy Stadium
SN Khan,2015-2018,9,7,4,125,45*,41.66,56,223.21,0,0,1,15,5,M. Chinnaswamy Stadium
C de Grandhomme,2017-2019,8,8,3,121,40,24.2,80,151.25,0,0,1,3,10,M. Chinnaswamy Stadium
Cameron Green,2023-2024,7,7,2,121,38*,24.2,82,147.56,0,0,0,10,7,M. Chinnaswamy Stadium
V Sehwag,2008-2014,6,6,0,121,47,20.16,88,137.5,0,0,1,21,1,M. Chinnaswamy Stadium
LRPL Taylor,2008-2010,5,5,1,121,53,30.25,73,165.75,0,1,0,10,7,M. Chinnaswamy Stadium
STR Binny,2013-2019,14,8,1,120,33,17.14,78,153.84,0,0,0,10,6,M. Chinnaswamy Stadium
Devdutt Padikkal,2023-2025,5,5,0,113,52,22.6,83,136.14,0,2,0,12,4,M. Chinnaswamy Stadium
Vijay Shankar,2017-2024,5,4,0,112,53,28,77,145.45,0,1,0,11,6,M. Chinnaswamy Stadium
Phil Salt,2024-2025,5,5,0,111,37,22.2,77,144.15,0,0,0,12,6,M. Chinnaswamy Stadium
Suryakumar Yadav,2014-2023,8,7,2,108,38,21.6,87,124.13,0,0,0,11,2,M. Chinnaswamy Stadium
Hardik Pandya,2015-2023,6,4,3,107,50,107,66,162.12,0,1,0,7,7,M. Chinnaswamy Stadium
MEK Hussey,2008-2013,4,4,0,106,49,26.5,88,120.45,0,0,0,12,3,M. Chinnaswamy Stadium
D Wiese,2015-2023,8,6,4,106,47*,53,67,158.2,0,0,0,10,5,M. Chinnaswamy Stadium
P Negi,2016-2019,13,11,1,103,32,10.3,88,117.04,0,0,2,7,4,M. Chinnaswamy Stadium
W Jaffer,2008-2008,4,4,0,100,50,25,90,111.11,0,1,1,11,2,M. Chinnaswamy Stadium
Yashasvi Jaiswal,2023-2025,2,2,0,96,49,48,56,171.42,0,0,0,12,5,M. Chinnaswamy Stadium
R Vinay Kumar,2008-2013,24,10,3,95,25,13.57,89,106.74,0,0,0,5,2,M. Chinnaswamy Stadium
Shimron Hetmyer,2019-2025,4,4,0,94,75,23.5,70,134.28,0,1,0,5,6,M. Chinnaswamy Stadium
P Kumar,2008-2016,18,12,3,93,34,10.33,86,108.13,0,0,2,8,6,M. Chinnaswamy Stadium
Liam Livingstone,2019-2025,5,5,1,90,54,22.5,72,125,0,1,0,4,7,M. Chinnaswamy Stadium
Gurkeerat Singh,2016-2019,3,3,0,89,65,29.66,69,128.98,0,1,0,11,1,M. Chinnaswamy Stadium
Anuj Rawat,2023-2024,7,6,3,88,25*,29.33,89,98.87,0,0,0,8,1,M. Chinnaswamy Stadium
NV Ojha,2010-2017,7,6,0,87,33,14.5,79,110.12,0,0,1,7,3,M. Chinnaswamy Stadium
JD Ryder,2011-2012,2,2,0,85,51,42.5,56,151.78,0,1,0,8,3,M. Chinnaswamy Stadium
Jitesh Sharma,2024-2025,5,5,1,85,33,21.25,69,123.18,0,0,0,10,3,M. Chinnaswamy Stadium
Tilak Varma,2023-2023,1,1,1,84,84*,-,46,182.6,0,1,0,9,4,M. Chinnaswamy Stadium
Dewon Conway,2023-2023,1,1,0,83,83,83,45,184.44,0,1,0,6,6,M. Chinnaswamy Stadium
DJ Bravo,2011-2019,8,8,2,82,33*,13.66,51,160.78,0,0,0,7,4,M. Chinnaswamy Stadium
Venkatesh Iyer,2023-2024,2,2,0,81,50,40.5,56,144.64,0,1,0,6,4,M. Chinnaswamy Stadium
Druv Jurel,2023-2025,2,2,1,81,47,81,50,162,0,0,0,5,5,M. Chinnaswamy Stadium
Ravichandran Ashwin,2010-2023,10,7,2,79,33,15.8,51,154.9,0,0,0,7,3,M. Chinnaswamy Stadium
SE Marsh,2008-2017,5,5,0,79,39,15.8,73,108.21,0,0,0,10,1,M. Chinnaswamy Stadium
S Badrinath,2008-2013,5,4,1,78,47,26,66,118.18,0,0,1,11,2,M. Chinnaswamy Stadium
TL Suman,2010-2010,1,1,1,78,78*,-,57,136.84,0,1,0,6,3,M. Chinnaswamy Stadium
RS Bopara,2010-2015,2,1,0,77,77,77,50,154,0,1,0,9,2,M. Chinnaswamy Stadium
DPMD Jayawardene,2008-2013,4,4,2,74,28,37,73,101.36,0,0,0,7,1,M. Chinnaswamy Stadium
Henrich Klaasen,2019-2024,2,2,0,73,67,36.5,38,192.1,0,1,0,2,7,M. Chinnaswamy Stadium
SP Goswami,2008-2018,4,2,0,72,52,36,66,109.09,0,1,0,8,1,M. Chinnaswamy Stadium
MK Tiwary,2010-2017,5,5,1,71,27,17.75,58,122.41,0,0,1,6,2,M. Chinnaswamy Stadium
R McLaren,2010-2013,3,3,0,70,40,23.33,77,90.9,0,0,0,5,0,M. Chinnaswamy Stadium
Shivam Dube,2019-2024,3,3,1,68,52,34,47,144.68,0,1,0,2,6,M. Chinnaswamy Stadium
IK Pathan,2008-2014,5,5,4,67,24,67,43,155.81,0,0,0,6,3,M. Chinnaswamy Stadium
Azhar Mahmood,2012-2013,2,2,0,63,61,31.5,45,140,0,1,0,8,1,M. Chinnaswamy Stadium
MV Boucher,2008-2011,10,8,2,63,18,10.5,66,95.45,0,0,0,6,1,M. Chinnaswamy Stadium
Iqbal Abdulla,2011-2017,6,4,3,62,33*,62,49,126.53,0,0,0,8,1,M. Chinnaswamy Stadium
LMP Simmons,2015-2017,2,2,0,62,59,31,50,124,0,1,0,9,2,M. Chinnaswamy Stadium
Rachin Ravindra,2024-2024,1,1,0,61,61,61,37,164.86,0,1,0,5,3,M. Chinnaswamy Stadium
Jason Roy,2018-2023,2,2,0,61,56,30.5,45,135.55,0,1,0,4,5,M. Chinnaswamy Stadium
Murali Vijay,2010-2016,7,7,0,61,32,8.71,57,107.01,0,0,0,5,3,M. Chinnaswamy Stadium
OA Shah,2012-2012,1,1,0,60,60,60,26,230.76,0,1,0,5,5,M. Chinnaswamy Stadium
Sachin Baby,2016-2016,7,4,2,59,25*,29.5,34,173.52,0,0,1,5,4,M. Chinnaswamy Stadium
UBT Chand,2015-2015,1,1,0,58,58,58,37,156.75,0,1,0,8,2,M. Chinnaswamy Stadium
Misbah-ul-Haq,2008-2008,4,4,1,58,47*,19.33,38,152.63,0,0,1,3,4,M. Chinnaswamy Stadium
Washington Sundar,2018-2019,7,5,2,58,35,19.33,31,187.09,0,0,1,4,4,M. Chinnaswamy Stadium
DJ Hussey,2008-2014,3,2,0,57,45,28.5,41,139.02,0,0,0,3,4,M. Chinnaswamy Stadium
AB McDonald,2010-2013,4,4,1,57,30,19,43,132.55,0,0,1,6,3,M. Chinnaswamy Stadium
Sai Sudharsan,2024-2025,2,2,0,55,49,27.5,50,110,0,0,0,7,1,M. Chinnaswamy Stadium
ST Jayasuriya,2008-2008,1,1,0,54,54,54,37,145.94,0,1,0,4,4,M. Chinnaswamy Stadium
NLTC Perera,2013-2016,2,2,0,54,40,27,32,168.75,0,0,0,2,5,M. Chinnaswamy Stadium
KP Pietersen,2010-2014,2,2,0,54,33,27,45,120,0,0,0,3,2,M. Chinnaswamy Stadium
Nehal Wadhera,2023-2025,2,2,1,54,33*,54,32,168.75,0,0,0,4,5,M. Chinnaswamy Stadium
A Symonds,2010-2010,1,1,1,53,53*,-,24,220.83,0,1,0,5,3,M. Chinnaswamy Stadium
Rahul Tewatia,2014-2025,6,4,3,53,35,53,37,143.24,0,0,0,8,1,M. Chinnaswamy Stadium
VVS Laxman,2008-2008,1,1,0,52,52,52,44,118.18,0,1,0,7,0,M. Chinnaswamy Stadium
CA Pujara,2010-2013,6,4,0,52,19,13,49,106.12,0,0,0,4,3,M. Chinnaswamy Stadium
BCJ Cutting,2016-2018,2,2,2,51,39*,-,21,242.85,0,0,0,4,5,M. Chinnaswamy Stadium
N Saini,2012-2012,1,1,0,50,50,50,36,138.88,0,1,0,5,0,M. Chinnaswamy Stadium
AD Nath,2016-2019,5,4,0,49,24,12.25,45,108.88,0,0,0,5,1,M. Chinnaswamy Stadium
SC Ganguly,2008-2012,3,3,0,49,33,16.33,52,94.23,0,0,0,4,2,M. Chinnaswamy Stadium
Will Jacks,2024-2024,3,3,0,49,41,16.33,36,136.11,0,0,0,4,2,M. Chinnaswamy Stadium
GC Smith,2008-2008,1,1,0,49,49,49,42,116.66,0,0,0,8,0,M. Chinnaswamy Stadium
RT Ponting,2008-2013,2,2,0,48,28,24,53,90.56,0,0,0,2,2,M. Chinnaswamy Stadium
DJ Harris,2012-2012,1,1,0,47,47,47,41,114.63,0,0,0,2,4,M. Chinnaswamy Stadium
ML Hayden,2008-2010,2,2,0,45,32,22.5,47,95.74,0,0,0,7,0,M. Chinnaswamy Stadium
Z Khan,2008-2017,25,10,6,45,17*,11.25,48,93.75,0,0,2,5,0,M. Chinnaswamy Stadium
Mitchell Starc,2014-2025,12,4,2,45,29,22.5,39,115.38,0,0,0,5,0,M. Chinnaswamy Stadium
Rahul Tripathi,2017-2018,2,2,1,45,31,45,28,160.71,0,0,0,4,2,M. Chinnaswamy Stadium
JP Faulkner,2013-2017,3,2,1,44,41*,44,24,183.33,0,0,0,3,3,M. Chinnaswamy Stadium
M Kaif,2008-2012,8,5,2,44,15,14.66,44,100,0,0,0,4,0,M. Chinnaswamy Stadium
EJG Morgan,2010-2016,7,5,1,44,22*,11,45,97.77,0,0,0,4,0,M. Chinnaswamy Stadium
MC Henriques,2013-2016,6,5,3,42,19,21,41,102.43,0,0,0,6,0,M. Chinnaswamy Stadium
JA Morkel,2008-2014,6,4,1,41,19,13.66,37,110.81,0,0,0,1,3,M. Chinnaswamy Stadium
Tristan Stubbs,2024-2025,2,2,1,41,38*,41,27,151.85,0,0,0,4,1,M. Chinnaswamy Stadium
MJ Guptill,2017-2019,2,2,0,39,30,19.5,33,118.18,0,0,0,3,2,M. Chinnaswamy Stadium
Prabhsimran Singh,2024-2025,2,2,0,38,25,19,26,146.15,0,0,0,4,2,M. Chinnaswamy Stadium
S Rana,2014-2014,3,3,2,38,18,38,36,105.55,0,0,0,3,1,M. Chinnaswamy Stadium
Abdul Samad,2024-2024,1,1,1,37,37*,-,10,370,0,0,0,4,3,M. Chinnaswamy Stadium
AD Hales,2018-2018,1,1,0,37,37,37,24,154.16,0,0,0,2,3,M. Chinnaswamy Stadium
Shahrukh Khan,2024-2025,2,1,0,37,37,37,24,154.16,0,0,0,5,1,M. Chinnaswamy Stadium
Shahbaz Ahmed,2023-2024,7,4,1,36,20*,12,31,116.12,0,0,0,3,1,M. Chinnaswamy Stadium
A Ashish Reddy,2012-2016,4,2,0,35,32,17.5,22,159.09,0,0,0,2,3,M. Chinnaswamy Stadium
Abhishek Sharma,2024-2024,1,1,0,34,34,34,22,154.54,0,0,0,2,2,M. Chinnaswamy Stadium
Sam Billings,2017-2018,2,2,0,34,25,17,26,130.76,0,0,0,3,1,M. Chinnaswamy Stadium
MN Samuels,2012-2012,1,1,0,34,34,34,20,170,0,0,0,1,2,M. Chinnaswamy Stadium
S Aravind,2011-2017,19,5,3,33,14*,16.5,37,89.18,0,0,0,3,0,M. Chinnaswamy Stadium
IR Jaggi,2017-2017,2,2,1,33,28,33,39,84.61,0,0,0,3,0,M. Chinnaswamy Stadium
KC Sangakkara,2010-2013,3,2,1,33,23,33,27,122.22,0,0,0,3,1,M. Chinnaswamy Stadium
Karn Sharma,2014-2024,9,3,2,33,26*,33,22,150,0,0,0,4,1,M. Chinnaswamy Stadium
Aiden Markram,2024-2024,1,1,1,32,32*,-,17,188.23,0,0,0,2,2,M. Chinnaswamy Stadium
Harshal Patel,2012-2024,23,8,1,31,10,4.42,24,129.16,0,0,2,2,2,M. Chinnaswamy Stadium
RR Sarwan,2008-2008,1,1,0,31,31,31,29,106.89,0,0,0,4,1,M. Chinnaswamy Stadium
Ayush Badoni,2023-2024,2,2,0,30,30,15,27,111.11,0,0,1,4,0,M. Chinnaswamy Stadium
Sherfane Rutherford,2025-2025,1,1,1,30,30*,-,18,166.66,0,0,0,1,3,M. Chinnaswamy Stadium
Shai Hope,2024-2024,1,1,0,29,29,29,23,126.08,0,0,0,4,0,M. Chinnaswamy Stadium
Suyash Prabhudessai,2023-2023,3,3,0,29,19,9.66,22,131.81,0,0,1,1,2,M. Chinnaswamy Stadium
Rilee Rossouw,2014-2015,4,4,0,29,14,7.25,37,78.37,0,0,1,2,1,M. Chinnaswamy Stadium
Ben Stokes,2017-2018,2,2,0,29,27,14.5,24,120.83,0,0,0,2,1,M. Chinnaswamy Stadium
VH Zol,2014-2014,3,2,0,29,16,14.5,26,111.53,0,0,0,3,1,M. Chinnaswamy Stadium
J Fraser-McGurk,2024-2025,2,2,0,28,21,14,14,200,0,0,0,3,2,M. Chinnaswamy Stadium
PP Shaw,2019-2023,2,2,0,28,28,14,24,116.66,0,0,1,5,0,M. Chinnaswamy Stadium
N Jagadeesan,2023-2023,1,1,0,27,27,27,29,93.1,0,0,0,4,0,M. Chinnaswamy Stadium
S Sriram,2010-2010,1,1,0,27,27,27,29,93.1,0,0,0,3,0,M. Chinnaswamy Stadium
R Bhatia,2008-2016,6,3,2,26,13,26,12,216.66,0,0,0,3,1,M. Chinnaswamy Stadium
MG Bracewell,2023-2023,2,1,0,26,26,26,16,162.5,0,0,0,5,0,M. Chinnaswamy Stadium
PP Chawla,2008-2023,14,4,2,26,13*,13,19,136.84,0,0,0,1,2,M. Chinnaswamy Stadium
Ishan Kishan,2017-2023,3,3,0,26,16,8.66,25,104,0,0,1,6,0,M. Chinnaswamy Stadium
KB Arun Karthik,2011-2013,8,3,1,25,19*,12.5,26,96.15,0,0,0,3,0,M. Chinnaswamy Stadium
M Klinger,2011-2011,1,1,0,24,24,24,25,96,0,0,0,3,0,M. Chinnaswamy Stadium
Bhuvneshwar Kumar,2012-2025,13,7,5,24,8,12,37,64.86,0,0,0,3,0,M. Chinnaswamy Stadium
Mitchell Marsh,2010-2023,3,2,0,24,24,12,27,88.88,0,0,1,0,2,M. Chinnaswamy Stadium
DL Vettori,2011-2012,10,3,0,24,20,8,18,133.33,0,0,0,3,1,M. Chinnaswamy Stadium
VR Aaron,2014-2019,14,4,3,23,17*,23,19,121.05,0,0,0,1,2,M. Chinnaswamy Stadium
Sam Curran,2024-2024,1,1,0,23,23,23,17,135.29,0,0,0,3,0,M. Chinnaswamy Stadium
Anrich Nortje,2023-2023,1,1,1,23,23*,-,14,164.28,0,0,0,4,0,M. Chinnaswamy Stadium
Mohit Sharma,2013-2025,9,5,1,23,14,5.75,25,92,0,0,1,3,0,M. Chinnaswamy Stadium
Rinku Singh,2023-2024,2,2,2,23,18*,-,15,153.33,0,0,0,2,1,M. Chinnaswamy Stadium
GJ Bailey,2010-2016,5,5,0,22,18,4.4,42,52.38,0,0,1,2,0,M. Chinnaswamy Stadium
CA Ingram,2019-2019,1,1,0,22,22,22,21,104.76,0,0,0,2,1,M. Chinnaswamy Stadium
DJ Jacobs,2011-2011,1,1,0,22,22,22,16,137.5,0,0,0,2,2,M. Chinnaswamy Stadium
DS Kulkarni,2008-2018,5,3,1,22,10*,11,12,183.33,0,0,0,4,0,M. Chinnaswamy Stadium
Riyan Parag,2019-2025,2,1,0,22,22,22,10,220,0,0,0,2,2,M. Chinnaswamy Stadium
Shashank Singh,2024-2025,2,2,1,22,21*,22,13,169.23,0,0,0,1,2,M. Chinnaswamy Stadium
PC Valthaty,2011-2011,1,1,0,21,21,21,16,131.25,0,0,0,4,0,M. Chinnaswamy Stadium
B Chipli,2008-2008,3,3,0,20,10,6.66,28,71.42,0,0,0,3,0,M. Chinnaswamy Stadium
M Manhas,2010-2014,5,3,2,20,11*,20,22,90.9,0,0,0,2,0,M. Chinnaswamy Stadium
A Choudhary,2017-2017,3,2,1,19,15*,19,18,105.55,0,0,0,1,0,M. Chinnaswamy Stadium
ER Dwivedi,2016-2016,1,1,0,19,19,19,9,211.11,0,0,0,1,2,M. Chinnaswamy Stadium
BJ Hodge,2011-2013,3,3,1,19,13,9.5,31,61.29,0,0,0,1,0,M. Chinnaswamy Stadium
Deepak Hooda,2016-2023,4,4,1,19,9,6.33,23,82.6,0,0,0,2,0,M. Chinnaswamy Stadium
DR Martyn,2010-2010,1,1,0,19,19,19,24,79.16,0,0,0,1,0,M. Chinnaswamy Stadium
Rashid Khan,2017-2025,6,2,0,19,18,9.5,16,118.75,0,0,0,2,1,M. Chinnaswamy Stadium
YV Takawale,2008-2014,2,1,0,19,19,19,17,111.76,0,0,0,4,0,M. Chinnaswamy Stadium
RN ten Doeschate,2012-2015,3,3,0,19,12,6.33,14,135.71,0,0,0,2,1,M. Chinnaswamy Stadium
Aman Hakim Khan,2023-2023,1,1,0,18,18,18,10,180,0,0,0,1,1,M. Chinnaswamy Stadium
AP Tare,2010-2017,2,1,0,18,18,18,17,105.88,0,0,0,3,0,M. Chinnaswamy Stadium
Y Venugopal Rao,2010-2012,2,1,0,18,18,18,23,78.26,0,0,0,1,0,M. Chinnaswamy Stadium
CJ Anderson,2018-2018,2,2,0,17,15,8.5,21,80.95,0,0,0,0,1,M. Chinnaswamy Stadium
SB Bangar,2008-2008,1,1,1,17,17*,-,7,242.85,0,0,0,0,2,M. Chinnaswamy Stadium
RJ Harris,2010-2012,3,1,0,17,17,17,25,68,0,0,0,1,0,M. Chinnaswamy Stadium
Marco Johnson,2013-2018,6,2,1,17,16*,17,16,106.25,0,0,0,1,1,M. Chinnaswamy Stadium
MC Juneja,2013-2013,1,1,0,17,17,17,16,106.25,0,0,0,2,0,M. Chinnaswamy Stadium
SL Malinga,2011-2019,6,1,0,17,17,17,16,106.25,0,0,0,1,1,M. Chinnaswamy Stadium
Priyansh Arya,2025-2025,1,1,0,16,16,16,11,145.45,0,0,0,1,1,M. Chinnaswamy Stadium
UT Khawaja,2016-2016,1,1,0,16,16,16,6,266.66,0,0,0,2,1,M. Chinnaswamy Stadium
Y Nagar,2012-2012,1,1,0,16,16,16,15,106.66,0,0,0,2,0,M. Chinnaswamy Stadium
LA Pomersbach,2011-2011,2,1,0,16,16,16,14,114.28,0,0,0,2,0,M. Chinnaswamy Stadium
Shakib Al Hasan,2012-2018,3,2,0,16,12,8,11,145.45,0,0,0,2,0,M. Chinnaswamy Stadium
Vaibhav Suryavanshi,2025-2025,1,1,0,16,16,16,12,133.33,0,0,0,0,2,M. Chinnaswamy Stadium
Arshad Khan,2023-2025,2,1,1,15,15*,-,9,166.66,0,0,0,0,1,M. Chinnaswamy Stadium
Swapnil Singh,2024-2024,3,2,1,15,15*,15,10,150,0,0,1,2,1,M. Chinnaswamy Stadium
DJ Willey,2023-2023,3,2,2,15,11*,-,12,125,0,0,0,2,0,M. Chinnaswamy Stadium
SA Abbott,2015-2015,1,1,0,14,14,14,9,155.55,0,0,0,1,1,M. Chinnaswamy Stadium
Abishek Porel,2023-2025,3,3,0,14,7,4.66,18,77.77,0,0,0,1,0,M. Chinnaswamy Stadium
Wanindu Hasaranga,2023-2025,5,4,1,14,6,4.66,16,87.5,0,0,0,0,0,M. Chinnaswamy Stadium
Jos Inglis,2025-2025,1,1,0,14,14,14,17,82.35,0,0,0,2,0,M. Chinnaswamy Stadium
Mohammed Siraj,2018-2025,22,5,2,14,12,4.66,14,100,0,0,1,0,2,M. Chinnaswamy Stadium
BJ Rohrer,2013-2013,1,1,0,14,14,14,14,100,0,0,0,2,0,M. Chinnaswamy Stadium
DJG Sammy,2014-2015,2,2,0,14,8,7,17,82.35,0,0,0,0,1,M. Chinnaswamy Stadium
Vyshak Vijayakumar,2023-2024,8,3,2,14,13*,14,11,127.27,0,0,1,0,1,M. Chinnaswamy Stadium
JEC Franklin,2011-2012,2,1,0,13,13,13,13,100,0,0,0,0,1,M. Chinnaswamy Stadium
Kuldeep Yadav,2018-2025,5,2,1,13,7*,13,16,81.25,0,0,0,1,0,M. Chinnaswamy Stadium
MF Maharoof,2008-2008,1,1,1,13,13*,-,8,162.5,0,0,0,1,1,M. Chinnaswamy Stadium
Umesh Yadav,2010-2023,22,6,5,13,9*,13,11,118.18,0,0,1,2,0,M. Chinnaswamy Stadium
DAJ Bracewell,2012-2012,1,1,1,12,12*,-,9,133.33,0,0,0,1,0,M. Chinnaswamy Stadium
KC Cariappa,2016-2016,1,1,1,12,12*,-,8,150,0,0,0,0,1,M. Chinnaswamy Stadium
Subham Dubey,2025-2025,1,1,0,12,12,12,7,171.42,0,0,0,1,1,M. Chinnaswamy Stadium
AD Mathews,2010-2015,3,3,0,12,10,4,12,100,0,0,0,0,1,M. Chinnaswamy Stadium
AM Nayar,2008-2012,4,3,1,12,9*,6,14,85.71,0,0,0,1,0,M. Chinnaswamy Stadium
R Rampaul,2013-2014,5,2,1,12,12*,12,8,150,0,0,1,0,1,M. Chinnaswamy Stadium
PA Reddy,2012-2013,2,1,0,12,12,12,11,109.09,0,0,0,2,0,M. Chinnaswamy Stadium
Sandeep Sharma,2013-2025,8,2,1,12,7,12,14,85.71,0,0,0,1,0,M. Chinnaswamy Stadium
R Sathish,2011-2013,2,1,1,12,12*,-,6,200,0,0,0,1,1,M. Chinnaswamy Stadium
S Badree,2014-2017,6,3,0,11,8,3.66,13,84.61,0,0,1,0,0,M. Chinnaswamy Stadium
DJM Short,2018-2018,1,1,0,11,11,11,17,64.7,0,0,0,1,0,M. Chinnaswamy Stadium
TG Southee,2016-2019,8,3,2,11,9*,11,12,91.66,0,0,0,0,0,M. Chinnaswamy Stadium
Jaydev Unadkat,2011-2024,14,2,1,11,9,11,12,91.66,0,0,0,1,0,M. Chinnaswamy Stadium
B Akhil,2008-2008,4,4,1,10,5,3.33,12,83.33,0,0,1,1,0,M. Chinnaswamy Stadium
HM Amla,2016-2017,2,2,0,10,9,5,9,111.11,0,0,0,0,1,M. Chinnaswamy Stadium
MJ Lumb,2010-2010,1,1,0,10,10,10,18,55.55,0,0,0,1,0,M. Chinnaswamy Stadium
Rasikh Salam,2024-2025,2,1,0,10,10,10,12,83.33,0,0,0,1,0,M. Chinnaswamy Stadium
DW Steyn,2008-2019,16,5,2,10,8,3.33,16,62.5,0,0,1,1,0,M. Chinnaswamy Stadium
Yuzvendra Chahal,2014-2025,43,6,5,9,4*,9,11,81.81,0,0,0,0,0,M. Chinnaswamy Stadium
MD Mishra,2010-2010,1,1,0,9,9,9,11,81.81,0,0,0,2,0,M. Chinnaswamy Stadium
AA Noffke,2008-2008,1,1,0,9,9,9,10,90,0,0,0,1,0,M. Chinnaswamy Stadium
Vishnu Vinod,2017-2017,1,1,0,9,9,9,5,180,0,0,0,0,1,M. Chinnaswamy Stadium
JM Bairstow,2024-2024,1,1,0,8,8,8,6,133.33,0,0,0,2,0,M. Chinnaswamy Stadium
B Lee,2011-2012,2,1,1,8,8*,-,4,200,0,0,0,0,1,M. Chinnaswamy Stadium
A Mishra,2010-2023,6,1,1,8,8*,-,14,57.14,0,0,0,0,0,M. Chinnaswamy Stadium
TD Paine,2011-2011,1,1,0,8,8,8,17,47.05,0,0,0,0,0,M. Chinnaswamy Stadium
RR Powar,2011-2011,1,1,1,8,8*,-,6,133.33,0,0,0,0,0,M. Chinnaswamy Stadium
Bipul Sharma,2010-2017,3,2,1,7,5,7,6,116.66,0,0,0,1,0,M. Chinnaswamy Stadium
HH Gibbs,2008-2012,2,2,0,7,5,3.5,13,53.84,0,0,0,1,0,M. Chinnaswamy Stadium
RV Gomez,2011-2011,1,1,0,7,7,7,15,46.66,0,0,0,1,0,M. Chinnaswamy Stadium
PV Tambe,2014-2016,2,1,1,7,7*,-,19,36.84,0,0,0,1,0,M. Chinnaswamy Stadium
AJ Tye,2017-2018,2,1,0,7,7,7,7,100,0,0,0,0,0,M. Chinnaswamy Stadium
LJ Wright,2013-2013,1,1,0,7,7,7,3,233.33,0,0,0,0,1,M. Chinnaswamy Stadium
AB Agarkar,2008-2010,2,1,1,6,6*,-,6,100,0,0,0,0,0,M. Chinnaswamy Stadium
NM Coulter-Nile,2017-2017,2,1,0,6,6,6,4,150,0,0,0,0,1,M. Chinnaswamy Stadium
Pat Cummins,2015-2024,3,1,0,6,6,6,6,100,0,0,0,1,0,M. Chinnaswamy Stadium
P Dogra,2010-2012,2,2,1,6,3*,6,14,42.85,0,0,0,0,0,M. Chinnaswamy Stadium
SB Joshi,2008-2008,2,2,0,6,3,3,14,42.85,0,0,0,0,0,M. Chinnaswamy Stadium
Mayak Markande,2018-2024,3,1,0,6,6,6,5,120,0,0,0,1,0,M. Chinnaswamy Stadium
A Mithun,2011-2012,7,3,3,6,6*,-,3,200,0,0,0,1,0,M. Chinnaswamy Stadium
M Muralidaran,2010-2014,11,1,0,6,6,6,8,75,0,0,0,0,0,M. Chinnaswamy Stadium
AUK Pathan,2011-2012,4,4,1,6,4,2,10,60,0,0,2,0,0,M. Chinnaswamy Stadium
AN Ahmed,2014-2015,3,2,1,5,4,5,3,166.66,0,0,0,1,0,M. Chinnaswamy Stadium
DT Christian,2013-2017,2,2,0,5,4,2.5,16,31.25,0,0,0,0,0,M. Chinnaswamy Stadium
JR Hopes,2008-2008,1,1,0,5,5,5,4,125,0,0,0,1,0,M. Chinnaswamy Stadium
AA Jhunjhunwala,2010-2010,1,1,0,5,5,5,7,71.42,0,0,0,1,0,M. Chinnaswamy Stadium
A Kumble,2008-2010,12,4,3,5,3,5,11,45.45,0,0,0,0,0,M. Chinnaswamy Stadium
Mohammad Hafeez,2008-2008,1,1,1,5,5*,-,3,166.66,0,0,0,1,0,M. Chinnaswamy Stadium
AG Murtaza,2011-2013,2,1,0,5,5,5,4,125,0,0,0,1,0,M. Chinnaswamy Stadium
HR Shokeen,2023-2023,1,1,0,5,5,5,3,166.66,0,0,0,1,0,M. Chinnaswamy Stadium
LR Shukla,2008-2012,2,1,0,5,5,5,8,62.5,0,0,0,0,0,M. Chinnaswamy Stadium
J Syed Mohammad,2011-2013,3,2,1,5,4*,5,3,166.66,0,0,0,1,0,M. Chinnaswamy Stadium
DH Yagnik,2013-2013,1,1,0,5,5,5,4,125,0,0,0,1,0,M. Chinnaswamy Stadium
A Chandila,2013-2013,1,1,1,4,4*,-,6,66.66,0,0,0,0,0,M. Chinnaswamy Stadium
Karanveer Singh,2014-2015,2,1,0,4,4,4,7,57.14,0,0,0,0,0,M. Chinnaswamy Stadium
Daryl Mitchell,2024-2024,1,1,0,4,4,4,6,66.66,0,0,0,0,0,M. Chinnaswamy Stadium
Mohammad Nabi,2019-2019,1,1,0,4,4,4,3,133.33,0,0,0,1,0,M. Chinnaswamy Stadium
M Morkel,2010-2016,5,2,1,4,2*,4,12,33.33,0,0,0,0,0,M. Chinnaswamy Stadium
CH Morris,2013-2019,5,3,1,4,4,2,8,50,0,0,1,0,0,M. Chinnaswamy Stadium
DT Patil,2008-2008,1,1,0,4,4,4,1,400,0,0,0,1,0,M. Chinnaswamy Stadium
AS Rajpoot,2017-2019,3,1,0,4,4,4,7,57.14,0,0,0,1,0,M. Chinnaswamy Stadium
PJ Sangwan,2008-2013,3,1,1,4,4*,-,2,200,0,0,0,1,0,M. Chinnaswamy Stadium
Shivam Sharma,2014-2014,1,1,0,4,4,4,2,200,0,0,0,1,0,M. Chinnaswamy Stadium
Sunny Singh,2011-2011,1,1,0,4,4,4,5,80,0,0,0,0,0,M. Chinnaswamy Stadium
GH Vihari,2013-2013,1,1,1,4,4*,-,3,133.33,0,0,0,0,0,M. Chinnaswamy Stadium
SK Warne,2008-2010,2,1,0,4,4,4,7,57.14,0,0,0,0,0,M. Chinnaswamy Stadium
Lalit Yadav,2023-2023,1,1,0,4,4,4,7,57.14,0,0,0,0,0,M. Chinnaswamy Stadium
Ruturaj Gaikwad,2023-2024,2,2,0,3,3,1.5,7,42.85,0,0,1,0,0,M. Chinnaswamy Stadium
CJ Jordan,2016-2017,7,2,0,3,3,1.5,5,60,0,0,1,0,0,M. Chinnaswamy Stadium
Mukesh Kumar,2024-2025,2,1,0,3,3,3,7,42.85,0,0,0,0,0,M. Chinnaswamy Stadium
Ravi Bishnoi,2023-2024,2,1,1,3,3*,-,2,150,0,0,0,0,0,M. Chinnaswamy Stadium
Mitchell Santner,2024-2024,1,1,0,3,3,3,4,75,0,0,0,0,0,M. Chinnaswamy Stadium
RJW Topley,2023-2024,3,1,1,3,3*,-,6,50,0,0,0,0,0,M. Chinnaswamy Stadium
SK Trivedi,2008-2013,4,2,1,3,3,3,7,42.85,0,0,0,0,0,M. Chinnaswamy Stadium
AS Yadav,2008-2008,1,1,1,3,3*,-,4,75,0,0,0,0,0,M. Chinnaswamy Stadium
S Chanderpaul,2008-2008,1,1,0,2,2,2,9,22.22,0,0,0,0,0,M. Chinnaswamy Stadium
Fazalhaq Farooqi,2025-2025,1,1,1,2,2*,-,2,100,0,0,0,0,0,M. Chinnaswamy Stadium
Harbhajan Singh,2010-2018,9,3,1,2,1*,1,6,33.33,0,0,1,0,0,M. Chinnaswamy Stadium
Harpreet Brar,2024-2025,2,1,1,2,2*,-,2,100,0,0,0,0,0,M. Chinnaswamy Stadium
K Kushagra,2024-2024,1,1,0,2,2,2,3,66.66,0,0,0,0,0,M. Chinnaswamy Stadium
AF Milne,2016-2017,2,1,0,2,2,2,3,66.66,0,0,0,0,0,M. Chinnaswamy Stadium
WD Parnell,2023-2023,4,1,0,2,2,2,5,40,0,0,0,0,0,M. Chinnaswamy Stadium
BB Samantray,2013-2013,1,1,1,2,2*,-,2,100,0,0,0,0,0,M. Chinnaswamy Stadium
R Shukla,2014-2014,1,1,1,2,2*,-,6,33.33,0,0,0,0,0,M. Chinnaswamy Stadium
SB Styris,2008-2008,1,1,0,2,2,2,3,66.66,0,0,0,0,0,M. Chinnaswamy Stadium
Abdul Basith,2023-2023,1,1,1,1,1*,-,1,100,0,0,0,0,0,M. Chinnaswamy Stadium
Murugan Ashwin,2018-2019,2,1,1,1,1*,-,2,50,0,0,0,0,0,M. Chinnaswamy Stadium
L Balaji,2010-2014,6,2,2,1,1*,-,3,33.33,0,0,0,0,0,M. Chinnaswamy Stadium
MS Bhandage,2025-2025,1,1,0,1,1,1,4,25,0,0,0,0,0,M. Chinnaswamy Stadium
CR Brathwaite,2016-2017,2,1,0,1,1,1,5,20,0,0,0,0,0,M. Chinnaswamy Stadium
TU Deshpande,2023-2025,3,1,1,1,1*,-,2,50,0,0,0,0,0,M. Chinnaswamy Stadium
YV Dhull,2023-2023,1,1,0,1,1,1,4,25,0,0,0,0,0,M. Chinnaswamy Stadium
AB Dinda,2008-2016,8,2,1,1,1*,1,2,50,0,0,1,0,0,M. Chinnaswamy Stadium
Harpreet Singh,2011-2011,1,1,1,1,1*,-,1,100,0,0,0,0,0,M. Chinnaswamy Stadium
SB Jakati,2011-2016,4,2,2,1,1*,-,2,50,0,0,0,0,0,M. Chinnaswamy Stadium
MJ McClenaghan,2015-2019,5,3,1,1,1,0.5,5,20,0,0,1,0,0,M. Chinnaswamy Stadium
BAW Mendis,2010-2010,1,1,1,1,1*,-,1,100,0,0,0,0,0,M. Chinnaswamy Stadium
Mohammed Shami,2014-2023,4,1,1,1,1*,-,1,100,0,0,0,0,0,M. Chinnaswamy Stadium
Pankaj Singh,2010-2012,2,1,0,1,1,1,2,50,0,0,0,0,0,M. Chinnaswamy Stadium
P Parameswaran,2011-2012,2,1,1,1,1*,-,1,100,0,0,0,0,0,M. Chinnaswamy Stadium
Shahid Afridi,2008-2008,1,1,0,1,1,1,2,50,0,0,0,0,0,M. Chinnaswamy Stadium
RP Singh,2008-2016,12,2,1,1,1*,1,1,100,0,0,1,0,0,M. Chinnaswamy Stadium
MJ Suthar,2024-2024,1,1,0,1,1,1,2,50,0,0,0,0,0,M. Chinnaswamy Stadium
SW Tait,2013-2013,1,1,0,1,1,1,3,33.33,0,0,0,0,0,M. Chinnaswamy Stadium
Shardul Thakur,2017-2024,4,3,1,1,1*,0.5,3,33.33,0,0,2,0,0,M. Chinnaswamy Stadium
CR Woakes,2017-2018,4,2,2,1,1*,-,3,33.33,0,0,0,0,0,M. Chinnaswamy Stadium
MA Wood,2023-2023,1,1,0,1,1,1,2,50,0,0,0,0,0,M. Chinnaswamy Stadium
KJ Abbott,2016-2016,1,1,0,0,0,0,1,0,0,0,1,0,0,M. Chinnaswamy Stadium
L Ablish,2011-2011,1,1,1,0,0*,-,2,0,0,0,0,0,0,M. Chinnaswamy Stadium
Anureet Singh,2015-2015,1,1,0,0,0,0,2,0,0,0,1,0,0,M. Chinnaswamy Stadium
JC Archer,2023-2025,2,1,0,0,0,0,1,0,0,0,1,0,0,M. Chinnaswamy Stadium
Avesh Khan,2023-2023,1,1,1,0,0*,-,1,0,0,0,0,0,0,M. Chinnaswamy Stadium
F Behardien,2016-2016,1,1,0,0,0,0,1,0,0,0,1,0,0,M. Chinnaswamy Stadium
Jasprit Bumrah,2013-2019,7,1,1,0,0*,-,1,0,0,0,0,0,0,M. Chinnaswamy Stadium
SD Chauhan,2024-2024,1,1,0,0,0,0,1,0,0,0,1,0,0,M. Chinnaswamy Stadium
MJ Dagar,2024-2024,3,1,0,0,0,0,1,0,0,0,1,0,0,M. Chinnaswamy Stadium
Josh Hazlewood,2025-2025,4,1,1,0,0*,-,1,0,0,0,0,0,0,M. Chinnaswamy Stadium
S Kaushik,2016-2016,1,1,0,0,0,0,1,0,0,0,1,0,0,M. Chinnaswamy Stadium
KR Mayers,2023-2023,1,1,0,0,0,0,3,0,0,0,1,0,0,M. Chinnaswamy Stadium
TS Mills,2017-2017,2,1,0,0,0,0,3,0,0,0,1,0,0,M. Chinnaswamy Stadium
Mujeeb Ur Rahman,2018-2018,1,1,0,0,0,0,2,0,0,0,1,0,0,M. Chinnaswamy Stadium
S Nadeem,2012-2018,5,1,0,0,0,0,2,0,0,0,1,0,0,M. Chinnaswamy Stadium
S Narwal,2010-2010,1,1,0,0,0,0,1,0,0,0,1,0,0,M. Chinnaswamy Stadium
A Nehra,2008-2016,6,1,1,0,0*,-,1,0,0,0,0,0,0,M. Chinnaswamy Stadium
Noor Ahmad,2023-2024,2,1,1,0,0*,-,0,-,0,0,0,0,0,M. Chinnaswamy Stadium
JDP Oram,2008-2013,2,1,1,0,0*,-,0,-,0,0,0,0,0,M. Chinnaswamy Stadium
IC Pandey,2013-2015,2,1,0,0,0,0,2,0,0,0,1,0,0,M. Chinnaswamy Stadium
MM Patel,2008-2013,5,1,0,0,0,0,2,0,0,0,1,0,0,M. Chinnaswamy Stadium
M Rawat,2008-2008,1,1,0,0,0,0,2,0,0,0,1,0,0,M. Chinnaswamy Stadium
NA Saini,2019-2019,7,1,1,0,0*,-,1,0,0,0,0,0,0,M. Chinnaswamy Stadium
MD Shanaka,2023-2023,1,1,0,0,0,0,3,0,0,0,1,0,0,M. Chinnaswamy Stadium
Ishant Sharma,2008-2025,7,2,1,0,0*,0,6,0,0,0,1,0,0,M. Chinnaswamy Stadium
S Sreesanth,2008-2013,3,1,0,0,0,0,2,0,0,0,1,0,0,M. Chinnaswamy Stadium
GC Viljoen,2019-2019,1,1,0,0,0,0,1,0,0,0,1,0,0,M. Chinnaswamy Stadium
Yash Dayal,2023-2025,12,1,0,0,0,0,1,0,0,0,1,0,0,M. Chinnaswamy Stadium
P Amarnath,2008-2008,1,-,-,-,-,-,-,-,-,-,-,-,-,M. Chinnaswamy Stadium
YA Abdulla,2010-2010,1,-,-,-,-,-,-,-,-,-,-,-,-,M. Chinnaswamy Stadium
Khaheel Ahmed,2019-2024,2,-,-,-,-,-,-,-,-,-,-,-,-,M. Chinnaswamy Stadium
Akash Deep,2023-2023,1,-,-,-,-,-,-,-,-,-,-,-,-,M. Chinnaswamy Stadium
Akash Singh,2023-2023,1,-,-,-,-,-,-,-,-,-,-,-,-,M. Chinnaswamy Stadium
Anand Rajan,2012-2012,1,-,-,-,-,-,-,-,-,-,-,-,-,M. Chinnaswamy Stadium
Ankit Soni,2017-2017,1,-,-,-,-,-,-,-,-,-,-,-,-,M. Chinnaswamy Stadium
KP Appanna,2012-2012,3,-,-,-,-,-,-,-,-,-,-,-,-,M. Chinnaswamy Stadium
VG Arora,2023-2023,1,-,-,-,-,-,-,-,-,-,-,-,-,M. Chinnaswamy Stadium
Arshdeep Singh,2024-2025,2,-,-,-,-,-,-,-,-,-,-,-,-,M. Chinnaswamy Stadium
P Awana,2012-2014,3,-,-,-,-,-,-,-,-,-,-,-,-,M. Chinnaswamy Stadium
XC Bartlett,2025-2025,1,-,-,-,-,-,-,-,-,-,-,-,-,M. Chinnaswamy Stadium
Basil Thampi,2017-2019,3,-,-,-,-,-,-,-,-,-,-,-,-,M. Chinnaswamy Stadium
JP Behrendorff,2023-2023,1,-,-,-,-,-,-,-,-,-,-,-,-,M. Chinnaswamy Stadium
DE Bollinger,2011-2011,1,-,-,-,-,-,-,-,-,-,-,-,-,M. Chinnaswamy Stadium
J Botha,2012-2012,1,-,-,-,-,-,-,-,-,-,-,-,-,M. Chinnaswamy Stadium
Trent Boult,2015-2023,4,-,-,-,-,-,-,-,-,-,-,-,-,M. Chinnaswamy Stadium
Deepak Chahar,2018-2019,2,-,-,-,-,-,-,-,-,-,-,-,-,M. Chinnaswamy Stadium
RD Chahar,2017-2024,2,-,-,-,-,-,-,-,-,-,-,-,-,M. Chinnaswamy Stadium
Lockie Ferguson,2019-2024,4,-,-,-,-,-,-,-,-,-,-,-,-,M. Chinnaswamy Stadium
CRD Fernando,2008-2010,2,-,-,-,-,-,-,-,-,-,-,-,-,M. Chinnaswamy Stadium
Gagandeep Singh,2008-2008,1,-,-,-,-,-,-,-,-,-,-,-,-,M. Chinnaswamy Stadium
MS Gony,2008-2013,2,-,-,-,-,-,-,-,-,-,-,-,-,M. Chinnaswamy Stadium
S Gopal,2018-2019,2,-,-,-,-,-,-,-,-,-,-,-,-,M. Chinnaswamy Stadium
K Gowtham,2018-2018,1,-,-,-,-,-,-,-,-,-,-,-,-,M. Chinnaswamy Stadium
Harmeet Singh,2010-2010,1,-,-,-,-,-,-,-,-,-,-,-,-,M. Chinnaswamy Stadium
Harshit Rana,2024-2024,1,-,-,-,-,-,-,-,-,-,-,-,-,M. Chinnaswamy Stadium
BW Hilfenhaus,2012-2012,1,-,-,-,-,-,-,-,-,-,-,-,-,M. Chinnaswamy Stadium
GB Hogg,2012-2015,2,-,-,-,-,-,-,-,-,-,-,-,-,M. Chinnaswamy Stadium
JO Holder,2013-2023,2,-,-,-,-,-,-,-,-,-,-,-,-,M. Chinnaswamy Stadium
Imran Tahir,2014-2019,4,-,-,-,-,-,-,-,-,-,-,-,-,M. Chinnaswamy Stadium
SP Jackson,2017-2017,1,-,-,-,-,-,-,-,-,-,-,-,-,M. Chinnaswamy Stadium
Marco Jansen,2025-2025,1,-,-,-,-,-,-,-,-,-,-,-,-,M. Chinnaswamy Stadium
Joginder Sharma,2008-2008,1,-,-,-,-,-,-,-,-,-,-,-,-,M. Chinnaswamy Stadium
AS Joseph,2024-2024,2,-,-,-,-,-,-,-,-,-,-,-,-,M. Chinnaswamy Stadium
Kamran Khan,2011-2011,1,-,-,-,-,-,-,-,-,-,-,-,-,M. Chinnaswamy Stadium
M Kartik,2008-2013,5,-,-,-,-,-,-,-,-,-,-,-,-,M. Chinnaswamy Stadium
S Kaul,2014-2018,3,-,-,-,-,-,-,-,-,-,-,-,-,M. Chinnaswamy Stadium
U Kaul,2008-2008,1,-,-,-,-,-,-,-,-,-,-,-,-,M. Chinnaswamy Stadium
K Khejroliya,2018-2019,4,-,-,-,-,-,-,-,-,-,-,-,-,M. Chinnaswamy Stadium
S Lamichhane,2019-2019,1,-,-,-,-,-,-,-,-,-,-,-,-,M. Chinnaswamy Stadium
CK Langeveldt,2011-2011,1,-,-,-,-,-,-,-,-,-,-,-,-,M. Chinnaswamy Stadium
B Laughlin,2018-2018,1,-,-,-,-,-,-,-,-,-,-,-,-,M. Chinnaswamy Stadium
JB Little,2024-2024,1,-,-,-,-,-,-,-,-,-,-,-,-,M. Chinnaswamy Stadium
GD McGrath,2008-2008,1,-,-,-,-,-,-,-,-,-,-,-,-,M. Chinnaswamy Stadium
VY Mahesh,2008-2008,1,-,-,-,-,-,-,-,-,-,-,-,-,M. Chinnaswamy Stadium
AL Menaria,2012-2012,1,-,-,-,-,-,-,-,-,-,-,-,-,M. Chinnaswamy Stadium
Mustafizur Rahman,2016-2023,3,-,-,-,-,-,-,-,-,-,-,-,-,M. Chinnaswamy Stadium
DP Nannes,2010-2011,2,-,-,-,-,-,-,-,-,-,-,-,-,M. Chinnaswamy Stadium
T Natarajan,2017-2024,2,-,-,-,-,-,-,-,-,-,-,-,-,M. Chinnaswamy Stadium
Naveen-ul-Haq,2024-2024,1,-,-,-,-,-,-,-,-,-,-,-,-,M. Chinnaswamy Stadium
Vipraj Nigam,2025-2025,1,-,-,-,-,-,-,-,-,-,-,-,-,M. Chinnaswamy Stadium
Nitish Kumar Reddy,2024-2024,1,-,-,-,-,-,-,-,-,-,-,-,-,M. Chinnaswamy Stadium
PP Ojha,2008-2010,2,-,-,-,-,-,-,-,-,-,-,-,-,M. Chinnaswamy Stadium
Parvez Rasool,2016-2016,3,-,-,-,-,-,-,-,-,-,-,-,-,M. Chinnaswamy Stadium
Matheesha Pathirana,2023-2023,1,-,-,-,-,-,-,-,-,-,-,-,-,M. Chinnaswamy Stadium
SM Pollock,2008-2008,1,-,-,-,-,-,-,-,-,-,-,-,-,M. Chinnaswamy Stadium
Prasidh Krishna,2019-2025,2,-,-,-,-,-,-,-,-,-,-,-,-,M. Chinnaswamy Stadium
V Pratap Singh,2012-2012,1,-,-,-,-,-,-,-,-,-,-,-,-,M. Chinnaswamy Stadium
Kagiso Rabada,2019-2024,2,-,-,-,-,-,-,-,-,-,-,-,-,M. Chinnaswamy Stadium
Angkrish Raghuvanshi,2024-2024,1,-,-,-,-,-,-,-,-,-,-,-,-,M. Chinnaswamy Stadium
Ramandeep Singh,2024-2024,1,-,-,-,-,-,-,-,-,-,-,-,-,M. Chinnaswamy Stadium
KW Richardson,2014-2014,1,-,-,-,-,-,-,-,-,-,-,-,-,M. Chinnaswamy Stadium
AS Roy,2024-2024,1,-,-,-,-,-,-,-,-,-,-,-,-,M. Chinnaswamy Stadium
 Sai Kishore,2025-2025,1,-,-,-,-,-,-,-,-,-,-,-,-,M. Chinnaswamy Stadium
D Salunkhe,2008-2008,1,-,-,-,-,-,-,-,-,-,-,-,-,M. Chinnaswamy Stadium
GS Sandhu,2015-2015,1,-,-,-,-,-,-,-,-,-,-,-,-,M. Chinnaswamy Stadium
T Shamsi,2016-2016,1,-,-,-,-,-,-,-,-,-,-,-,-,M. Chinnaswamy Stadium
AR Sharma,2025-2025,1,-,-,-,-,-,-,-,-,-,-,-,-,M. Chinnaswamy Stadium
H Sharma,2023-2023,1,-,-,-,-,-,-,-,-,-,-,-,-,M. Chinnaswamy Stadium
R Sharma,2011-2012,2,-,-,-,-,-,-,-,-,-,-,-,-,M. Chinnaswamy Stadium
Romario Shepherd,2025-2025,1,-,-,-,-,-,-,-,-,-,-,-,-,M. Chinnaswamy Stadium
Shivam Mavi,2018-2018,1,-,-,-,-,-,-,-,-,-,-,-,-,M. Chinnaswamy Stadium
M Siddharth,2024-2024,1,-,-,-,-,-,-,-,-,-,-,-,-,M. Chinnaswamy Stadium
Simarjeet Singh,2024-2024,1,-,-,-,-,-,-,-,-,-,-,-,-,M. Chinnaswamy Stadium
NB Singh,2017-2017,1,-,-,-,-,-,-,-,-,-,-,-,-,M. Chinnaswamy Stadium
VRV Singh,2008-2008,1,-,-,-,-,-,-,-,-,-,-,-,-,M. Chinnaswamy Stadium
A Singh,2012-2012,1,-,-,-,-,-,-,-,-,-,-,-,-,M. Chinnaswamy Stadium
Sohail Tanvir,2008-2008,1,-,-,-,-,-,-,-,-,-,-,-,-,M. Chinnaswamy Stadium
BB Sran,2016-2016,1,-,-,-,-,-,-,-,-,-,-,-,-,M. Chinnaswamy Stadium
B Stanlake,2017-2017,1,-,-,-,-,-,-,-,-,-,-,-,-,M. Chinnaswamy Stadium
Suyash Sharma,2023-2025,4,-,-,-,-,-,-,-,-,-,-,-,-,M. Chinnaswamy Stadium
JE Taylor,2011-2011,1,-,-,-,-,-,-,-,-,-,-,-,-,M. Chinnaswamy Stadium
Yash Thakur,2024-2024,1,-,-,-,-,-,-,-,-,-,-,-,-,M. Chinnaswamy Stadium
Maheesh Theekshana,2023-2024,2,-,-,-,-,-,-,-,-,-,-,-,-,M. Chinnaswamy Stadium
AC Thomas,2011-2011,1,-,-,-,-,-,-,-,-,-,-,-,-,M. Chinnaswamy Stadium
O Thomas,2019-2019,1,-,-,-,-,-,-,-,-,-,-,-,-,M. Chinnaswamy Stadium
S Tyagi,2010-2010,1,-,-,-,-,-,-,-,-,-,-,-,-,M. Chinnaswamy Stadium
Varun Chakaravarthy,2023-2024,2,-,-,-,-,-,-,-,-,-,-,-,-,M. Chinnaswamy Stadium
DP Vijaykumar,2008-2008,1,-,-,-,-,-,-,-,-,-,-,-,-,M. Chinnaswamy Stadium
J Yadav,2015-2015,1,-,-,-,-,-,-,-,-,-,-,-,-,M. Chinnaswamy Stadium
MP Yadav,2024-2024,1,-,-,-,-,-,-,-,-,-,-,-,-,M. Chinnaswamy Stadium
Adam Zampa,2016-2016,1,-,-,-,-,-,-,-,-,-,-,-,-,M. Chinnaswamy Stadium
,,,,,,,,,,,,,,,
Shubman Gill,2021-2025,22,22,3,1033,129,54.36,647,159.65,3,4,0,90,41,Narendra Modi Stadium
Sai Sudharsan,2023-2025,16,16,1,858,103,57.2,547,156.85,1,6,0,77,35,Narendra Modi Stadium
Jos Buttler,2022-2025,7,7,2,371,106*,74.2,236,157.2,1,2,1,40,13,Narendra Modi Stadium
Ajinkya Rahane,2014-2024,9,9,1,336,76*,42,253,132.8,0,3,1,31,9,Narendra Modi Stadium
David Miller,2015-2024,15,13,6,308,54,44,198,155.55,0,1,1,20,16,Narendra Modi Stadium
WP Saha,2010-2024,17,17,1,290,81,18.12,222,130.63,0,2,2,37,9,Narendra Modi Stadium
Sanju Samson,2014-2025,13,12,1,276,60,25.09,207,133.33,0,1,0,20,15,Narendra Modi Stadium
Hardik Pandya,2022-2025,11,11,3,246,59*,30.75,194,126.8,0,1,0,20,9,Narendra Modi Stadium
Virat Kohli,2015-2024,6,6,2,219,70*,54.75,167,131.13,0,2,0,15,9,Narendra Modi Stadium
Shimron Hetmyer,2021-2025,8,8,5,216,56*,72,117,184.61,0,3,0,14,15,Narendra Modi Stadium
Karun Nair,2014-2025,9,8,1,196,48,28,128,153.12,0,0,0,16,9,Narendra Modi Stadium
Shane Watson,2014-2015,6,6,0,191,73,31.83,140,136.42,0,1,0,19,9,Narendra Modi Stadium
Steven Smith,2014-2021,10,8,1,169,79*,24.14,151,111.92,0,1,1,12,1,Narendra Modi Stadium
MA Agarwal,2014-2024,4,4,1,163,99*,54.33,119,136.97,0,1,0,14,6,Narendra Modi Stadium
NV Ojha,2010-2014,5,5,0,162,80,32.4,117,138.46,0,1,0,17,7,Narendra Modi Stadium
KL Rahul,2014-2025,4,4,1,156,91*,52,109,143.11,0,1,0,15,7,Narendra Modi Stadium
S Dhawan,2014-2024,5,5,1,155,69*,38.75,123,126.01,0,1,0,18,3,Narendra Modi Stadium
Syres Iyer,2024-2025,2,2,2,155,97*,-,66,234.84,0,2,0,10,13,Narendra Modi Stadium
Rahul Tewatia,2014-2025,22,12,6,155,24*,25.83,85,182.35,0,0,1,10,13,Narendra Modi Stadium
Rajat Patidar,2021-2024,5,4,0,154,58,38.5,116,132.75,0,1,0,8,8,Narendra Modi Stadium
Rohit Sharma,2010-2025,7,7,0,150,49,21.42,107,140.18,0,0,1,15,8,Narendra Modi Stadium
PP Shaw,2021-2024,4,4,0,149,82,37.25,87,171.26,0,1,0,18,6,Narendra Modi Stadium
Vijay Shankar,2023-2024,10,7,3,143,63*,35.75,96,148.95,0,1,0,10,7,Narendra Modi Stadium
Suryakumar Yadav,2014-2025,4,4,1,141,61,47,95,148.42,0,1,0,11,7,Narendra Modi Stadium
AB de Villiers,2010-2021,4,4,2,140,75*,70,109,128.44,0,1,0,9,5,Narendra Modi Stadium
Venkatesh Iyer,2023-2024,2,2,1,134,83,134,68,197.05,0,2,0,13,9,Narendra Modi Stadium
Shahrukh Khan,2021-2025,10,9,1,128,58,16,84,152.38,0,1,2,7,10,Narendra Modi Stadium
Henrich Klaasen,2023-2024,3,3,0,120,64,40,78,153.84,0,1,0,8,6,Narendra Modi Stadium
Ruturaj Gaikwad,2023-2024,3,3,0,118,92,39.33,69,171.01,0,1,1,7,10,Narendra Modi Stadium
Abhinav Manohar,2023-2024,6,5,0,117,42,23.4,89,131.46,0,0,0,7,7,Narendra Modi Stadium
Rahul Tripathi,2021-2024,4,4,0,116,55,29,86,134.88,0,1,0,16,1,Narendra Modi Stadium
Sherfane Rutherford,2025-2025,4,4,0,114,46,28.5,76,150,0,0,0,5,9,Narendra Modi Stadium
AA Jhunjhunwala,2010-2010,4,3,1,109,53*,54.5,87,125.28,0,1,0,12,1,Narendra Modi Stadium
Tilak Varma,2023-2025,4,4,0,109,43,27.25,72,151.38,0,0,0,9,5,Narendra Modi Stadium
Shashank Singh,2024-2025,2,2,2,105,61*,-,45,233.33,0,1,0,12,6,Narendra Modi Stadium
Rishabh Pant,2021-2024,4,4,2,104,58*,52,78,133.33,0,1,0,10,3,Narendra Modi Stadium
Will Jacks,2024-2024,1,1,1,100,100*,-,41,243.9,1,0,0,5,10,Narendra Modi Stadium
YK Pathan,2010-2014,5,5,1,96,73*,24,60,160,0,1,2,5,8,Narendra Modi Stadium
Yashasvi Jaiswal,2022-2025,5,5,0,95,45,19,73,130.13,0,0,0,11,4,Narendra Modi Stadium
MS Dhoni,2010-2024,5,5,3,92,31*,46,75,122.66,0,0,1,8,4,Narendra Modi Stadium
Cameron Green,2023-2024,4,3,0,90,33,30,67,134.32,0,0,0,4,6,Narendra Modi Stadium
Kiren Pollard,2014-2015,2,2,1,84,70,84,46,182.6,0,1,0,7,6,Narendra Modi Stadium
Riyan Parag,2022-2025,5,4,0,82,36,20.5,62,132.25,0,0,0,4,5,Narendra Modi Stadium
Moen Ali,2023-2024,3,2,0,79,56,39.5,53,149.05,0,1,0,8,5,Narendra Modi Stadium
Chris Gayle,2015-2021,4,4,0,79,46,19.75,51,154.9,0,0,1,10,4,Narendra Modi Stadium
Axar Patel,2015-2025,7,3,1,78,39,39,69,113.04,0,0,0,4,3,Narendra Modi Stadium
BJ Hodge,2010-2014,2,2,0,76,40,38,64,118.75,0,0,0,3,3,Narendra Modi Stadium
V Sehwag,2010-2015,2,2,0,76,75,38,38,200,0,1,0,8,5,Narendra Modi Stadium
MJ Lumb,2010-2010,3,3,0,75,45,25,49,153.06,0,0,1,10,2,Narendra Modi Stadium
Rashid Khan,2022-2025,20,11,5,74,31,12.33,47,157.44,0,0,2,5,4,Narendra Modi Stadium
Shivam Dube,2023-2024,3,3,1,72,32*,36,52,138.46,0,0,0,2,4,Narendra Modi Stadium
MK Tiwary,2010-2014,2,2,1,72,61*,72,57,126.31,0,1,0,7,2,Narendra Modi Stadium
Quinton de Kock,2023-2023,1,1,0,70,70,70,41,170.73,0,1,0,7,3,Narendra Modi Stadium
JP Faulkner,2014-2015,8,7,4,70,31*,23.33,50,140,0,0,0,1,5,Narendra Modi Stadium
Dinesh Karthik,2010-2024,8,6,2,69,23*,17.25,70,98.57,0,0,0,6,1,Narendra Modi Stadium
Ashutosh Sharma,2024-2025,2,2,0,68,37,34,36,188.88,0,0,0,5,4,Narendra Modi Stadium
Faf du Plessis,2015-2024,4,4,0,67,25,16.75,56,119.64,0,0,0,6,4,Narendra Modi Stadium
SE Marsh,2015-2015,1,1,0,65,65,65,40,162.5,0,1,0,5,3,Narendra Modi Stadium
RV Uthappa,2014-2014,1,1,0,65,65,65,52,125,0,1,0,5,3,Narendra Modi Stadium
G Gambhir,2010-2014,2,2,0,63,54,31.5,42,150,0,1,0,7,1,Narendra Modi Stadium
Daryl Mitchell,2024-2024,1,1,0,63,63,63,34,185.29,0,1,0,7,3,Narendra Modi Stadium
Murali Vijay,2010-2015,2,2,0,63,42,31.5,46,136.95,0,0,0,4,4,Narendra Modi Stadium
DJ Bravo,2015-2015,1,1,1,62,62*,-,36,172.22,0,1,0,8,1,Narendra Modi Stadium
LMP Simmons,2014-2014,1,1,0,62,62,62,51,121.56,0,1,0,6,2,Narendra Modi Stadium
Devdutt Padikkal,2021-2023,5,5,0,61,26,12.2,67,91.04,0,0,0,5,3,Narendra Modi Stadium
Nithish Rana,2021-2025,4,4,0,61,45,15.25,45,135.55,0,0,1,5,4,Narendra Modi Stadium
Prabhsimran Singh,2021-2025,4,4,0,59,35,14.75,55,107.27,0,0,0,7,2,Narendra Modi Stadium
STR Binny,2014-2015,8,6,1,57,20,11.4,64,89.06,0,0,1,3,2,Narendra Modi Stadium
AD Russell,2014-2024,5,4,1,57,45*,19,41,139.02,0,0,0,4,4,Narendra Modi Stadium
AC Voges,2010-2010,3,2,1,57,37*,57,41,139.02,0,0,0,3,2,Narendra Modi Stadium
FY Fazal,2010-2010,3,3,1,56,31,28,52,107.69,0,0,0,8,0,Narendra Modi Stadium
MEK Hussey,2014-2014,1,1,0,56,56,56,39,143.58,0,1,0,3,2,Narendra Modi Stadium
Marcus Stoinis,2021-2025,5,4,1,52,22,17.33,44,118.18,0,0,0,5,2,Narendra Modi Stadium
Aman Hakim Khan,2023-2023,1,1,0,51,51,51,44,115.9,0,1,0,3,3,Narendra Modi Stadium
Deepak Hooda,2015-2023,8,7,0,51,19,7.28,41,124.39,0,0,0,1,4,Narendra Modi Stadium
CJ Anderson,2015-2015,1,1,0,50,50,50,38,131.57,0,1,0,5,3,Narendra Modi Stadium
Glen Maxwell,2015-2025,7,6,0,50,25,8.33,42,119.04,0,0,3,2,4,Narendra Modi Stadium
Abdul Samad,2023-2024,3,3,0,49,29,16.33,29,168.96,0,0,0,4,3,Narendra Modi Stadium
DP Conway,2023-2023,2,2,0,48,47,24,31,154.83,0,0,0,4,2,Narendra Modi Stadium
KR Mayers,2023-2023,1,1,0,48,48,48,32,150,0,0,0,7,2,Narendra Modi Stadium
Rinku Singh,2023-2024,2,1,1,48,48*,-,21,228.57,0,0,0,1,6,Narendra Modi Stadium
Priyansh Arya,2025-2025,1,1,0,47,47,47,23,204.34,0,0,0,7,2,Narendra Modi Stadium
EJG Morgan,2021-2021,2,2,1,47,47*,47,42,111.9,0,0,1,4,2,Narendra Modi Stadium
Dewald Brevis,2024-2024,1,1,0,46,46,46,38,121.05,0,0,0,2,3,Narendra Modi Stadium
Nehal Wadhera,2023-2023,2,2,0,44,40,22,24,183.33,0,0,0,4,3,Narendra Modi Stadium
Pat Cummins,2021-2024,4,3,2,43,30,43,39,110.25,0,0,0,3,2,Narendra Modi Stadium
Shahbaz Ahmed,2021-2024,4,4,1,42,22,14,40,105,0,0,1,3,2,Narendra Modi Stadium
Manipal Lomror,2022-2024,2,2,0,40,32,20,27,148.14,0,0,0,2,2,Narendra Modi Stadium
DR Smith,2015-2015,1,1,0,40,40,40,29,137.93,0,0,0,3,2,Narendra Modi Stadium
Naman Dhir,2024-2025,2,2,1,38,20,38,21,180.95,0,0,0,6,1,Narendra Modi Stadium
Rahmanullah Gurbaz,2023-2024,2,2,0,38,23,19,26,146.15,0,0,0,3,3,Narendra Modi Stadium
Abhishek Sharma,2023-2024,3,3,0,37,29,12.33,29,127.58,0,0,0,3,2,Narendra Modi Stadium
KK Cooper,2014-2014,2,2,0,37,32,18.5,24,154.16,0,0,0,2,3,Narendra Modi Stadium
P Dogra,2010-2010,4,3,0,34,29,11.33,30,113.33,0,0,1,2,2,Narendra Modi Stadium
Ravindra Jadeja,2015-2024,4,3,1,34,18,17,18,188.88,0,0,0,3,2,Narendra Modi Stadium
CJ Jordan,2021-2023,4,3,0,34,30,11.33,26,130.76,0,0,0,1,3,Narendra Modi Stadium
Abishek Porel,2024-2025,2,2,0,33,18,16.5,16,206.25,0,0,0,5,2,Narendra Modi Stadium
Azmatullah Omarzai,2024-2025,5,2,0,33,17,16.5,26,126.92,0,0,0,3,2,Narendra Modi Stadium
SC Ganguly,2010-2010,1,1,0,33,33,33,29,113.79,0,0,0,3,0,Narendra Modi Stadium
Harshal Patel,2015-2024,5,2,0,32,31,16,15,213.33,0,0,0,3,2,Narendra Modi Stadium
Druv Jurel,2023-2025,3,3,0,31,18,10.33,22,140.9,0,0,0,4,1,Narendra Modi Stadium
Ambati Rayudu,2014-2023,3,2,0,31,19,15.5,20,155,0,0,0,1,3,Narendra Modi Stadium
Tristan Stubbs,2024-2025,2,1,0,31,31,31,21,147.61,0,0,0,2,1,Narendra Modi Stadium
Harpreet Brar,2021-2024,3,3,3,30,25*,-,21,142.85,0,0,0,2,2,Narendra Modi Stadium
CA Pujara,2010-2010,1,1,0,29,29,29,25,116,0,0,0,4,0,Narendra Modi Stadium
JA Morkel,2010-2010,1,1,0,28,28,28,12,233.33,0,0,0,1,3,Narendra Modi Stadium
Bhuvaneshwar Kumar,2014-2024,4,3,1,27,27,13.5,31,87.09,0,0,1,3,0,Narendra Modi Stadium
Aiden Markram,2023-2024,2,2,0,27,17,13.5,29,93.1,0,0,0,1,0,Narendra Modi Stadium
DJ Malan,2021-2021,1,1,0,26,26,26,26,100,0,0,0,1,1,Narendra Modi Stadium
Kane Williamson,2023-2024,2,1,0,26,26,26,22,118.18,0,0,0,4,0,Narendra Modi Stadium
S Badrinath,2010-2010,1,1,0,25,25,25,27,92.59,0,0,0,2,0,Narendra Modi Stadium
HH Gibbs,2010-2010,1,1,0,25,25,25,14,178.57,0,0,0,2,2,Narendra Modi Stadium
RV Patel,2023-2023,1,1,0,23,23,23,13,176.92,0,0,0,2,1,Narendra Modi Stadium
JM Bairstow,2024-2024,1,1,0,22,22,22,13,169.23,0,0,0,4,0,Narendra Modi Stadium
Nicholas Pooran,2021-2023,3,3,0,22,19,7.33,28,78.57,0,0,1,1,1,Narendra Modi Stadium
A Symonds,2010-2010,1,1,0,22,22,22,14,157.14,0,0,0,3,0,Narendra Modi Stadium
Ayush Badoni,2023-2023,1,1,0,21,21,21,11,190.9,0,0,0,1,2,Narendra Modi Stadium
Sunil Narine,2014-2024,5,4,0,21,21,5.25,22,95.45,0,0,3,4,0,Narendra Modi Stadium
IK Pathan,2014-2014,1,1,1,21,21*,-,21,100,0,0,0,2,0,Narendra Modi Stadium
Shakib Al Hasan,2014-2014,1,1,1,21,21*,-,14,150,0,0,0,1,1,Narendra Modi Stadium
Jack Fraser-McGurk,2024-2024,1,1,0,20,20,20,10,200,0,0,0,2,2,Narendra Modi Stadium
T Kohler-Cadmore,2024-2024,1,1,0,20,20,20,15,133.33,0,0,0,4,0,Narendra Modi Stadium
AJ Finch,2014-2015,2,2,1,19,10*,19,24,79.16,0,0,0,3,0,Narendra Modi Stadium
ML Hayden,2010-2010,1,1,0,19,19,19,14,135.71,0,0,0,1,1,Narendra Modi Stadium
Travis Head,2024-2024,2,2,0,19,19,9.5,16,118.75,0,0,1,3,0,Narendra Modi Stadium
SD Hope,2024-2024,1,1,0,19,19,19,10,190,0,0,0,1,2,Narendra Modi Stadium
Mitchell Santner,2023-2025,3,3,2,19,18*,19,14,135.71,0,0,1,1,2,Narendra Modi Stadium
OA Shah,2010-2010,1,1,1,19,19*,-,17,111.76,0,0,0,0,2,Narendra Modi Stadium
PP Chawla,2023-2024,3,3,0,18,18,6,15,120,0,0,2,1,1,Narendra Modi Stadium
M Markande,2023-2024,2,1,1,18,18*,-,9,200,0,0,0,2,1,Narendra Modi Stadium
Suresh Raina,2010-2015,2,2,0,18,14,9,20,90,0,0,0,1,0,Narendra Modi Stadium
GC Smith,2010-2010,1,1,0,18,18,18,17,105.88,0,0,0,3,0,Narendra Modi Stadium
Ravichandra Ashwin,2015-2024,5,3,1,16,10,8,12,133.33,0,0,0,1,1,Narendra Modi Stadium
R Bhatia,2014-2014,4,3,2,16,6*,16,13,123.07,0,0,0,1,1,Narendra Modi Stadium
KA Jamieson,2021-2021,2,1,1,16,16*,-,11,145.45,0,0,0,1,1,Narendra Modi Stadium
PA Patel,2015-2015,1,1,0,16,16,16,11,145.45,0,0,0,2,0,Narendra Modi Stadium
Romen Powell,2024-2024,1,1,1,16,16*,-,8,200,0,0,0,2,1,Narendra Modi Stadium
Jitesh Sharma,2024-2024,1,1,0,16,16,16,8,200,0,0,0,0,2,Narendra Modi Stadium
Sikandar Raza,2024-2024,1,1,0,15,15,15,16,93.75,0,0,0,0,0,Narendra Modi Stadium
UBT Chand,2014-2015,2,2,0,14,12,7,26,53.84,0,0,0,1,0,Narendra Modi Stadium
R Shukla,2014-2014,1,1,0,14,14,14,12,116.66,0,0,0,2,0,Narendra Modi Stadium
Tim David,2023-2024,3,3,0,13,11,4.33,15,86.66,0,0,1,1,0,Narendra Modi Stadium
Ishan Kishan,2023-2024,3,2,0,13,13,6.5,25,52,0,0,1,1,0,Narendra Modi Stadium
MG Johnson,2015-2015,1,1,1,13,13*,-,7,185.71,0,0,0,1,0,Narendra Modi Stadium
KP Pietersen,2014-2014,1,1,0,13,13,13,18,72.22,0,0,0,1,0,Narendra Modi Stadium
Arjun Tendulkar,2023-2023,1,1,0,13,13,13,9,144.44,0,0,0,0,1,Narendra Modi Stadium
BB McCullum,2015-2015,1,1,0,12,12,12,7,171.42,0,0,0,3,0,Narendra Modi Stadium
Trent Boult,2022-2025,5,2,1,11,11,11,8,137.5,0,0,0,0,1,Narendra Modi Stadium
MC Henriques,2014-2021,2,2,0,11,9,5.5,16,68.75,0,0,0,1,0,Narendra Modi Stadium
M Manhas,2010-2010,1,1,1,11,11*,-,10,110,0,0,0,1,0,Narendra Modi Stadium
Swapnil Singh,2023-2024,3,2,2,11,9*,-,8,137.5,0,0,0,0,1,Narendra Modi Stadium
PK Garg,2023-2023,1,1,0,10,10,10,14,71.42,0,0,0,0,0,Narendra Modi Stadium
VVS Laxman,2010-2010,1,1,0,10,10,10,12,83.33,0,0,0,1,0,Narendra Modi Stadium
R Sharma,2010-2010,1,1,0,10,10,10,5,200,0,0,0,0,1,Narendra Modi Stadium
Nitish Kumar Reddy,2024-2024,1,1,0,9,9,9,10,90,0,0,0,1,0,Narendra Modi Stadium
MD Shanaka,2023-2023,1,1,1,9,9*,-,7,128.57,0,0,0,1,0,Narendra Modi Stadium
DW Steyn,2014-2014,1,1,0,9,9,9,8,112.5,0,0,0,1,0,Narendra Modi Stadium
TL Suman,2010-2010,1,1,0,9,9,9,15,60,0,0,0,0,0,Narendra Modi Stadium
Sumit Kumar,2024-2024,1,1,1,9,9*,-,9,100,0,0,0,2,0,Narendra Modi Stadium
BCJ Cutting,2014-2014,1,1,0,8,8,8,6,133.33,0,0,0,0,1,Narendra Modi Stadium
JP Duminy,2014-2014,1,1,0,8,8,8,8,100,0,0,0,0,1,Narendra Modi Stadium
DS Kulkarni,2014-2015,5,2,1,8,7*,8,8,100,0,0,0,1,0,Narendra Modi Stadium
OC McCoy,2022-2022,2,1,0,8,8,8,5,160,0,0,0,0,1,Narendra Modi Stadium
Rilee Rossouw,2023-2023,1,1,0,8,8,8,6,133.33,0,0,0,2,0,Narendra Modi Stadium
WPUJC Vaas,2010-2010,1,1,0,8,8,8,13,61.53,0,0,0,0,0,Narendra Modi Stadium
Mathew Wade,2022-2024,2,1,0,8,8,8,10,80,0,0,0,0,1,Narendra Modi Stadium
DA Warner,2014-2023,2,2,0,8,6,4,9,88.88,0,0,0,0,0,Narendra Modi Stadium
Kagiso Rabada,2021-2025,6,1,1,7,7*,-,5,140,0,0,0,0,1,Narendra Modi Stadium
Sanvir Singh,2023-2024,2,2,0,7,7,3.5,7,100,0,0,1,0,1,Narendra Modi Stadium
Ben Stokes,2023-2023,1,1,0,7,7,7,6,116.66,0,0,0,1,0,Narendra Modi Stadium
V Viyaskanth,2024-2024,1,1,1,7,7*,-,5,140,0,0,0,0,0,Narendra Modi Stadium
JP Behrendorff,2023-2023,2,2,2,6,3*,-,9,66.66,0,0,0,0,0,Narendra Modi Stadium
N Jagadeesan,2023-2023,1,1,0,6,6,6,8,75,0,0,0,1,0,Narendra Modi Stadium
K Kartikeya,2023-2023,2,1,0,6,6,6,7,85.71,0,0,0,1,0,Narendra Modi Stadium
Ryan Rickelton,2025-2025,1,1,0,6,6,6,9,66.66,0,0,0,1,0,Narendra Modi Stadium
DR Sams,2021-2021,2,2,1,6,3*,6,6,100,0,0,0,0,0,Narendra Modi Stadium
Sandeep Sharma,2015-2025,4,1,1,6,6*,-,5,120,0,0,0,0,0,Narendra Modi Stadium
Washington Sundar,2021-2024,2,2,0,6,6,3,10,60,0,0,1,0,0,Narendra Modi Stadium
Anmolpreet Singh,2023-2023,1,1,0,5,5,5,4,125,0,0,0,1,0,Narendra Modi Stadium
SA Asnodkar,2010-2010,1,1,0,5,5,5,4,125,0,0,0,1,0,Narendra Modi Stadium
Sam Curran,2024-2024,1,1,0,5,5,5,8,62.5,0,0,0,0,0,Narendra Modi Stadium
Ravi Bishnoi,2021-2023,4,2,1,5,4*,5,9,55.55,0,0,0,1,0,Narendra Modi Stadium
Karn Sharma,2014-2024,3,2,0,5,5,2.5,5,100,0,0,1,1,0,Narendra Modi Stadium
PV Tambe,2014-2015,7,2,1,5,3,5,11,45.45,0,0,0,0,0,Narendra Modi Stadium
M Theekshana,2023-2025,2,1,0,5,5,5,13,38.46,0,0,0,0,0,Narendra Modi Stadium
Vishnu Vinod,2023-2023,1,1,0,5,5,5,7,71.42,0,0,0,0,0,Narendra Modi Stadium
Umesh Yadav,2014-2024,6,1,1,5,5*,-,6,83.33,0,0,0,0,0,Narendra Modi Stadium
Ankit Sharma,2014-2015,2,1,0,4,4,4,3,133.33,0,0,0,0,0,Narendra Modi Stadium
Jofra Archer,2025-2025,1,1,0,4,4,4,4,100,0,0,0,0,0,Narendra Modi Stadium
Imran Tahir,2014-2014,1,1,0,4,4,4,6,66.66,0,0,0,1,0,Narendra Modi Stadium
Kuldeep Yadav,2023-2025,3,2,2,4,4*,-,2,200,0,0,0,1,0,Narendra Modi Stadium
MM Patel,2010-2010,2,1,1,4,4*,-,3,133.33,0,0,0,0,0,Narendra Modi Stadium
LRPL Taylor,2014-2014,1,1,0,4,4,4,5,80,0,0,0,0,0,Narendra Modi Stadium
A Uniyal,2010-2010,1,1,1,4,4*,-,6,66.66,0,0,0,0,0,Narendra Modi Stadium
KB Arun Karthik,2010-2010,1,1,1,3,3*,-,5,60,0,0,0,0,0,Narendra Modi Stadium
Tushar Deshpande,2023-2025,4,1,0,3,3,3,3,100,0,0,0,0,0,Narendra Modi Stadium
KM Jadhav,2014-2014,1,1,0,3,3,3,3,100,0,0,0,0,0,Narendra Modi Stadium
Morco Jansen,2023-2025,2,1,0,3,3,3,6,50,0,0,0,0,0,Narendra Modi Stadium
AD Mascarenhas,2010-2010,1,1,0,3,3,3,3,100,0,0,0,0,0,Narendra Modi Stadium
Robin Minz,2025-2025,1,1,0,3,3,3,6,50,0,0,0,0,0,Narendra Modi Stadium
CH Morris,2015-2015,4,1,1,3,3*,-,3,100,0,0,0,0,0,Narendra Modi Stadium
Anrich Nortje,2023-2023,1,1,1,3,3*,-,6,50,0,0,0,0,0,Narendra Modi Stadium
Shardul Thakur,2023-2024,2,2,1,3,3*,3,5,60,0,0,1,0,0,Narendra Modi Stadium
S Kaul,2014-2014,1,1,1,2,2*,-,2,100,0,0,0,0,0,Narendra Modi Stadium
S Narwal,2010-2010,2,1,1,2,2*,-,2,100,0,0,0,0,0,Narendra Modi Stadium
Mohit Sharma,2015-2025,15,2,1,2,2,2,15,13.33,0,0,0,0,0,Narendra Modi Stadium
Mitchell Starc,2015-2025,3,1,1,2,2*,-,2,100,0,0,0,0,0,Narendra Modi Stadium
T Thushara,2010-2010,1,1,1,2,2*,-,3,66.66,0,0,0,0,0,Narendra Modi Stadium
Y Venugopal Rao,2010-2010,1,1,0,2,2,2,5,40,0,0,0,0,0,Narendra Modi Stadium
Arshad Khan,2025-2025,3,2,2,1,1*,-,1,100,0,0,0,0,0,Narendra Modi Stadium
Arshdeep Singh,2021-2025,3,1,1,1,1*,-,1,100,0,0,0,0,0,Narendra Modi Stadium
Jasprit Bumrah,2014-2024,2,1,1,1,1*,-,1,100,0,0,0,0,0,Narendra Modi Stadium
G Coetzee,2024-2024,1,1,0,1,1,1,3,33.33,0,0,0,0,0,Narendra Modi Stadium
Shubam Dubey,2025-2025,1,1,0,1,1,1,3,33.33,0,0,0,0,0,Narendra Modi Stadium
Fazalhaq Farooqi,2023-2025,2,1,1,1,1*,-,5,20,0,0,0,0,0,Narendra Modi Stadium
D Ferreira,2025-2025,1,1,0,1,1,1,3,33.33,0,0,0,0,0,Narendra Modi Stadium
AC Gilchrist,2010-2010,1,1,0,1,1,1,3,33.33,0,0,0,0,0,Narendra Modi Stadium
S Gopal,2014-2015,2,1,1,1,1*,-,1,100,0,0,0,0,0,Narendra Modi Stadium
Josh Hazlewood,2022-2022,1,1,1,1,1*,-,2,50,0,0,0,0,0,Narendra Modi Stadium
Spencer Johnson,2024-2024,2,1,1,1,1*,-,1,100,0,0,0,0,0,Narendra Modi Stadium
Mohammed Shami,2021-2023,13,2,1,1,1*,1,3,33.33,0,0,1,0,0,Narendra Modi Stadium
SZ Mulani,2024-2024,1,1,1,1,1*,-,1,100,0,0,0,0,0,Narendra Modi Stadium
S Nadeem,2014-2014,1,1,0,1,1,1,4,25,0,0,0,0,0,Narendra Modi Stadium
Noor Ahmad,2023-2024,12,2,0,1,1,0.5,8,12.5,0,0,1,0,0,Narendra Modi Stadium
MK Pandey,2014-2023,2,2,0,1,1,0.5,4,25,0,0,1,0,0,Narendra Modi Stadium
Rachin Ravindra,2024-2024,1,1,0,1,1,1,2,50,0,0,0,0,0,Narendra Modi Stadium
KW Richardson,2014-2014,1,1,0,1,1,1,2,50,0,0,0,0,0,Narendra Modi Stadium
Sai Kishore,2022-2025,7,1,0,1,1,1,1,100,0,0,0,0,0,Narendra Modi Stadium
RP Singh,2010-2010,1,1,1,1,1*,-,4,25,0,0,0,0,0,Narendra Modi Stadium
SW Tait,2010-2010,4,1,1,1,1*,-,1,100,0,0,0,0,0,Narendra Modi Stadium
SK Warne,2010-2010,4,2,0,1,1,0.5,2,50,0,0,1,0,0,Narendra Modi Stadium
TM Dilshan,2010-2010,1,1,0,0,0,0,1,0,0,0,1,0,0,Narendra Modi Stadium
PW Hasaranga,2022-2022,1,1,0,0,0,0,1,0,0,0,1,0,0,Narendra Modi Stadium
AS Joseph,2023-2023,4,1,1,0,0*,-,0,-,0,0,0,0,0,Narendra Modi Stadium
AD Mathews,2010-2010,1,1,0,0,0,0,0,-,0,0,1,0,0,Narendra Modi Stadium
RP Meredith,2021-2023,3,1,1,0,0*,-,2,0,0,0,0,0,0,Narendra Modi Stadium
A Mishra,2010-2021,3,1,0,0,0,0,2,0,0,0,1,0,0,Narendra Modi Stadium
Mohammed Siraj,2021-2025,9,1,1,0,0*,-,1,0,0,0,0,0,0,Narendra Modi Stadium
Vipraj Nigam,2025-2025,1,1,0,0,0,0,1,0,0,0,1,0,0,Narendra Modi Stadium
PP Ojha,2010-2014,2,1,1,0,0*,-,0,-,0,0,0,0,0,Narendra Modi Stadium
Krunal Pandya,2023-2023,1,1,0,0,0,0,1,0,0,0,1,0,0,Narendra Modi Stadium
Prasidh Krishna,2021-2025,8,1,1,0,0*,-,0,-,0,0,0,0,0,Narendra Modi Stadium
Phil Salt,2023-2023,1,1,0,0,0,0,1,0,0,0,1,0,0,Narendra Modi Stadium
J Suchith,2015-2015,1,1,1,0,0*,-,1,0,0,0,0,0,0,Narendra Modi Stadium
RN ten Doeschate,2014-2014,1,1,0,0,0,0,1,0,0,0,1,0,0,Narendra Modi Stadium
S Ladda,2010-2010,1,-,-,-,-,-,-,-,-,-,-,-,-,Narendra Modi Stadium
Khaleel Ahmed,2023-2024,2,-,-,-,-,-,-,-,-,-,-,-,-,Narendra Modi Stadium
Anureet Singh,2015-2015,1,-,-,-,-,-,-,-,-,-,-,-,-,Narendra Modi Stadium
VG Arora,2024-2024,1,-,-,-,-,-,-,-,-,-,-,-,-,Narendra Modi Stadium
Avesh Khan,2021-2024,5,-,-,-,-,-,-,-,-,-,-,-,-,Narendra Modi Stadium
SE Bond,2010-2010,1,-,-,-,-,-,-,-,-,-,-,-,-,Narendra Modi Stadium
YS Chahal,2015-2025,8,-,-,-,-,-,-,-,-,-,-,-,-,Narendra Modi Stadium
DL Chahar,2023-2025,3,-,-,-,-,-,-,-,-,-,-,-,-,Narendra Modi Stadium
AB Dinda,2010-2010,1,-,-,-,-,-,-,-,-,-,-,-,-,Narendra Modi Stadium
LH Ferguson,2022-2024,3,-,-,-,-,-,-,-,-,-,-,-,-,Narendra Modi Stadium
RS Hangargekar,2023-2023,1,-,-,-,-,-,-,-,-,-,-,-,-,Narendra Modi Stadium
Harbhajan Singh,2014-2014,1,-,-,-,-,-,-,-,-,-,-,-,-,Narendra Modi Stadium
Harshit Rana,2024-2024,1,-,-,-,-,-,-,-,-,-,-,-,-,Narendra Modi Stadium
Iqbal Abdulla,2015-2015,1,-,-,-,-,-,-,-,-,-,-,-,-,Narendra Modi Stadium
SB Jakati,2010-2010,1,-,-,-,-,-,-,-,-,-,-,-,-,Narendra Modi Stadium
Joginder Sharma,2010-2010,1,-,-,-,-,-,-,-,-,-,-,-,-,Narendra Modi Stadium
M Kartik,2010-2010,1,-,-,-,-,-,-,-,-,-,-,-,-,Narendra Modi Stadium
Kartik Tyagi,2024-2024,1,-,-,-,-,-,-,-,-,-,-,-,-,Narendra Modi Stadium
SN Khan,2015-2015,1,-,-,-,-,-,-,-,-,-,-,-,-,Narendra Modi Stadium
K Khejroliya,2025-2025,1,-,-,-,-,-,-,-,-,-,-,-,-,Narendra Modi Stadium
JB Little,2023-2023,6,-,-,-,-,-,-,-,-,-,-,-,-,Narendra Modi Stadium
MF Maharoof,2010-2010,1,-,-,-,-,-,-,-,-,-,-,-,-,Narendra Modi Stadium
SL Malinga,2015-2015,1,-,-,-,-,-,-,-,-,-,-,-,-,Narendra Modi Stadium
Mandeep Singh,2015-2015,1,-,-,-,-,-,-,-,-,-,-,-,-,Narendra Modi Stadium
A Madhwal,2023-2023,1,-,-,-,-,-,-,-,-,-,-,-,-,Narendra Modi Stadium
Mohsin Khan,2023-2023,1,-,-,-,-,-,-,-,-,-,-,-,-,Narendra Modi Stadium
Mujeeb Ur Rahman,2025-2025,1,-,-,-,-,-,-,-,-,-,-,-,-,Narendra Modi Stadium
Mukesh Kumar,2024-2025,2,-,-,-,-,-,-,-,-,-,-,-,-,Narendra Modi Stadium
M Muralidaran,2010-2010,1,-,-,-,-,-,-,-,-,-,-,-,-,Narendra Modi Stadium
DG Nalkande,2024-2024,2,-,-,-,-,-,-,-,-,-,-,-,-,Narendra Modi Stadium
DP Nannes,2010-2010,1,-,-,-,-,-,-,-,-,-,-,-,-,Narendra Modi Stadium
T Natarajan,2023-2024,2,-,-,-,-,-,-,-,-,-,-,-,-,Narendra Modi Stadium
A Nehra,2015-2015,1,-,-,-,-,-,-,-,-,-,-,-,-,Narendra Modi Stadium
IC Pandey,2015-2015,1,-,-,-,-,-,-,-,-,-,-,-,-,Narendra Modi Stadium
M Pathirana,2023-2023,1,-,-,-,-,-,-,-,-,-,-,-,-,Narendra Modi Stadium
PVSN Raju,2025-2025,1,-,-,-,-,-,-,-,-,-,-,-,-,Narendra Modi Stadium
Ramandeep Singh,2024-2024,1,-,-,-,-,-,-,-,-,-,-,-,-,Narendra Modi Stadium
S Sandeep Warrier,2024-2024,3,-,-,-,-,-,-,-,-,-,-,-,-,Narendra Modi Stadium
PJ Sangwan,2010-2010,1,-,-,-,-,-,-,-,-,-,-,-,-,Narendra Modi Stadium
K Santokie,2014-2014,1,-,-,-,-,-,-,-,-,-,-,-,-,Narendra Modi Stadium
I Sharma,2010-2025,8,-,-,-,-,-,-,-,-,-,-,-,-,Narendra Modi Stadium
Shivam Mavi,2021-2021,2,-,-,-,-,-,-,-,-,-,-,-,-,Narendra Modi Stadium
Shivam Sharma,2015-2015,1,-,-,-,-,-,-,-,-,-,-,-,-,Narendra Modi Stadium
Simarjeet Singh,2024-2024,1,-,-,-,-,-,-,-,-,-,-,-,-,Narendra Modi Stadium
TG Southee,2014-2015,2,-,-,-,-,-,-,-,-,-,-,-,-,Narendra Modi Stadium
Suryansh Shedge,2025-2025,1,-,-,-,-,-,-,-,-,-,-,-,-,Narendra Modi Stadium
P Suyal,2015-2015,1,-,-,-,-,-,-,-,-,-,-,-,-,Narendra Modi Stadium
Suyash Sharma,2023-2023,1,-,-,-,-,-,-,-,-,-,-,-,-,Narendra Modi Stadium
AP Tare,2014-2014,1,-,-,-,-,-,-,-,-,-,-,-,-,Narendra Modi Stadium
Yash Thakur,2023-2023,1,-,-,-,-,-,-,-,-,-,-,-,-,Narendra Modi Stadium
SK Trivedi,2010-2010,3,-,-,-,-,-,-,-,-,-,-,-,-,Narendra Modi Stadium
JD Unadkat,2024-2024,1,-,-,-,-,-,-,-,-,-,-,-,-,Narendra Modi Stadium
CV Varun,2021-2024,4,-,-,-,-,-,-,-,-,-,-,-,-,Narendra Modi Stadium
R Vinay Kumar,2014-2015,2,-,-,-,-,-,-,-,-,-,-,-,-,Narendra Modi Stadium
V Vyshak,2025-2025,1,-,-,-,-,-,-,-,-,-,-,-,-,Narendra Modi Stadium
D Wiese,2015-2015,1,-,-,-,-,-,-,-,-,-,-,-,-,Narendra Modi Stadium
L Wood,2024-2024,1,-,-,-,-,-,-,-,-,-,-,-,-,Narendra Modi Stadium
Lalit Yadav,2021-2021,2,-,-,-,-,-,-,-,-,-,-,-,-,Narendra Modi Stadium
Yash Dayal,2022-2024,6,-,-,-,-,-,-,-,-,-,-,-,-,Narendra Modi Stadium
A Zampa,2023-2023,1,-,-,-,-,-,-,-,-,-,-,-,-,Narendra Modi Stadium
,,,,,,,,,,,,,,,
David Warner,2010-2024,36,36,4,1048,107*,32.75,823,127.33,1,9,2,119,31,Arun Jaitley Stadium
Rishabh Pant,2016-2024,29,29,3,978,128*,37.61,611,160.06,1,6,2,82,58,Arun Jaitley Stadium
V Sehwag,2008-2015,33,33,2,933,95*,30.09,563,165.71,0,7,2,116,38,Arun Jaitley Stadium
Syes Iyer,2015-2019,29,29,3,855,93*,32.88,673,127.04,0,7,2,59,42,Arun Jaitley Stadium
S Dhawan,2008-2023,22,22,3,726,92*,38.21,554,131.04,0,8,1,83,19,Arun Jaitley Stadium
G Gambhir,2008-2018,20,19,1,672,86,37.33,501,134.13,0,6,0,76,11,Arun Jaitley Stadium
Dinesh Karthik,2008-2023,29,25,2,647,69,28.13,477,135.63,0,6,1,58,27,Arun Jaitley Stadium
Axar Patel,2014-2025,26,26,10,570,66,35.62,397,143.57,0,2,0,41,32,Arun Jaitley Stadium
Sanju Samson,2013-2025,21,21,1,544,86,27.2,417,130.45,0,3,2,45,25,Arun Jaitley Stadium
Virat Kohli,2008-2025,11,11,3,534,99,66.75,379,140.89,0,7,0,55,14,Arun Jaitley Stadium
Karun Nair,2014-2025,19,18,1,532,89,31.29,382,139.26,0,4,2,71,11,Arun Jaitley Stadium
Rohit Sharma,2008-2025,16,16,1,454,73,30.26,338,134.31,0,3,0,39,19,Arun Jaitley Stadium
PP Shaw,2018-2024,20,20,0,431,99,21.55,299,144.14,0,2,0,59,11,Arun Jaitley Stadium
JP Duminy,2012-2016,15,13,5,403,78*,50.37,323,124.76,0,1,0,23,16,Arun Jaitley Stadium
DPMD Jayawardene,2008-2013,17,17,3,389,59,27.78,333,116.81,0,3,0,47,6,Arun Jaitley Stadium
Suresh Raina,2008-2021,13,13,4,370,82*,41.11,259,142.85,0,2,0,32,16,Arun Jaitley Stadium
Chris Gayle,2010-2019,7,7,2,367,128*,73.4,219,167.57,1,2,0,29,28,Arun Jaitley Stadium
KP Pietersen,2010-2014,11,11,3,353,103*,44.12,242,145.86,1,1,1,30,21,Arun Jaitley Stadium
Abishek Porel,2023-2025,11,10,0,336,65,33.6,207,162.31,0,2,0,33,15,Arun Jaitley Stadium
Quinton de Kock,2014-2024,12,12,2,312,70*,31.2,246,126.82,0,2,0,36,9,Arun Jaitley Stadium
Ambati Rayudu,2010-2023,12,10,2,309,72*,38.62,197,156.85,0,3,0,25,18,Arun Jaitley Stadium
KM Jadhav,2010-2023,23,19,7,294,33,24.5,241,121.99,0,0,2,21,11,Arun Jaitley Stadium
Ajinkya Rahane,2012-2025,11,9,2,280,84*,40,223,125.56,0,2,1,27,6,Arun Jaitley Stadium
Manish Pandey,2012-2023,14,11,2,278,69*,30.88,220,126.36,0,2,2,23,7,Arun Jaitley Stadium
Kiren Pollard,2010-2021,12,11,5,271,87*,45.16,153,177.12,0,2,0,18,19,Arun Jaitley Stadium
Jos Buttler,2016-2024,5,5,0,253,124,50.6,145,174.48,1,1,0,20,19,Arun Jaitley Stadium
T Stubbs,2024-2025,9,9,4,252,57*,50.4,131,192.36,0,1,0,22,14,Arun Jaitley Stadium
Faf du Plessis,2012-2025,7,6,0,250,62,41.66,181,138.12,0,3,0,25,8,Arun Jaitley Stadium
David Miller,2012-2024,12,12,4,248,55,31,200,124,0,1,0,20,8,Arun Jaitley Stadium
Krunal Pandya,2016-2025,7,7,2,239,73*,47.8,160,149.37,0,1,0,21,10,Arun Jaitley Stadium
NV Ojha,2010-2017,21,20,5,236,34,15.73,207,114,0,0,0,16,14,Arun Jaitley Stadium
DR Smith,2008-2017,7,7,0,235,79,33.57,145,162.06,0,3,0,20,16,Arun Jaitley Stadium
Y Venugopal Rao,2008-2013,12,10,2,235,40,29.37,188,125,0,0,0,26,5,Arun Jaitley Stadium
Yuvraj Singh,2008-2018,11,10,2,232,70*,29,179,129.6,0,1,0,26,9,Arun Jaitley Stadium
Jack Fraser-McGurk,2024-2025,7,7,0,231,84,33,88,262.5,0,3,2,27,18,Arun Jaitley Stadium
MK Tiwary,2008-2017,12,10,5,227,61*,45.4,178,127.52,0,2,1,21,6,Arun Jaitley Stadium
RV Uthappa,2008-2019,10,10,1,227,72,25.22,161,140.99,0,1,0,24,6,Arun Jaitley Stadium
BB McCullum,2011-2017,6,6,0,218,60,36.33,166,131.32,0,2,0,28,5,Arun Jaitley Stadium
Andre Russell,2012-2025,9,7,1,216,62,36,131,164.88,0,1,0,13,19,Arun Jaitley Stadium
PA Patel,2010-2019,10,10,1,207,45,23,159,130.18,0,0,0,30,3,Arun Jaitley Stadium
PD Collingwood,2010-2010,5,5,2,199,75*,66.33,148,134.45,0,3,0,9,13,Arun Jaitley Stadium
Suryakumar Yadav,2014-2025,12,11,0,198,40,18,139,142.44,0,0,1,18,8,Arun Jaitley Stadium
IK Pathan,2008-2014,24,18,7,193,36,17.54,181,106.62,0,0,2,13,7,Arun Jaitley Stadium
Sachin Tendulkar,2008-2013,5,5,1,188,63,47,152,123.68,0,2,0,20,4,Arun Jaitley Stadium
LRPL Taylor,2008-2012,9,9,0,187,55,20.77,146,128.08,0,1,1,12,9,Arun Jaitley Stadium
MS Dhoni,2008-2023,12,9,3,186,44,31,166,112.04,0,0,0,13,5,Arun Jaitley Stadium
MA Agarwal,2012-2023,11,10,1,177,52*,19.66,156,113.46,0,1,0,21,4,Arun Jaitley Stadium
Abhishek Sharma,2018-2024,5,5,2,176,67,58.66,81,217.28,0,1,0,17,12,Arun Jaitley Stadium
Phip Salt,2023-2023,5,5,0,175,87,35,106,165.09,0,2,0,21,6,Arun Jaitley Stadium
CH Morris,2013-2021,15,8,3,170,82*,34,88,193.18,0,1,1,11,13,Arun Jaitley Stadium
Vijay Shankar,2018-2023,10,9,5,170,43*,42.5,136,125,0,0,0,14,5,Arun Jaitley Stadium
R Dravid,2008-2013,5,5,0,169,65,33.8,138,122.46,0,1,0,20,3,Arun Jaitley Stadium
YK Pathan,2008-2019,11,9,3,166,59,27.66,129,128.68,0,1,0,18,5,Arun Jaitley Stadium
Tilak Varma,2023-2025,3,3,0,163,63,54.33,94,173.4,0,2,0,11,11,Arun Jaitley Stadium
Ravindra Jadeja,2008-2023,14,9,6,159,29,53,122,130.32,0,0,0,10,7,Arun Jaitley Stadium
JH Kallis,2008-2014,5,5,1,159,54,39.75,130,122.3,0,2,0,18,2,Arun Jaitley Stadium
Hardik Pandya,2015-2025,10,9,2,159,46,22.71,88,180.68,0,0,1,10,12,Arun Jaitley Stadium
Ruturaj Gaikwad,2021-2023,3,3,0,158,79,52.66,98,161.22,0,2,0,16,7,Arun Jaitley Stadium
Sam Billings,2016-2018,5,5,0,155,55,31,111,139.63,0,2,0,15,4,Arun Jaitley Stadium
Y Nagar,2011-2012,12,10,2,155,27,19.37,119,130.25,0,0,1,12,7,Arun Jaitley Stadium
Kane Williamson,2017-2021,4,4,2,153,83*,76.5,108,141.66,0,1,0,14,4,Arun Jaitley Stadium
MEK Hussey,2013-2013,2,2,2,151,86*,-,108,139.81,0,2,0,16,4,Arun Jaitley Stadium
KL Rahul,2014-2025,8,7,0,141,41,20.14,116,121.55,0,0,0,12,4,Arun Jaitley Stadium
AB de Villiers,2008-2019,9,7,2,139,72*,27.8,90,154.44,0,1,1,9,9,Arun Jaitley Stadium
Murali Vijay,2010-2016,9,9,1,133,35,16.62,113,117.69,0,0,1,12,3,Arun Jaitley Stadium
SE Marsh,2008-2016,5,5,0,128,95,25.6,86,148.83,0,1,0,15,6,Arun Jaitley Stadium
Sai Sudharsan,2023-2024,2,2,1,127,65,127,87,145.97,0,2,0,11,4,Arun Jaitley Stadium
Shane Watson,2008-2019,6,6,2,123,44,30.75,93,132.25,0,0,0,12,6,Arun Jaitley Stadium
CJ Anderson,2017-2017,6,6,3,114,41*,38,80,142.5,0,0,0,7,8,Arun Jaitley Stadium
Mitchell Marsh,2010-2023,6,6,0,111,63,18.5,92,120.65,0,1,0,5,7,Arun Jaitley Stadium
KC Sangakkara,2010-2013,4,4,0,111,49,27.75,100,111,0,0,0,16,1,Arun Jaitley Stadium
DJ Hussey,2010-2013,4,4,1,109,40*,36.33,98,111.22,0,0,0,8,5,Arun Jaitley Stadium
Riyan Parag,2019-2025,5,5,2,108,50,36,97,111.34,0,1,0,7,6,Arun Jaitley Stadium
BJ Hodge,2011-2013,4,4,2,105,54*,52.5,67,156.71,0,1,0,8,6,Arun Jaitley Stadium
SS Tiwary,2010-2016,6,4,1,105,61,35,79,132.91,0,1,0,7,5,Arun Jaitley Stadium
AD Mathews,2010-2017,9,7,2,103,28,20.6,68,151.47,0,0,1,11,3,Arun Jaitley Stadium
Prabhsimran Singh,2023-2023,1,1,0,103,103,103,65,158.46,1,0,0,10,6,Arun Jaitley Stadium
JR Hopes,2008-2011,6,4,1,100,54,33.33,93,107.52,0,1,0,8,2,Arun Jaitley Stadium
Mandeep Singh,2010-2023,7,6,0,100,30,16.66,83,120.48,0,0,1,11,3,Arun Jaitley Stadium
Yashasvi Jaiswal,2021-2025,4,4,0,99,51,24.75,72,137.5,0,1,0,8,6,Arun Jaitley Stadium
WP Saha,2010-2024,7,7,1,99,39,16.5,82,120.73,0,0,0,11,2,Arun Jaitley Stadium
UBT Chand,2011-2015,5,5,0,96,41,19.2,77,124.67,0,0,1,10,3,Arun Jaitley Stadium
AJ Finch,2011-2018,7,7,0,94,50,13.42,80,117.5,0,1,1,12,2,Arun Jaitley Stadium
Glen Maxwell,2014-2023,10,10,0,94,27,9.4,83,113.25,0,0,3,7,4,Arun Jaitley Stadium
ML Hayden,2010-2010,1,1,0,93,93,93,43,216.27,0,1,0,9,7,Arun Jaitley Stadium
MC Henriques,2013-2017,5,4,1,93,31,31,67,138.8,0,0,0,8,2,Arun Jaitley Stadium
Travis Head,2017-2024,2,2,0,91,89,45.5,34,267.64,0,1,0,11,6,Arun Jaitley Stadium
Deepak Hooda,2015-2024,6,5,0,89,54,17.8,60,148.33,0,1,1,4,6,Arun Jaitley Stadium
Dewon Conway,2023-2023,1,1,0,87,87,87,52,167.3,0,1,0,11,3,Arun Jaitley Stadium
JD Ryder,2012-2012,1,1,0,86,86,86,58,148.27,0,1,0,7,4,Arun Jaitley Stadium
M Vohra,2013-2017,5,5,0,86,42,17.2,67,128.35,0,0,0,10,3,Arun Jaitley Stadium
JM Bairstow,2019-2021,3,3,0,85,48,28.33,54,157.4,0,0,0,14,2,Arun Jaitley Stadium
SD Hope,2024-2024,4,4,0,85,41,21.25,51,166.66,0,0,0,4,7,Arun Jaitley Stadium
A Mishra,2008-2019,45,13,8,84,16*,16.8,89,94.38,0,0,0,3,2,Arun Jaitley Stadium
M Manhas,2008-2014,7,4,1,82,32*,27.33,75,109.33,0,0,0,8,0,Arun Jaitley Stadium
SPD Smith,2012-2017,4,3,1,82,38,41,54,151.85,0,0,0,10,3,Arun Jaitley Stadium
Shivam Dube,2019-2023,3,3,0,81,35,27,56,144.64,0,0,0,2,7,Arun Jaitley Stadium
LMP Simmons,2015-2017,2,2,0,81,66,40.5,57,142.1,0,1,0,8,4,Arun Jaitley Stadium
TM Dilshan,2008-2012,8,8,0,77,17,9.62,68,113.23,0,0,2,11,1,Arun Jaitley Stadium
Moen Ali,2018-2023,4,3,0,74,58,24.66,47,157.44,0,1,0,8,5,Arun Jaitley Stadium
ST Jayasuriya,2008-2010,2,2,0,73,66,36.5,52,140.38,0,1,0,7,5,Arun Jaitley Stadium
AC Gilchrist,2008-2013,4,4,0,72,42,18,54,133.33,0,0,0,14,1,Arun Jaitley Stadium
CA Ingram,2011-2019,7,7,1,72,19,12,68,105.88,0,0,0,7,1,Arun Jaitley Stadium
Henrich Klaasen,2019-2024,3,3,1,71,53*,35.5,38,186.84,0,1,0,2,6,Arun Jaitley Stadium
CL White,2010-2013,4,4,1,70,31*,23.33,72,97.22,0,0,0,7,1,Arun Jaitley Stadium
Tim David,2023-2025,3,3,2,69,37,69,33,209.09,0,0,0,5,5,Arun Jaitley Stadium
MF Maharoof,2008-2010,8,5,1,67,28,16.75,44,152.27,0,0,2,6,4,Arun Jaitley Stadium
P Negi,2012-2017,8,7,6,67,19*,67,45,148.88,0,0,0,7,2,Arun Jaitley Stadium
DJ Bravo,2010-2019,8,7,2,66,22,13.2,58,113.79,0,0,0,6,1,Arun Jaitley Stadium
JJ Roy,2018-2023,3,3,0,66,43,22,61,108.19,0,0,0,8,2,Arun Jaitley Stadium
Vipraj Nigam,2025-2025,4,3,0,64,38,21.33,33,193.93,0,0,0,6,4,Arun Jaitley Stadium
Nithish Rana,2017-2025,5,4,0,64,51,16,44,145.45,0,1,0,8,2,Arun Jaitley Stadium
Sunil Narine,2012-2025,9,6,2,63,27,15.75,38,165.78,0,0,0,4,5,Arun Jaitley Stadium
Ishan Kishan,2016-2024,5,5,0,62,31,12.4,65,95.38,0,0,0,10,0,Arun Jaitley Stadium
MK Lomror,2019-2023,2,2,1,62,54*,62,32,193.75,0,1,0,8,3,Arun Jaitley Stadium
S Sohal,2011-2011,1,1,0,62,62,62,41,151.21,0,1,0,8,1,Arun Jaitley Stadium
Nicholas Pooran,2024-2024,1,1,0,61,61,61,27,225.92,0,1,0,6,4,Arun Jaitley Stadium
Shubman Gill,2018-2024,4,4,0,61,37,15.25,52,117.3,0,0,0,7,1,Arun Jaitley Stadium
Harshal Patel,2012-2023,9,3,2,60,36*,60,33,181.81,0,0,0,1,6,Arun Jaitley Stadium
Shahbaz Ahmed,2024-2024,1,1,1,59,59*,-,29,203.44,0,1,0,2,5,Arun Jaitley Stadium
Arshad Khan,2023-2024,2,1,1,58,58*,-,33,175.75,0,1,0,3,5,Arun Jaitley Stadium
CR Brathwaite,2016-2016,3,2,0,54,34,27,19,284.21,0,0,0,3,6,Arun Jaitley Stadium
A Symonds,2010-2010,1,1,0,54,54,54,30,180,0,1,0,3,5,Arun Jaitley Stadium
C Munro,2016-2019,4,4,0,52,33,13,45,115.55,0,0,1,5,2,Arun Jaitley Stadium
Abdul Samad,2021-2024,3,3,0,51,28,17,37,137.83,0,0,0,2,4,Arun Jaitley Stadium
JP Faulkner,2013-2017,5,4,2,51,22*,25.5,38,134.21,0,0,0,6,0,Arun Jaitley Stadium
MC Juneja,2013-2013,4,4,0,51,20,12.75,63,80.95,0,0,0,2,1,Arun Jaitley Stadium
SN Khan,2015-2023,4,3,0,50,30,16.66,52,96.15,0,0,0,5,0,Arun Jaitley Stadium
E Lewis,2018-2018,1,1,0,48,48,48,31,154.83,0,0,0,3,4,Arun Jaitley Stadium
R Bhatia,2008-2016,11,4,1,47,21,15.66,32,146.87,0,0,0,2,3,Arun Jaitley Stadium
PP Chawla,2008-2024,11,6,1,47,12,9.4,35,134.28,0,0,0,5,2,Arun Jaitley Stadium
BCJ Cutting,2016-2019,4,4,0,47,37,11.75,32,146.87,0,0,1,3,3,Arun Jaitley Stadium
SC Ganguly,2010-2012,2,2,0,46,41,23,45,102.22,0,0,0,6,1,Arun Jaitley Stadium
Pat Cummins,2017-2024,7,6,2,44,12*,11,30,146.66,0,0,0,2,3,Arun Jaitley Stadium
SP Fleming,2008-2008,1,1,0,44,44,44,28,157.14,0,0,0,7,0,Arun Jaitley Stadium
Ankrish Raghuvanshi,2025-2025,1,1,0,44,44,44,32,137.5,0,0,0,3,2,Arun Jaitley Stadium
DJM Short,2018-2018,1,1,0,44,44,44,25,176,0,0,0,2,4,Arun Jaitley Stadium
Rahul Tewatia,2018-2024,8,4,1,44,24,14.66,42,104.76,0,0,0,3,1,Arun Jaitley Stadium
STR Binny,2013-2019,5,4,0,43,40,10.75,29,148.27,0,0,1,2,3,Arun Jaitley Stadium
LA Pomersbach,2008-2013,2,2,1,43,25*,43,22,195.45,0,0,0,3,3,Arun Jaitley Stadium
Rinku Singh,2023-2025,2,2,0,42,36,21,33,127.27,0,0,0,4,1,Arun Jaitley Stadium
Bipul Sharma,2016-2016,2,2,2,41,27*,-,17,241.17,0,0,0,0,5,Arun Jaitley Stadium
Mohammad Nabi,2019-2024,3,3,1,41,17*,20.5,18,227.77,0,0,0,3,4,Arun Jaitley Stadium
Ryan Rickelton,2025-2025,1,1,0,41,41,41,25,164,0,0,0,5,2,Arun Jaitley Stadium
Sherfane Rutherford,2019-2019,3,3,2,41,28*,41,21,195.23,0,0,0,1,4,Arun Jaitley Stadium
Ashutosh Sharma,2025-2025,4,4,1,41,17,13.66,34,120.58,0,0,0,4,1,Arun Jaitley Stadium
Rilee Rossouw,2023-2023,4,4,1,40,35*,13.33,29,137.93,0,0,2,2,3,Arun Jaitley Stadium
S Vidyut,2008-2008,1,1,0,40,40,40,23,173.91,0,0,0,6,1,Arun Jaitley Stadium
DL Vettori,2008-2011,5,3,2,39,19*,39,40,97.5,0,0,0,3,1,Arun Jaitley Stadium
Naman Dhir,2025-2025,1,1,1,38,38*,-,17,223.52,0,0,0,3,2,Arun Jaitley Stadium
S Badrinath,2008-2013,5,3,1,37,15,18.5,36,102.77,0,0,0,5,1,Arun Jaitley Stadium
Nitish Kumar Reddy,2024-2024,1,1,0,37,37,37,27,137.03,0,0,0,2,2,Arun Jaitley Stadium
Marcus Stoinis,2019-2024,2,2,1,37,32*,37,31,119.35,0,0,0,2,2,Arun Jaitley Stadium
DT Christian,2011-2018,4,4,0,36,19,9,46,78.26,0,0,0,1,0,Arun Jaitley Stadium
M Morkel,2011-2016,18,9,4,36,19,7.2,26,138.46,0,0,3,4,1,Arun Jaitley Stadium
TR Birt,2011-2011,2,2,0,35,27,17.5,26,134.61,0,0,0,5,0,Arun Jaitley Stadium
Gurkeerat Singh,2012-2019,2,2,0,35,27,17.5,24,145.83,0,0,0,4,1,Arun Jaitley Stadium
Kuldeep Yadav,2016-2025,20,10,6,35,10*,8.75,36,97.22,0,0,3,3,0,Arun Jaitley Stadium
Ben Stokes,2017-2018,2,2,0,34,33,17,27,125.92,0,0,0,3,2,Arun Jaitley Stadium
Mohammed Shami,2014-2023,16,7,4,33,21,11,24,137.5,0,0,0,3,2,Arun Jaitley Stadium
Shahid Afridi,2008-2008,1,1,0,33,33,33,14,235.71,0,0,0,3,2,Arun Jaitley Stadium
Ravichandra Ashwin,2010-2024,9,4,0,32,16,8,29,110.34,0,0,0,3,0,Arun Jaitley Stadium
JA Morkel,2008-2013,5,3,1,32,30,16,21,152.38,0,0,1,2,3,Arun Jaitley Stadium
BJ Rohrer,2013-2013,1,1,0,32,32,32,27,118.51,0,0,0,4,0,Arun Jaitley Stadium
Aman Hakim Khan,2023-2023,5,4,0,31,16,7.75,37,83.78,0,0,1,2,2,Arun Jaitley Stadium
MV Boucher,2008-2008,1,1,1,31,31*,-,17,182.35,0,0,0,2,2,Arun Jaitley Stadium
LR Shukla,2012-2014,4,3,0,31,21,10.33,38,81.57,0,0,1,2,1,Arun Jaitley Stadium
B Chipli,2011-2012,2,2,2,30,25*,-,20,150,0,0,0,3,1,Arun Jaitley Stadium
UT Khawaja,2016-2016,1,1,0,30,30,30,27,111.11,0,0,0,2,1,Arun Jaitley Stadium
NLTC Perera,2013-2016,4,4,1,30,14*,10,21,142.85,0,0,0,1,3,Arun Jaitley Stadium
AB Agarkar,2010-2013,10,5,2,29,17,9.66,29,100,0,0,1,1,0,Arun Jaitley Stadium
DJG Sammy,2013-2013,1,1,0,29,29,29,21,138.09,0,0,0,0,3,Arun Jaitley Stadium
SB Styris,2008-2008,1,1,0,29,29,29,28,103.57,0,0,0,2,0,Arun Jaitley Stadium
MN Samuels,2017-2017,4,3,0,28,27,9.33,27,103.7,0,0,1,1,2,Arun Jaitley Stadium
MM Sharma,2013-2025,8,4,1,28,15,9.33,23,121.73,0,0,1,2,1,Arun Jaitley Stadium
Druv Jurel,2025-2025,1,1,0,26,26,26,17,152.94,0,0,0,0,2,Arun Jaitley Stadium
Rahmanullah Gurbaz,2025-2025,1,1,0,26,26,26,12,216.66,0,0,0,5,1,Arun Jaitley Stadium
D Salunkhe,2008-2008,1,1,1,26,26*,-,20,130,0,0,0,4,0,Arun Jaitley Stadium
Rahul Tripathi,2017-2023,3,3,0,26,10,8.66,20,130,0,0,0,2,1,Arun Jaitley Stadium
Shubam Dubey,2024-2025,2,1,0,25,25,25,12,208.33,0,0,0,2,2,Arun Jaitley Stadium
CA Lynn,2018-2019,2,2,0,25,20,12.5,24,104.16,0,0,0,4,0,Arun Jaitley Stadium
MD Mishra,2010-2010,1,1,0,25,25,25,19,131.57,0,0,0,2,1,Arun Jaitley Stadium
GJ Bailey,2014-2016,3,2,0,24,18,12,23,104.34,0,0,0,3,0,Arun Jaitley Stadium
K Gowtham,2018-2019,2,2,1,24,18*,24,12,200,0,0,0,3,1,Arun Jaitley Stadium
Harbhajan Singh,2010-2019,10,4,0,24,15,6,27,88.88,0,0,2,2,1,Arun Jaitley Stadium
CA Pujara,2011-2013,2,2,0,24,17,12,29,82.75,0,0,0,3,0,Arun Jaitley Stadium
AP Tare,2010-2013,2,2,0,24,17,12,17,141.17,0,0,0,1,2,Arun Jaitley Stadium
A Nehra,2008-2013,6,2,1,23,22*,23,20,115,0,0,0,2,1,Arun Jaitley Stadium
HH Gibbs,2008-2008,1,1,0,22,22,22,22,100,0,0,0,1,2,Arun Jaitley Stadium
SP Goswami,2011-2018,3,1,0,22,22,22,20,110,0,0,0,4,0,Arun Jaitley Stadium
Harpreet Brar,2019-2023,2,2,1,22,20*,22,17,129.41,0,0,0,2,1,Arun Jaitley Stadium
MG Johnson,2013-2018,3,3,1,22,12*,11,25,88,0,0,0,2,0,Arun Jaitley Stadium
EJG Morgan,2011-2017,2,2,0,22,22,11,21,104.76,0,0,1,3,0,Arun Jaitley Stadium
Roman Powell,2023-2025,3,3,0,22,13,7.33,19,115.78,0,0,0,3,1,Arun Jaitley Stadium
RN ten Doeschate,2011-2015,3,2,1,22,19,22,14,157.14,0,0,0,2,1,Arun Jaitley Stadium
Rashid Khan,2017-2024,7,2,1,21,21*,21,13,161.53,0,0,1,3,1,Arun Jaitley Stadium
Sam Curran,2019-2023,4,2,0,20,20,10,28,71.42,0,0,1,1,0,Arun Jaitley Stadium
P Dogra,2010-2010,1,1,0,20,20,20,25,80,0,0,0,0,1,Arun Jaitley Stadium
GH Vihari,2013-2019,3,3,0,20,17,6.66,34,58.82,0,0,0,0,1,Arun Jaitley Stadium
HM Amla,2017-2017,1,1,0,19,19,19,12,158.33,0,0,0,4,0,Arun Jaitley Stadium
Gulbadin Naib,2024-2024,2,1,0,19,19,19,15,126.66,0,0,0,1,1,Arun Jaitley Stadium
MS Wade,2011-2011,2,2,0,19,11,9.5,29,65.51,0,0,0,0,0,Arun Jaitley Stadium
Lalit Yadav,2023-2024,4,4,1,19,7,6.33,31,61.29,0,0,0,1,0,Arun Jaitley Stadium
M Klinger,2011-2011,1,1,0,18,18,18,20,90,0,0,0,3,0,Arun Jaitley Stadium
Liam Livingstone,2019-2023,2,2,0,18,14,9,18,100,0,0,0,2,1,Arun Jaitley Stadium
AM Nayar,2008-2011,2,2,1,18,17*,18,16,112.5,0,0,0,3,0,Arun Jaitley Stadium
P Sahu,2016-2016,1,1,1,18,18*,-,12,150,0,0,0,1,1,Arun Jaitley Stadium
RE van der Merwe,2011-2013,5,3,2,18,8*,18,18,100,0,0,0,2,0,Arun Jaitley Stadium
Cameron Green,2023-2023,1,1,1,17,17*,-,8,212.5,0,0,0,1,1,Arun Jaitley Stadium
SL Malinga,2010-2019,8,3,1,17,11,8.5,25,68,0,0,1,2,0,Arun Jaitley Stadium
Umesh Yadav,2010-2023,30,9,4,17,6*,3.4,26,65.38,0,0,2,2,0,Arun Jaitley Stadium
A Ashish Reddy,2013-2013,1,1,0,16,16,16,9,177.77,0,0,0,2,0,Arun Jaitley Stadium
P Dubey,2023-2023,1,1,0,16,16,16,20,80,0,0,0,2,0,Arun Jaitley Stadium
AJ Hosein,2023-2023,1,1,1,16,16*,-,10,160,0,0,0,1,1,Arun Jaitley Stadium
SM Pollock,2008-2008,1,1,0,16,16,16,15,106.66,0,0,0,2,0,Arun Jaitley Stadium
YV Dhull,2023-2023,2,2,0,15,13,7.5,19,78.94,0,0,0,1,0,Arun Jaitley Stadium
Simreon Hetmyer,2025-2025,1,1,1,15,15*,-,9,166.66,0,0,0,1,0,Arun Jaitley Stadium
Bhuvaneshwar Kumar,2014-2025,10,2,1,15,14*,15,12,125,0,0,0,2,0,Arun Jaitley Stadium
N Saini,2012-2012,1,1,0,15,15,15,15,100,0,0,0,2,0,Arun Jaitley Stadium
DW Steyn,2008-2014,6,3,2,15,9*,15,10,150,0,0,0,1,0,Arun Jaitley Stadium
AC Voges,2010-2010,1,1,0,15,15,15,17,88.23,0,0,0,1,0,Arun Jaitley Stadium
AD Hales,2018-2018,1,1,0,14,14,14,10,140,0,0,0,3,0,Arun Jaitley Stadium
P Kumar,2008-2016,6,2,0,14,8,7,10,140,0,0,0,2,0,Arun Jaitley Stadium
AB McDonald,2010-2010,2,1,1,14,14*,-,9,155.55,0,0,0,2,0,Arun Jaitley Stadium
MDKJ Perera,2013-2013,1,1,0,14,14,14,12,116.66,0,0,0,3,0,Arun Jaitley Stadium
BB Samantray,2013-2013,1,1,0,14,14,14,11,127.27,0,0,0,2,0,Arun Jaitley Stadium
R Sathish,2010-2016,4,3,1,14,8,7,16,87.5,0,0,0,1,0,Arun Jaitley Stadium
R Sharma,2010-2014,3,1,1,14,14*,-,8,175,0,0,0,2,0,Arun Jaitley Stadium
PC Valthaty,2011-2011,1,1,0,14,14,14,10,140,0,0,0,0,2,Arun Jaitley Stadium
SK Warne,2008-2010,2,2,0,14,14,7,14,100,0,0,1,2,0,Arun Jaitley Stadium
Yudhvir Singh,2024-2024,1,1,0,14,14,14,7,200,0,0,0,1,1,Arun Jaitley Stadium
MS Gony,2008-2008,1,1,1,13,13*,-,5,260,0,0,0,1,1,Arun Jaitley Stadium
Sai Kishore,2024-2024,1,1,0,13,13,13,6,216.66,0,0,0,0,2,Arun Jaitley Stadium
J Syed Mohammad,2011-2013,2,1,1,13,13*,-,10,130,0,0,0,2,0,Arun Jaitley Stadium
JG Bethell,2025-2025,1,1,0,12,12,12,6,200,0,0,0,1,1,Arun Jaitley Stadium
J Botha,2013-2013,3,3,0,12,9,4,19,63.15,0,0,0,1,0,Arun Jaitley Stadium
PK Garg,2023-2023,1,1,0,12,12,12,9,133.33,0,0,0,1,0,Arun Jaitley Stadium
S Gopal,2018-2019,2,1,0,12,12,12,18,66.66,0,0,0,0,0,Arun Jaitley Stadium
BMAJ Mendis,2013-2013,1,1,0,12,12,12,17,70.58,0,0,0,0,0,Arun Jaitley Stadium
S Narwal,2010-2010,1,1,0,12,12,12,9,133.33,0,0,0,2,0,Arun Jaitley Stadium
Kagiso Rabada,2017-2019,9,3,0,12,9,4,17,70.58,0,0,1,0,1,Arun Jaitley Stadium
Sachin Baby,2017-2017,1,1,0,12,12,12,8,150,0,0,0,2,0,Arun Jaitley Stadium
RV Patel,2023-2023,2,1,1,11,11*,-,8,137.5,0,0,0,1,0,Arun Jaitley Stadium
Sandeep Sharma,2014-2025,10,3,3,11,8*,-,10,110,0,0,0,1,0,Arun Jaitley Stadium
Sikandar Raza,2023-2023,1,1,1,11,11*,-,7,157.14,0,0,0,0,1,Arun Jaitley Stadium
SW Tait,2010-2010,1,1,0,11,11,11,12,91.66,0,0,0,0,1,Arun Jaitley Stadium
W Jaffer,2008-2008,1,1,0,10,10,10,9,111.11,0,0,0,0,1,Arun Jaitley Stadium
Shahrukh Khan,2023-2024,2,2,0,10,8,5,9,111.11,0,0,0,0,1,Arun Jaitley Stadium
SK Trivedi,2008-2013,4,2,2,10,7*,-,12,83.33,0,0,0,0,1,Arun Jaitley Stadium
Azhar Mahmood,2012-2012,1,1,0,9,9,9,7,128.57,0,0,0,1,0,Arun Jaitley Stadium
M Kaif,2008-2008,1,1,0,9,9,9,19,47.36,0,0,0,0,0,Arun Jaitley Stadium
Aiden Markram,2023-2024,2,2,0,9,8,4.5,16,56.25,0,0,0,0,0,Arun Jaitley Stadium
Anrich Nortje,2023-2024,7,4,2,9,5,4.5,8,112.5,0,0,1,2,0,Arun Jaitley Stadium
Rasikh Salam,2024-2024,4,1,0,9,9,9,3,300,0,0,0,2,0,Arun Jaitley Stadium
DB Ravi Teja,2008-2011,2,1,0,9,9,9,5,180,0,0,0,0,1,Arun Jaitley Stadium
Shoaib Malik,2008-2008,3,3,1,9,6,4.5,8,112.5,0,0,0,1,0,Arun Jaitley Stadium
L Wood,2024-2024,1,1,1,9,9*,-,3,300,0,0,0,0,1,Arun Jaitley Stadium
Anuj Rawat,2021-2023,2,1,1,8,8*,-,3,266.66,0,0,0,0,1,Arun Jaitley Stadium
Anureet Singh,2015-2015,1,1,1,8,8*,-,3,266.66,0,0,0,0,1,Arun Jaitley Stadium
R Dhawan,2014-2023,2,2,2,8,8*,-,5,160,0,0,0,1,0,Arun Jaitley Stadium
CK Kapugedera,2008-2008,1,1,0,8,8,8,9,88.88,0,0,0,0,0,Arun Jaitley Stadium
TG Southee,2015-2018,3,2,2,8,7*,-,5,160,0,0,0,1,0,Arun Jaitley Stadium
Avesh Khan,2017-2024,6,1,1,7,7*,-,3,233.33,0,0,0,1,0,Arun Jaitley Stadium
Venkatesh Iyer,2023-2025,2,2,0,7,7,3.5,7,100,0,0,1,1,0,Arun Jaitley Stadium
T Kohli,2008-2008,1,1,0,7,7,7,12,58.33,0,0,0,0,1,Arun Jaitley Stadium
NS Naik,2019-2019,1,1,0,7,7,7,16,43.75,0,0,0,1,0,Arun Jaitley Stadium
B Sumanth,2010-2010,1,1,1,7,7*,-,12,58.33,0,0,0,0,0,Arun Jaitley Stadium
Shardul Thakur,2015-2021,6,1,1,7,7*,-,6,116.66,0,0,0,1,0,Arun Jaitley Stadium
Ayush Badoni,2024-2024,1,1,0,6,6,6,9,66.66,0,0,0,0,0,Arun Jaitley Stadium
NM Coulter-Nile,2015-2021,7,2,0,6,4,3,10,60,0,0,0,1,0,Arun Jaitley Stadium
JO Holder,2016-2016,2,2,0,6,6,3,8,75,0,0,1,1,0,Arun Jaitley Stadium
AA Jhunjhunwala,2010-2012,2,2,0,6,4,3,10,60,0,0,0,1,0,Arun Jaitley Stadium
Mukesh Kumar,2023-2025,15,2,2,6,6*,-,9,66.66,0,0,0,0,0,Arun Jaitley Stadium
S Nadeem,2011-2018,24,6,3,6,2*,2,23,26.08,0,0,1,0,0,Arun Jaitley Stadium
Rajat Patidar,2025-2025,1,1,0,6,6,6,6,100,0,0,0,1,0,Arun Jaitley Stadium
IS Sodhi,2019-2019,1,1,0,6,6,6,11,54.54,0,0,0,0,0,Arun Jaitley Stadium
Washington Sundar,2017-2024,3,3,2,6,5*,6,5,120,0,0,0,0,0,Arun Jaitley Stadium
ER Dwivedi,2016-2016,1,1,0,5,5,5,5,100,0,0,0,1,0,Arun Jaitley Stadium
A Mithun,2010-2011,2,2,0,5,5,2.5,6,83.33,0,0,1,1,0,Arun Jaitley Stadium
PJ Sangwan,2008-2017,7,2,1,5,4,5,10,50,0,0,0,0,0,Arun Jaitley Stadium
Jitesh Sharma,2023-2025,2,1,0,5,5,5,5,100,0,0,0,1,0,Arun Jaitley Stadium
TL Suman,2010-2010,1,1,0,5,5,5,6,83.33,0,0,0,1,0,Arun Jaitley Stadium
VR Aaron,2011-2019,8,2,1,4,3*,4,8,50,0,0,0,0,0,Arun Jaitley Stadium
P Awana,2012-2013,2,1,1,4,4*,-,5,80,0,0,0,0,0,Arun Jaitley Stadium
C de Grandhomme,2017-2018,2,2,1,4,3*,4,6,66.66,0,0,0,0,0,Arun Jaitley Stadium
JM Kemp,2010-2010,1,1,0,4,4,4,8,50,0,0,0,0,0,Arun Jaitley Stadium
Litton Das,2023-2023,1,1,0,4,4,4,4,100,0,0,0,1,0,Arun Jaitley Stadium
Nehal Wadhera,2023-2024,2,1,0,4,4,4,2,200,0,0,0,1,0,Arun Jaitley Stadium
L Balaji,2008-2011,3,1,1,3,3*,-,1,300,0,0,0,0,0,Arun Jaitley Stadium
SD Chitnis,2008-2008,1,1,0,3,3,3,4,75,0,0,0,0,0,Arun Jaitley Stadium
Imran Tahir,2014-2019,11,1,1,3,3*,-,4,75,0,0,0,0,0,Arun Jaitley Stadium
Z Khan,2008-2017,14,2,1,3,2,3,12,25,0,0,0,0,0,Arun Jaitley Stadium
DS Kulkarni,2008-2021,7,2,2,3,3*,-,2,150,0,0,0,0,0,Arun Jaitley Stadium
M Markande,2018-2024,3,1,0,3,3,3,10,30,0,0,0,0,0,Arun Jaitley Stadium
DP Nannes,2010-2010,4,1,0,3,3,3,11,27.27,0,0,0,0,0,Arun Jaitley Stadium
R Shukla,2012-2014,3,2,2,3,2*,-,5,60,0,0,0,0,0,Arun Jaitley Stadium
AJ Tye,2018-2018,1,1,0,3,3,3,9,33.33,0,0,0,0,0,Arun Jaitley Stadium
WPUJC Vaas,2010-2010,1,1,0,3,3,3,8,37.5,0,0,0,0,0,Arun Jaitley Stadium
R Vinay Kumar,2008-2014,6,1,0,3,3,3,3,100,0,0,0,0,0,Arun Jaitley Stadium
Vishnu Vinod,2017-2017,1,1,0,3,3,3,9,33.33,0,0,0,0,0,Arun Jaitley Stadium
CR Woakes,2017-2017,1,1,0,3,3,3,5,60,0,0,0,0,0,Arun Jaitley Stadium
AB Barath,2010-2010,1,1,1,2,2*,-,5,40,0,0,0,0,0,Arun Jaitley Stadium
Trent Boult,2016-2025,13,1,1,2,2*,-,3,66.66,0,0,0,0,0,Arun Jaitley Stadium
PVD Chameera,2025-2025,2,2,2,2,2*,-,4,50,0,0,0,0,0,Arun Jaitley Stadium
KK Cooper,2012-2013,3,1,0,2,2,2,2,100,0,0,0,0,0,Arun Jaitley Stadium
Naveen-ul-Haq,2024-2024,1,1,1,2,2*,-,4,50,0,0,0,0,0,Arun Jaitley Stadium
WD Parnell,2014-2014,4,2,1,2,2,2,2,100,0,0,0,0,0,Arun Jaitley Stadium
RJ Peterson,2012-2012,1,1,0,2,2,2,2,100,0,0,0,0,0,Arun Jaitley Stadium
Ravi Bishnoi,2024-2024,1,1,0,2,2,2,2,100,0,0,0,0,0,Arun Jaitley Stadium
M Rawat,2008-2008,1,1,0,2,2,2,4,50,0,0,0,0,0,Arun Jaitley Stadium
Karn Sharma,2013-2025,5,1,1,2,2*,-,2,100,0,0,0,0,0,Arun Jaitley Stadium
RP Singh,2008-2012,3,2,1,2,1*,2,3,66.66,0,0,0,0,0,Arun Jaitley Stadium
Sunny Singh,2011-2011,1,1,0,2,2,2,4,50,0,0,0,0,0,Arun Jaitley Stadium
Varun Chakaravarthy,2023-2025,2,2,1,2,1*,2,7,28.57,0,0,0,0,0,Arun Jaitley Stadium
GC Viljoen,2019-2019,1,1,1,2,2*,-,3,66.66,0,0,0,0,0,Arun Jaitley Stadium
Ankit Sharma,2012-2012,1,1,1,1,1*,-,1,100,0,0,0,0,0,Arun Jaitley Stadium
KP Appanna,2010-2010,1,1,1,1,1*,-,2,50,0,0,0,0,0,Arun Jaitley Stadium
Azmatullah Omarzai,2024-2024,1,1,0,1,1,1,2,50,0,0,0,0,0,Arun Jaitley Stadium
KC Cariappa,2017-2017,1,1,0,1,1,1,2,50,0,0,0,0,0,Arun Jaitley Stadium
Deepak Chahar,2018-2025,6,1,1,1,1*,-,2,50,0,0,0,0,0,Arun Jaitley Stadium
DB Das,2012-2012,1,1,1,1,1*,-,3,33.33,0,0,0,0,0,Arun Jaitley Stadium
D Ferreira,2024-2024,1,1,0,1,1,1,3,33.33,0,0,0,0,0,Arun Jaitley Stadium
RJ Harris,2011-2011,1,1,1,1,1*,-,1,100,0,0,0,0,0,Arun Jaitley Stadium
Will Jacks,2025-2025,1,1,1,1,1*,-,1,100,0,0,0,0,0,Arun Jaitley Stadium
DJ Jacobs,2011-2011,1,1,0,1,1,1,6,16.66,0,0,0,0,0,Arun Jaitley Stadium
SB Jakati,2012-2012,1,1,1,1,1*,-,2,50,0,0,0,0,0,Arun Jaitley Stadium
M Kartik,2010-2013,3,1,0,1,1,1,2,50,0,0,0,0,0,Arun Jaitley Stadium
A Kumble,2010-2010,1,1,1,1,1*,-,1,100,0,0,0,0,0,Arun Jaitley Stadium
B Lee,2011-2012,2,1,0,1,1,1,1,100,0,0,0,0,0,Arun Jaitley Stadium
DS Lehmann,2008-2008,1,1,0,1,1,1,2,50,0,0,0,0,0,Arun Jaitley Stadium
AL Menaria,2012-2013,2,1,0,1,1,1,2,50,0,0,0,0,0,Arun Jaitley Stadium
Mustafizur Rahman,2016-2023,5,2,2,1,1*,-,1,100,0,0,0,0,0,Arun Jaitley Stadium
DJ Muthuswami,2015-2015,3,1,0,1,1,1,3,33.33,0,0,0,0,0,Arun Jaitley Stadium
LE Plunkett,2018-2018,5,2,1,1,1*,1,3,33.33,0,0,1,0,0,Arun Jaitley Stadium
PA Reddy,2013-2013,1,1,0,1,1,1,8,12.5,0,0,0,0,0,Arun Jaitley Stadium
PM Sarvesh Kumar,2008-2008,1,1,1,1,1*,-,2,50,0,0,0,0,0,Arun Jaitley Stadium
OA Shah,2012-2012,1,1,0,1,1,1,1,100,0,0,0,0,0,Arun Jaitley Stadium
Mitchell Starc,2015-2025,5,3,2,1,1*,1,2,50,0,0,1,0,0,Arun Jaitley Stadium
DP Vijaykumar,2008-2008,1,1,1,1,1*,-,1,100,0,0,0,0,0,Arun Jaitley Stadium
J Yadav,2016-2021,5,1,0,1,1,1,3,33.33,0,0,0,0,0,Arun Jaitley Stadium
S Ladda,2010-2010,2,1,1,0,0*,-,8,0,0,0,0,0,0,Arun Jaitley Stadium
Jofra Archer,2018-2025,2,1,1,0,0*,-,0,-,0,0,0,0,0,Arun Jaitley Stadium
AC Blizzard,2012-2012,1,1,0,0,0,0,3,0,0,0,1,0,0,Arun Jaitley Stadium
Harry Brook,2023-2023,1,1,0,0,0,0,2,0,0,0,1,0,0,Arun Jaitley Stadium
Jasprit Bumrah,2013-2025,10,2,1,0,0*,0,1,0,0,0,1,0,0,Arun Jaitley Stadium
AB Dinda,2011-2016,5,1,0,0,0,0,5,0,0,0,1,0,0,Arun Jaitley Stadium
FY Fazal,2010-2010,1,1,0,0,0,0,2,0,0,0,1,0,0,Arun Jaitley Stadium
Harshit Rana,2025-2025,1,1,1,0,0*,-,1,0,0,0,0,0,0,Arun Jaitley Stadium
GB Hogg,2012-2016,2,1,1,0,0*,-,0,-,0,0,0,0,0,Arun Jaitley Stadium
CK Langeveldt,2010-2010,1,1,0,0,0,0,1,0,0,0,1,0,0,Arun Jaitley Stadium
MJ Lumb,2010-2010,1,1,0,0,0,0,2,0,0,0,1,0,0,Arun Jaitley Stadium
MJ McClenaghan,2015-2017,3,1,0,0,0,0,1,0,0,0,1,0,0,Arun Jaitley Stadium
JDS Neesham,2021-2021,1,1,0,0,0,0,1,0,0,0,1,0,0,Arun Jaitley Stadium
A Nel,2008-2008,1,1,0,0,0,0,0,-,0,0,1,0,0,Arun Jaitley Stadium
PP Ojha,2008-2013,4,2,0,0,0,0,3,0,0,0,2,0,0,Arun Jaitley Stadium
Devdutt Padikkal,2025-2025,1,1,0,0,0,0,2,0,0,0,1,0,0,Arun Jaitley Stadium
MM Patel,2008-2013,4,1,1,0,0*,-,0,-,0,0,0,0,0,Arun Jaitley Stadium
KMA Paul,2019-2019,3,2,0,0,0,0,4,0,0,0,2,0,0,Arun Jaitley Stadium
AS Roy,2023-2025,2,2,0,0,0,0,2,0,0,0,2,0,0,Arun Jaitley Stadium
Chetan Sakariya,2021-2023,3,1,1,0,0*,-,2,0,0,0,0,0,0,Arun Jaitley Stadium
PR Shah,2008-2008,1,1,0,0,0,0,1,0,0,0,1,0,0,Arun Jaitley Stadium
Ishant Sharma,2010-2024,15,2,2,0,0*,-,0,-,0,0,0,0,0,Arun Jaitley Stadium
Shivam Mavi,2018-2018,1,1,0,0,0,0,3,0,0,0,1,0,0,Arun Jaitley Stadium
BB Sran,2016-2018,3,2,2,0,0*,-,1,0,0,0,0,0,0,Arun Jaitley Stadium
S Sreesanth,2008-2013,3,1,1,0,0*,-,0,-,0,0,0,0,0,Arun Jaitley Stadium
DH Yagnik,2013-2013,1,1,0,0,0,0,4,0,0,0,1,0,0,Arun Jaitley Stadium
P Amarnath,2008-2008,1,-,-,-,-,-,-,-,-,-,-,-,-,Arun Jaitley Stadium
L Ablish,2010-2010,1,-,-,-,-,-,-,-,-,-,-,-,-,Arun Jaitley Stadium
KK Ahmed,2021-2024,11,-,-,-,-,-,-,-,-,-,-,-,-,Arun Jaitley Stadium
Anand Rajan,2013-2013,1,-,-,-,-,-,-,-,-,-,-,-,-,Arun Jaitley Stadium
Ankit Soni,2017-2017,1,-,-,-,-,-,-,-,-,-,-,-,-,Arun Jaitley Stadium
S Aravind,2011-2011,1,-,-,-,-,-,-,-,-,-,-,-,-,Arun Jaitley Stadium
VG Arora,2025-2025,1,-,-,-,-,-,-,-,-,-,-,-,-,Arun Jaitley Stadium
Arshdeep Singh,2023-2023,1,-,-,-,-,-,-,-,-,-,-,-,-,Arun Jaitley Stadium
M Ashwin,2016-2019,2,-,-,-,-,-,-,-,-,-,-,-,-,Arun Jaitley Stadium
S Badree,2013-2013,1,-,-,-,-,-,-,-,-,-,-,-,-,Arun Jaitley Stadium
Basil Thampi,2017-2017,1,-,-,-,-,-,-,-,-,-,-,-,-,Arun Jaitley Stadium
JP Behrendorff,2023-2023,1,-,-,-,-,-,-,-,-,-,-,-,-,Arun Jaitley Stadium
BA Bhatt,2013-2013,1,-,-,-,-,-,-,-,-,-,-,-,-,Arun Jaitley Stadium
SM Boland,2016-2016,1,-,-,-,-,-,-,-,-,-,-,-,-,Arun Jaitley Stadium
DE Bollinger,2012-2012,1,-,-,-,-,-,-,-,-,-,-,-,-,Arun Jaitley Stadium
YS Chahal,2017-2024,4,-,-,-,-,-,-,-,-,-,-,-,-,Arun Jaitley Stadium
RD Chahar,2019-2023,4,-,-,-,-,-,-,-,-,-,-,-,-,Arun Jaitley Stadium
AA Chavan,2012-2012,1,-,-,-,-,-,-,-,-,-,-,-,-,Arun Jaitley Stadium
CJ Dala,2018-2018,1,-,-,-,-,-,-,-,-,-,-,-,-,Arun Jaitley Stadium
TU Deshpande,2023-2025,2,-,-,-,-,-,-,-,-,-,-,-,-,Arun Jaitley Stadium
NT Ellis,2023-2023,1,-,-,-,-,-,-,-,-,-,-,-,-,Arun Jaitley Stadium
LH Ferguson,2019-2019,1,-,-,-,-,-,-,-,-,-,-,-,-,Arun Jaitley Stadium
JEC Franklin,2011-2011,1,-,-,-,-,-,-,-,-,-,-,-,-,Arun Jaitley Stadium
B Geeves,2008-2008,2,-,-,-,-,-,-,-,-,-,-,-,-,Arun Jaitley Stadium
K Goel,2010-2010,1,-,-,-,-,-,-,-,-,-,-,-,-,Arun Jaitley Stadium
RV Gomez,2011-2011,1,-,-,-,-,-,-,-,-,-,-,-,-,Arun Jaitley Stadium
Harmeet Singh,2010-2013,4,-,-,-,-,-,-,-,-,-,-,-,-,Arun Jaitley Stadium
PW Hasaranga,2023-2025,2,-,-,-,-,-,-,-,-,-,-,-,-,Arun Jaitley Stadium
JR Hazlewood,2023-2025,2,-,-,-,-,-,-,-,-,-,-,-,-,Arun Jaitley Stadium
BE Hendricks,2014-2014,1,-,-,-,-,-,-,-,-,-,-,-,-,Arun Jaitley Stadium
BW Hilfenhaus,2014-2014,1,-,-,-,-,-,-,-,-,-,-,-,-,Arun Jaitley Stadium
Iqbal Abdulla,2011-2015,2,-,-,-,-,-,-,-,-,-,-,-,-,Arun Jaitley Stadium
Joginder Sharma,2010-2010,1,-,-,-,-,-,-,-,-,-,-,-,-,Arun Jaitley Stadium
AS Joseph,2023-2023,1,-,-,-,-,-,-,-,-,-,-,-,-,Arun Jaitley Stadium
SB Joshi,2008-2008,1,-,-,-,-,-,-,-,-,-,-,-,-,Arun Jaitley Stadium
Kartik Tyagi,2021-2021,1,-,-,-,-,-,-,-,-,-,-,-,-,Arun Jaitley Stadium
S Kaul,2013-2021,8,-,-,-,-,-,-,-,-,-,-,-,-,Arun Jaitley Stadium
U Kaul,2008-2008,1,-,-,-,-,-,-,-,-,-,-,-,-,Arun Jaitley Stadium
S Kaushik,2016-2016,1,-,-,-,-,-,-,-,-,-,-,-,-,Arun Jaitley Stadium
K Khejroliya,2023-2023,1,-,-,-,-,-,-,-,-,-,-,-,-,Arun Jaitley Stadium
K Kushagra,2024-2024,1,-,-,-,-,-,-,-,-,-,-,-,-,Arun Jaitley Stadium
S Lamichhane,2018-2019,7,-,-,-,-,-,-,-,-,-,-,-,-,Arun Jaitley Stadium
JB Little,2023-2023,1,-,-,-,-,-,-,-,-,-,-,-,-,Arun Jaitley Stadium
GD McGrath,2008-2008,6,-,-,-,-,-,-,-,-,-,-,-,-,Arun Jaitley Stadium
VY Mahesh,2008-2008,3,-,-,-,-,-,-,-,-,-,-,-,-,Arun Jaitley Stadium
VS Malik,2013-2013,1,-,-,-,-,-,-,-,-,-,-,-,-,Arun Jaitley Stadium
RP Meredith,2023-2023,1,-,-,-,-,-,-,-,-,-,-,-,-,Arun Jaitley Stadium
Mohammad Asif,2008-2008,3,-,-,-,-,-,-,-,-,-,-,-,-,Arun Jaitley Stadium
Mohammed Siraj,2017-2023,3,-,-,-,-,-,-,-,-,-,-,-,-,Arun Jaitley Stadium
Mohsin Khan,2024-2024,1,-,-,-,-,-,-,-,-,-,-,-,-,Arun Jaitley Stadium
Mujeeb Ur Rahman,2018-2018,1,-,-,-,-,-,-,-,-,-,-,-,-,Arun Jaitley Stadium
M Muralidaran,2008-2012,3,-,-,-,-,-,-,-,-,-,-,-,-,Arun Jaitley Stadium
AG Murtaza,2011-2011,1,-,-,-,-,-,-,-,-,-,-,-,-,Arun Jaitley Stadium
T Natarajan,2023-2024,2,-,-,-,-,-,-,-,-,-,-,-,-,Arun Jaitley Stadium
L Ngidi,2018-2021,3,-,-,-,-,-,-,-,-,-,-,-,-,Arun Jaitley Stadium
Noor Ahmad,2024-2024,1,-,-,-,-,-,-,-,-,-,-,-,-,Arun Jaitley Stadium
IC Pandey,2014-2014,1,-,-,-,-,-,-,-,-,-,-,-,-,Arun Jaitley Stadium
Pankaj Singh,2012-2012,1,-,-,-,-,-,-,-,-,-,-,-,-,Arun Jaitley Stadium
P Parameswaran,2011-2012,2,-,-,-,-,-,-,-,-,-,-,-,-,Arun Jaitley Stadium
M Pathirana,2023-2023,1,-,-,-,-,-,-,-,-,-,-,-,-,Arun Jaitley Stadium
RT Ponting,2013-2013,1,-,-,-,-,-,-,-,-,-,-,-,-,Arun Jaitley Stadium
RR Powar,2008-2010,2,-,-,-,-,-,-,-,-,-,-,-,-,Arun Jaitley Stadium
M Prasidh Krishna,2019-2019,1,-,-,-,-,-,-,-,-,-,-,-,-,Arun Jaitley Stadium
V Pratap Singh,2012-2012,1,-,-,-,-,-,-,-,-,-,-,-,-,Arun Jaitley Stadium
AS Rajpoot,2018-2018,1,-,-,-,-,-,-,-,-,-,-,-,-,Arun Jaitley Stadium
R Rampaul,2013-2013,1,-,-,-,-,-,-,-,-,-,-,-,-,Arun Jaitley Stadium
KW Richardson,2014-2014,1,-,-,-,-,-,-,-,-,-,-,-,-,Arun Jaitley Stadium
NA Saini,2019-2019,1,-,-,-,-,-,-,-,-,-,-,-,-,Arun Jaitley Stadium
S Sandeep Warrier,2024-2024,1,-,-,-,-,-,-,-,-,-,-,-,-,Arun Jaitley Stadium
MJ Santner,2025-2025,1,-,-,-,-,-,-,-,-,-,-,-,-,Arun Jaitley Stadium
Shakib Al Hasan,2014-2018,2,-,-,-,-,-,-,-,-,-,-,-,-,Arun Jaitley Stadium
R Shepherd,2025-2025,1,-,-,-,-,-,-,-,-,-,-,-,-,Arun Jaitley Stadium
Shivam Sharma,2014-2014,1,-,-,-,-,-,-,-,-,-,-,-,-,Arun Jaitley Stadium
HR Shokeen,2023-2023,1,-,-,-,-,-,-,-,-,-,-,-,-,Arun Jaitley Stadium
VRV Singh,2008-2008,1,-,-,-,-,-,-,-,-,-,-,-,-,Arun Jaitley Stadium
A Singh,2012-2012,1,-,-,-,-,-,-,-,-,-,-,-,-,Arun Jaitley Stadium
RS Sodhi,2010-2010,1,-,-,-,-,-,-,-,-,-,-,-,-,Arun Jaitley Stadium
SJ Srivastava,2011-2011,1,-,-,-,-,-,-,-,-,-,-,-,-,Arun Jaitley Stadium
J Suchith,2021-2021,1,-,-,-,-,-,-,-,-,-,-,-,-,Arun Jaitley Stadium
Suyash Sharma,2025-2025,1,-,-,-,-,-,-,-,-,-,-,-,-,Arun Jaitley Stadium
PV Tambe,2014-2016,3,-,-,-,-,-,-,-,-,-,-,-,-,Arun Jaitley Stadium
M Theekshana,2023-2025,2,-,-,-,-,-,-,-,-,-,-,-,-,Arun Jaitley Stadium
J Theron,2010-2010,1,-,-,-,-,-,-,-,-,-,-,-,-,Arun Jaitley Stadium
AC Thomas,2012-2012,1,-,-,-,-,-,-,-,-,-,-,-,-,Arun Jaitley Stadium
O Thomas,2019-2019,1,-,-,-,-,-,-,-,-,-,-,-,-,Arun Jaitley Stadium
N Thushara,2024-2024,1,-,-,-,-,-,-,-,-,-,-,-,-,Arun Jaitley Stadium
Umran Malik,2023-2023,1,-,-,-,-,-,-,-,-,-,-,-,-,Arun Jaitley Stadium
JD Unadkat,2011-2021,9,-,-,-,-,-,-,-,-,-,-,-,-,Arun Jaitley Stadium
D Wiese,2015-2015,1,-,-,-,-,-,-,-,-,-,-,-,-,Arun Jaitley Stadium
LB Williams,2024-2024,1,-,-,-,-,-,-,-,-,-,-,-,-,Arun Jaitley Stadium
Yash Dayal,2023-2025,2,-,-,-,-,-,-,-,-,-,-,-,-,Arun Jaitley Stadium
A Zampa,2017-2017,1,-,-,-,-,-,-,-,-,-,-,-,-,Arun Jaitley Stadium
,,,,,,,,,,,,,,,
G Gambhir,2008-2018,47,47,5,1407,93,33.5,1104,127.44,0,11,2,165,26,Eden Gardens
RV Uthappa,2008-2019,41,40,4,1159,83*,32.19,890,130.22,0,8,1,124,33,Eden Gardens
Andre Russell,2013-2025,48,40,9,989,80*,31.9,527,187.66,0,5,1,70,85,Eden Gardens
YK Pathan,2008-2019,49,41,16,861,72,34.44,570,151.05,0,3,3,67,45,Eden Gardens
Nithish Rana,2018-2024,24,23,1,680,85*,30.9,489,139.05,0,6,0,63,36,Eden Gardens
SP Narine,2012-2025,64,40,3,661,109,17.86,401,164.83,1,2,6,85,38,Eden Gardens
Dinesh Karthik,2010-2024,28,27,8,655,97*,34.47,466,140.55,0,3,0,73,19,Eden Gardens
Manish Pandey,2008-2019,29,28,5,591,52,25.69,492,120.12,0,2,3,50,18,Eden Gardens
JH Kallis,2010-2013,21,21,3,577,79,32.05,514,112.25,0,4,2,59,12,Eden Gardens
CH Gayle,2010-2019,12,12,2,560,102*,56,349,160.45,1,4,1,50,42,Eden Gardens
SC Ganguly,2008-2012,15,15,2,532,88,40.92,447,119.01,0,4,0,55,21,Eden Gardens
MK Tiwary,2008-2017,28,25,8,515,50,30.29,461,111.71,0,1,1,46,13,Eden Gardens
Rinku Singh,2018-2025,24,21,8,512,67*,39.38,331,154.68,0,3,0,41,27,Eden Gardens
Shubman Gill,2018-2025,17,15,3,509,90,42.41,345,147.53,0,4,0,53,16,Eden Gardens
Rohit Sharma,2008-2024,14,14,3,485,109*,44.09,349,138.96,1,3,1,52,18,Eden Gardens
CA Lynn,2017-2019,16,16,0,483,82,30.18,348,138.79,0,3,1,54,23,Eden Gardens
Ajinkya Rahane,2008-2025,16,15,1,436,71*,31.14,310,140.64,0,4,0,46,18,Eden Gardens
Virat Kohli,2008-2025,14,13,3,430,100,43,321,133.95,1,2,1,34,16,Eden Gardens
Phil Salt,2024-2025,8,8,1,406,89*,58,220,184.54,0,5,0,47,23,Eden Gardens
Venkatesh Iyer,2023-2025,19,17,1,399,60,24.93,292,136.64,0,2,0,39,15,Eden Gardens
BB McCullum,2008-2018,15,15,1,394,57*,28.14,316,124.68,0,1,0,49,13,Eden Gardens
S Dhawan,2008-2023,11,11,1,337,97*,33.7,267,126.21,0,3,0,44,7,Eden Gardens
Suresh Raina,2008-2019,13,12,1,325,84,29.54,261,124.52,0,3,1,33,11,Eden Gardens
Jos Buttler,2016-2025,6,6,2,317,107*,79.25,186,170.43,1,1,1,37,13,Eden Gardens
Sanju Samson,2013-2024,10,10,1,306,60,34,215,142.32,0,2,1,22,17,Eden Gardens
Shakib Al Hasan,2011-2019,22,15,5,295,66*,29.5,221,133.48,0,2,1,25,12,Eden Gardens
Syres Iyer,2015-2025,13,13,3,289,50,28.9,223,129.59,0,1,2,29,10,Eden Gardens
WP Saha,2008-2023,21,16,5,289,35,26.27,227,127.31,0,0,1,30,8,Eden Gardens
MS Dhoni,2008-2023,14,12,6,280,66*,46.66,210,133.33,0,2,0,15,16,Eden Gardens
DJ Hussey,2008-2013,13,13,3,265,38*,26.5,250,106,0,0,1,15,13,Eden Gardens
Suryakumar Yadav,2014-2024,25,19,6,255,46*,19.61,190,134.21,0,0,0,24,12,Eden Gardens
David Miller,2013-2025,9,9,5,249,68*,62.25,168,148.21,0,2,0,14,15,Eden Gardens
Ambati Rayudu,2010-2023,13,10,3,236,63,33.71,167,141.31,0,1,1,18,10,Eden Gardens
MS Bisla,2010-2013,11,11,1,231,51*,23.1,228,101.31,0,1,0,25,5,Eden Gardens
DR Smith,2012-2017,9,8,0,222,62,27.75,170,130.58,0,3,1,25,9,Eden Gardens
Glen Maxwell,2012-2025,9,9,1,213,68,26.62,141,151.06,0,1,0,19,13,Eden Gardens
DPMD Jayawardene,2008-2013,4,4,2,212,110*,106,148,143.24,1,1,0,28,4,Eden Gardens
DB Das,2008-2013,15,11,4,203,35*,29,156,130.12,0,0,1,14,12,Eden Gardens
Ranvindra Jadeja,2008-2023,13,12,7,201,36*,40.2,137,146.71,0,0,1,13,12,Eden Gardens
EJG Morgan,2010-2015,14,11,1,200,47,20,151,132.45,0,0,0,21,9,Eden Gardens
RM Patidar,2022-2025,3,3,1,198,112*,99,93,212.9,1,1,0,20,13,Eden Gardens
Kiren Pollard,2011-2019,10,8,2,192,60*,32,135,142.22,0,1,0,15,9,Eden Gardens
Nicolas Pooran,2023-2025,3,3,1,190,87*,95,98,193.87,0,2,0,13,17,Eden Gardens
Hardik Pandya,2015-2024,8,8,2,188,91,31.33,112,167.85,0,1,1,13,12,Eden Gardens
Rahmanullah Gurbaz,2023-2025,8,8,1,183,81,26.14,132,138.63,0,2,1,13,13,Eden Gardens
KL Rahul,2016-2024,5,4,0,179,79,44.75,117,152.99,0,2,0,15,9,Eden Gardens
Salman Butt,2008-2008,4,4,0,169,73,42.25,137,123.35,0,1,0,27,1,Eden Gardens
Rahul Tripathi,2017-2024,5,5,0,169,93,33.8,104,162.5,0,1,0,16,11,Eden Gardens
AB de Villiers,2008-2018,8,7,1,159,59*,26.5,99,160.6,0,1,1,12,10,Eden Gardens
David Warner,2010-2019,7,7,0,158,85,22.57,128,123.43,0,1,1,20,4,Eden Gardens
Shane Watson,2008-2019,8,7,0,157,44,22.42,129,121.7,0,0,0,21,4,Eden Gardens
JJ Roy,2018-2023,5,5,0,155,61,31,89,174.15,0,1,0,22,6,Eden Gardens
SS Tiwary,2010-2017,6,5,1,154,52,38.5,129,119.37,0,1,0,18,3,Eden Gardens
LR Shukla,2008-2013,17,12,3,153,40*,17,113,135.39,0,0,1,15,6,Eden Gardens
Ankrish Raghuvanshi,2024-2025,10,7,1,152,50,25.33,99,153.53,0,1,0,16,5,Eden Gardens
Prabhsimran Singh,2023-2025,3,3,0,149,83,49.66,77,193.5,0,2,0,13,11,Eden Gardens
JM Bairstow,2019-2024,2,2,1,147,108*,147,83,177.1,1,0,0,11,10,Eden Gardens
M Vohra,2013-2022,6,6,0,143,39,23.83,109,131.19,0,0,1,9,10,Eden Gardens
DJ Bravo,2008-2018,9,8,4,141,64*,35.25,127,111.02,0,1,0,16,3,Eden Gardens
Mandeep Singh,2012-2023,7,7,1,140,38,23.33,94,148.93,0,0,1,16,5,Eden Gardens
Faf du Plessis,2012-2024,9,9,0,138,27,15.33,101,136.63,0,0,1,19,3,Eden Gardens
Henrich Klaasen,2018-2025,5,4,2,130,63,65,74,175.67,0,1,0,5,11,Eden Gardens
AD Mathews,2010-2015,9,6,2,130,46*,32.5,98,132.65,0,0,0,7,6,Eden Gardens
M Vijay,2010-2016,7,7,0,128,36,18.28,122,104.91,0,0,0,17,2,Eden Gardens
Yuvraj Singh,2008-2018,7,6,1,127,33*,25.4,77,164.93,0,0,1,9,10,Eden Gardens
PP Chawla,2008-2024,36,16,10,123,22,20.5,99,124.24,0,0,2,10,4,Eden Gardens
Rishabh Pant,2017-2025,5,4,0,122,46,30.5,81,150.61,0,0,0,14,4,Eden Gardens
MA Agarwal,2012-2024,6,6,1,120,58,24,94,127.65,0,1,0,12,2,Eden Gardens
Yashasvi Jaiswal,2022-2024,3,3,1,120,98*,60,64,187.5,0,1,0,15,6,Eden Gardens
KC Sangakkara,2008-2013,4,4,0,120,64,30,85,141.17,0,1,0,11,4,Eden Gardens
AJ Finch,2010-2018,6,5,0,116,31,23.2,78,148.71,0,0,0,13,5,Eden Gardens
HH Gibbs,2010-2012,2,2,1,116,66*,116,103,112.62,0,2,0,12,3,Eden Gardens
MEK Hussey,2011-2015,5,5,0,116,56,23.2,127,91.33,0,1,0,7,5,Eden Gardens
Aiden Markram,2023-2025,3,3,0,115,50,38.33,67,171.64,0,1,0,8,7,Eden Gardens
Ishan Kishan,2017-2025,4,4,0,108,62,27,59,183.05,0,1,0,10,8,Eden Gardens
S Badrinath,2008-2013,5,4,1,103,54,34.33,90,114.44,0,1,1,6,3,Eden Gardens
R Dravid,2008-2013,5,5,1,103,43,25.75,94,109.57,0,0,0,16,0,Eden Gardens
Harry Brook,2023-2023,1,1,1,100,100*,-,55,181.81,1,0,0,12,3,Eden Gardens
BJ Hodge,2008-2013,6,6,2,93,50,23.25,95,97.89,0,1,1,11,1,Eden Gardens
Vijay Shankar,2018-2023,3,3,2,93,51*,93,52,178.84,0,1,0,4,7,Eden Gardens
Deepak Hooda,2016-2024,7,6,1,92,45,18.4,73,126.02,0,0,0,3,6,Eden Gardens
Ramandeep Singh,2024-2025,11,8,5,91,35,30.33,51,178.43,0,0,0,4,8,Eden Gardens
AC Gilchrist,2008-2013,5,5,0,90,27,18,90,100,0,0,0,10,3,Eden Gardens
PA Patel,2008-2019,6,6,1,89,27,17.8,104,85.57,0,0,1,11,1,Eden Gardens
V Sehwag,2008-2014,4,4,0,86,64,21.5,57,150.87,0,1,1,7,4,Eden Gardens
Quinton de Kock,2016-2025,9,9,0,85,28,9.44,78,108.97,0,0,1,5,6,Eden Gardens
Riyan Parag,2019-2024,3,3,0,85,47,28.33,48,177.08,0,0,0,9,4,Eden Gardens
Shardul Thakur,2017-2025,9,6,1,84,68,16.8,49,171.42,0,1,1,11,3,Eden Gardens
Mitchell Marsh,2025-2025,1,1,0,81,81,81,48,168.75,0,1,0,6,5,Eden Gardens
NV Ojha,2010-2017,7,6,1,79,26,15.8,93,84.94,0,0,1,10,1,Eden Gardens
A Symonds,2008-2010,2,2,0,77,45,38.5,76,101.31,0,0,0,7,2,Eden Gardens
Karn Sharma,2013-2024,8,7,4,71,32,23.66,52,136.53,0,0,0,1,6,Eden Gardens
Priyansh Arya,2025-2025,1,1,0,69,69,69,35,197.14,0,1,0,8,4,Eden Gardens
Shashank Singh,2024-2025,2,1,1,68,68*,-,28,242.85,0,1,0,2,8,Eden Gardens
LMP Simmons,2015-2017,2,2,0,68,68,34,50,136,0,1,1,8,3,Eden Gardens
CA Pujara,2010-2011,7,3,2,67,45*,67,66,101.51,0,0,0,8,1,Eden Gardens
RN ten Doeschate,2011-2015,11,7,2,67,18,13.4,50,134,0,0,1,2,5,Eden Gardens
Abhishek Sharma,2023-2025,3,3,0,66,32,22,42,157.14,0,0,0,7,4,Eden Gardens
Moen Ali,2019-2025,4,2,0,66,66,33,30,220,0,1,1,5,6,Eden Gardens
C de Grandhomme,2017-2017,6,4,0,65,36,16.25,39,166.66,0,0,2,7,3,Eden Gardens
MC Henriques,2015-2017,3,3,0,65,41,21.66,53,122.64,0,0,0,5,2,Eden Gardens
TM Dilshan,2008-2012,3,3,0,64,38,21.33,53,120.75,0,0,0,11,0,Eden Gardens
CL White,2008-2013,2,2,0,64,34,32,47,136.17,0,0,0,6,2,Eden Gardens
Harbhajan Singh,2011-2018,9,5,3,63,30,31.5,46,136.95,0,0,0,9,2,Eden Gardens
Kuldeep Yadav,2016-2024,23,7,3,62,35*,15.5,68,91.17,0,0,1,7,1,Eden Gardens
OA Shah,2010-2013,4,4,1,62,31,20.66,64,96.87,0,0,0,6,0,Eden Gardens
IK Pathan,2008-2016,5,4,1,60,42*,20,39,153.84,0,0,0,3,3,Eden Gardens
Kane Williamson,2016-2018,3,3,0,60,50,20,56,107.14,0,1,0,4,1,Eden Gardens
GJ Bailey,2014-2016,3,3,1,59,33,29.5,44,134.09,0,0,0,4,3,Eden Gardens
STR Binny,2010-2019,8,7,1,58,27,9.66,54,107.4,0,0,1,6,2,Eden Gardens
CJ Anderson,2015-2017,2,2,1,57,55*,57,46,123.91,0,1,0,4,3,Eden Gardens
Dewon Conway,2023-2023,1,1,0,56,56,56,40,140,0,1,0,4,3,Eden Gardens
KM Jadhav,2010-2019,5,5,0,56,20,11.2,44,127.27,0,0,0,6,2,Eden Gardens
N Jagadeesan,2023-2023,3,3,0,56,36,18.66,39,143.58,0,0,0,9,1,Eden Gardens
Will Jacks,2024-2024,1,1,0,55,55,55,32,171.87,0,1,0,4,5,Eden Gardens
Ayush Badoni,2023-2025,3,2,0,54,29,27,48,112.5,0,0,0,4,2,Eden Gardens
Sai Sudharsan,2025-2025,1,1,0,52,52,52,36,144.44,0,1,0,6,1,Eden Gardens
A Mishra,2008-2017,7,5,3,51,31,25.5,53,96.22,0,0,0,4,1,Eden Gardens
Bipul Sharma,2010-2017,5,4,2,50,21*,25,39,128.2,0,0,0,3,2,Eden Gardens
MV Boucher,2008-2011,2,1,1,50,50*,-,40,125,0,1,0,5,1,Eden Gardens
Shivam Dube,2023-2023,1,1,0,50,50,50,21,238.09,0,1,0,2,5,Eden Gardens
JP Duminy,2010-2018,4,4,1,50,25,16.66,51,98.03,0,0,0,4,1,Eden Gardens
NLTC Perera,2013-2016,2,2,0,49,36,24.5,36,136.11,0,0,0,2,2,Eden Gardens
B Chipli,2011-2011,1,1,0,48,48,48,40,120,0,0,0,6,1,Eden Gardens
M Kartik,2008-2012,10,4,1,48,21,16,44,109.09,0,0,0,5,0,Eden Gardens
Krunal Pandya,2017-2025,7,6,3,48,24,16,38,126.31,0,0,1,0,4,Eden Gardens
SE Marsh,2008-2012,3,3,0,46,40,15.33,44,104.54,0,0,0,4,2,Eden Gardens
JEC Franklin,2011-2011,1,1,1,45,45*,-,23,195.65,0,0,0,5,1,Eden Gardens
JA Morkel,2008-2015,6,3,2,45,30*,45,42,107.14,0,0,0,4,1,Eden Gardens
Marcus Stoinis,2016-2024,6,6,1,45,17*,9,39,115.38,0,0,2,5,2,Eden Gardens
YV Takawale,2014-2014,1,1,0,45,45,45,36,125,0,0,0,5,1,Eden Gardens
J Botha,2012-2015,5,5,1,44,17,11,28,157.14,0,0,0,7,1,Eden Gardens
Gurkeerat Singh,2013-2016,3,3,1,43,28*,21.5,33,130.3,0,0,0,3,2,Eden Gardens
P Negi,2015-2019,5,4,0,43,27,10.75,40,107.5,0,0,0,4,2,Eden Gardens
AP Tare,2010-2015,4,4,0,43,35,10.75,38,113.15,0,0,1,4,2,Eden Gardens
Sachin Tendulkar,2011-2013,3,3,0,42,38,14,35,120,0,0,0,6,0,Eden Gardens
Y Venugopal Rao,2008-2014,4,3,1,41,27,20.5,40,102.5,0,0,0,5,0,Eden Gardens
DH Yagnik,2013-2013,2,2,1,41,31*,41,23,178.26,0,0,0,7,0,Eden Gardens
R Dhawan,2013-2023,4,4,1,40,19,13.33,31,129.03,0,0,0,2,2,Eden Gardens
BCJ Cutting,2017-2018,2,2,0,39,24,19.5,19,205.26,0,0,0,2,4,Eden Gardens
Devdutt Padikkal,2022-2025,2,2,0,38,28,19,30,126.66,0,0,0,3,2,Eden Gardens
Axar Patel,2014-2024,6,4,0,38,21,9.5,31,122.58,0,0,1,3,2,Eden Gardens
Umar Gul,2008-2008,3,3,1,37,24,18.5,17,217.64,0,0,0,1,5,Eden Gardens
R Bhatia,2010-2013,21,8,3,36,11,7.2,40,90,0,0,0,3,0,Eden Gardens
DJG Sammy,2014-2015,2,2,0,36,29,18,28,128.57,0,0,0,1,3,Eden Gardens
Ben Stokes,2017-2019,3,3,0,36,14,12,38,94.73,0,0,0,3,0,Eden Gardens
Ruturaj Gaikwad,2023-2023,1,1,0,35,35,35,20,175,0,0,0,2,3,Eden Gardens
E Lewis,2018-2022,3,3,1,35,18,17.5,35,100,0,0,0,4,1,Eden Gardens
MS Wade,2022-2022,1,1,0,35,35,35,30,116.66,0,0,0,6,0,Eden Gardens
DT Christian,2011-2017,2,2,1,34,25,34,23,147.82,0,0,0,1,3,Eden Gardens
M Kaif,2008-2008,1,1,1,34,34*,-,31,109.67,0,0,0,4,0,Eden Gardens
Rashid Khan,2017-2025,7,1,1,34,34*,-,10,340,0,0,0,2,4,Eden Gardens
Jofra Archer,2018-2019,3,2,1,33,27*,33,17,194.11,0,0,0,3,2,Eden Gardens
SP Goswami,2010-2012,4,3,0,33,24,11,35,94.28,0,0,0,3,1,Eden Gardens
Ravichandra Ashwin,2010-2024,13,6,2,32,11,8,51,62.74,0,0,0,3,0,Eden Gardens
SP Fleming,2008-2008,1,1,1,32,32*,-,20,160,0,0,0,6,0,Eden Gardens
Bhuvaneshwar Kumar,2012-2024,10,4,3,32,11*,32,17,188.23,0,0,0,5,1,Eden Gardens
M Shahrukh Khan,2023-2025,2,2,2,32,21*,-,13,246.15,0,0,0,3,2,Eden Gardens
Mohit Sharma,2013-2023,8,5,3,32,21*,16,19,168.42,0,0,1,2,2,Eden Gardens
Tilak Varma,2024-2024,1,1,0,32,32,32,17,188.23,0,0,0,5,1,Eden Gardens
Liam Livingstone,2023-2025,2,2,1,30,15*,30,14,214.28,0,0,0,5,1,Eden Gardens
MD Mishra,2010-2010,1,1,0,29,29,29,16,181.25,0,0,0,6,0,Eden Gardens
Kamindu Mendis,2025-2025,1,1,0,27,27,27,20,135,0,0,0,1,2,Eden Gardens
PP Shaw,2019-2024,2,2,0,27,14,13.5,14,192.85,0,0,0,3,2,Eden Gardens
PN Mankad,2023-2023,1,1,0,26,26,26,20,130,0,0,0,5,0,Eden Gardens
Romen Powell,2024-2025,2,1,0,26,26,26,13,200,0,0,0,1,3,Eden Gardens
Rilee Rossouw,2024-2024,1,1,0,26,26,26,16,162.5,0,0,0,1,2,Eden Gardens
Jaydev Unadkat,2010-2019,11,2,1,26,26,26,19,136.84,0,0,0,3,1,Eden Gardens
HM Amla,2017-2017,1,1,0,25,25,25,27,92.59,0,0,0,4,0,Eden Gardens
CR Brathwaite,2016-2019,4,4,0,25,8,6.25,18,138.88,0,0,0,1,2,Eden Gardens
Mohammad Hafeez,2008-2008,4,4,0,25,13,6.25,33,75.75,0,0,0,3,1,Eden Gardens
SPD Smith,2012-2019,3,3,0,25,14,8.33,31,80.64,0,0,0,1,1,Eden Gardens
CR Woakes,2017-2018,7,4,1,25,18,8.33,30,83.33,0,0,0,4,0,Eden Gardens
CH Morris,2013-2019,6,4,0,24,11,6,23,104.34,0,0,1,3,0,Eden Gardens
SS Prabhudessai,2024-2024,1,1,0,24,24,24,18,133.33,0,0,0,3,0,Eden Gardens
DB Ravi Teja,2011-2013,2,2,0,24,14,12,23,104.34,0,0,0,1,1,Eden Gardens
GC Smith,2008-2008,1,1,0,24,24,24,24,100,0,0,0,4,0,Eden Gardens
K Gowtham,2018-2023,3,3,2,23,11*,23,16,143.75,0,0,0,2,1,Eden Gardens
J Arunkumar,2008-2008,1,1,0,22,22,22,17,129.41,0,0,0,5,0,Eden Gardens
SP Jackson,2017-2017,2,2,1,22,12*,22,14,157.14,0,0,0,4,0,Eden Gardens
AL Menaria,2011-2012,2,2,0,22,21,11,23,95.65,0,0,0,1,1,Eden Gardens
T Taibu,2008-2008,2,2,0,22,15,11,21,104.76,0,0,0,2,0,Eden Gardens
Abdul Samad,2024-2025,2,2,0,21,15,10.5,15,140,0,0,0,2,1,Eden Gardens
TK Curran,2018-2018,3,3,0,21,18,7,23,91.3,0,0,0,3,0,Eden Gardens
UT Khawaja,2016-2016,1,1,0,21,21,21,17,123.52,0,0,0,3,0,Eden Gardens
P Kumar,2008-2017,8,5,3,21,12,10.5,26,80.76,0,0,1,2,0,Eden Gardens
Jitesh Sharma,2023-2025,3,1,0,21,21,21,18,116.66,0,0,0,0,2,Eden Gardens
MJ McClenaghan,2015-2018,3,1,0,20,20,20,8,250,0,0,0,0,3,Eden Gardens
Mitchell Starc,2014-2024,7,3,3,20,12*,-,13,153.84,0,0,0,2,0,Eden Gardens
DJ Willey,2023-2023,1,1,1,20,20*,-,20,100,0,0,0,2,0,Eden Gardens
MG Bracewell,2023-2023,1,1,0,19,19,19,18,105.55,0,0,0,1,1,Eden Gardens
JO Holder,2014-2016,2,2,0,19,16,9.5,15,126.66,0,0,0,2,1,Eden Gardens
SN Khan,2018-2019,2,2,0,19,13,9.5,23,82.6,0,0,0,2,0,Eden Gardens
Nitish Kumar Reddy,2025-2025,1,1,0,19,19,19,15,126.66,0,0,0,2,1,Eden Gardens
RT Ponting,2008-2008,2,2,0,19,19,9.5,32,59.37,0,0,1,1,0,Eden Gardens
S Rana,2014-2014,1,1,1,19,19*,-,12,158.33,0,0,0,2,0,Eden Gardens
TL Suman,2010-2011,2,2,1,19,15*,19,15,126.66,0,0,0,1,1,Eden Gardens
Umesh Yadav,2012-2023,25,8,7,19,6*,19,17,111.76,0,0,0,1,0,Eden Gardens
Abishek Porel,2024-2024,1,1,0,18,18,18,15,120,0,0,0,2,1,Eden Gardens
S Gopal,2018-2019,2,1,0,18,18,18,9,200,0,0,0,4,0,Eden Gardens
BJ Haddin,2011-2011,1,1,0,18,18,18,11,163.63,0,0,0,2,1,Eden Gardens
ST Jayasuriya,2008-2008,1,1,0,18,18,18,10,180,0,0,0,3,1,Eden Gardens
MK Lomror,2022-2024,2,2,0,18,14,9,12,150,0,0,0,3,0,Eden Gardens
Karrn Nair,2016-2018,3,2,0,18,15,9,25,72,0,0,0,3,0,Eden Gardens
Akash Deep,2023-2025,2,1,0,17,17,17,8,212.5,0,0,0,2,1,Eden Gardens
A Chopra,2008-2008,3,3,0,17,13,5.66,25,68,0,0,0,2,0,Eden Gardens
Harpreet Brar,2023-2025,3,1,1,17,17*,-,9,188.88,0,0,0,2,1,Eden Gardens
Naman Dhir,2024-2024,1,1,0,17,17,17,6,283.33,0,0,0,1,2,Eden Gardens
Shahbaz Ahmed,2022-2024,3,2,0,17,16,8.5,10,170,0,0,0,1,2,Eden Gardens
R Vinay Kumar,2008-2018,9,4,3,17,11,17,14,121.42,0,0,0,2,0,Eden Gardens
FY Fazal,2010-2011,2,2,0,16,13,8,17,94.11,0,0,0,1,0,Eden Gardens
Harshit Rana,2023-2025,16,3,2,16,10*,16,17,94.11,0,0,0,3,0,Eden Gardens
DL Vettori,2010-2012,3,2,2,16,12*,-,10,160,0,0,0,2,0,Eden Gardens
AB Agarkar,2008-2010,7,3,1,15,8*,7.5,13,115.38,0,0,0,2,0,Eden Gardens
NM Coulter-Nile,2016-2017,5,3,1,15,7*,7.5,19,78.94,0,0,0,1,1,Eden Gardens
MG Johnson,2013-2018,8,3,2,15,10*,15,18,83.33,0,0,0,0,1,Eden Gardens
AG Paunikar,2011-2011,1,1,0,15,15,15,15,100,0,0,0,2,0,Eden Gardens
SB Bangar,2008-2008,1,1,0,14,14,14,10,140,0,0,0,1,1,Eden Gardens
Pat Cummins,2014-2025,5,3,2,14,14,14,16,87.5,0,0,0,2,0,Eden Gardens
P Dogra,2010-2012,2,2,0,14,8,7,23,60.86,0,0,0,0,0,Eden Gardens
Harmeet Singh,2010-2013,3,1,0,14,14,14,6,233.33,0,0,0,3,0,Eden Gardens
CA Ingram,2019-2019,1,1,1,14,14*,-,6,233.33,0,0,0,1,1,Eden Gardens
Iqbal Abdulla,2008-2016,15,3,3,14,12*,-,12,116.66,0,0,0,1,0,Eden Gardens
C Munro,2016-2016,3,2,0,14,10,7,13,107.69,0,0,0,2,0,Eden Gardens
DW Steyn,2008-2019,7,2,1,14,13,14,13,107.69,0,0,0,1,0,Eden Gardens
AD Nath,2019-2019,1,1,0,13,13,13,15,86.66,0,0,0,0,1,Eden Gardens
JR Hopes,2008-2008,1,1,0,13,13,13,10,130,0,0,0,2,0,Eden Gardens
AS Raut,2010-2011,2,2,0,13,11,6.5,19,68.42,0,0,0,1,0,Eden Gardens
Shivam Mavi,2018-2018,6,3,1,13,7,6.5,12,108.33,0,0,0,1,0,Eden Gardens
Sohail Tanvir,2008-2008,1,1,0,13,13,13,8,162.5,0,0,0,1,1,Eden Gardens
AR Bawne,2017-2017,1,1,1,12,12*,-,12,100,0,0,0,1,0,Eden Gardens
J Fraser-McGurk,2024-2024,1,1,0,12,12,12,7,171.42,0,0,0,1,1,Eden Gardens
MF Maharoof,2008-2010,2,2,0,12,10,6,15,80,0,0,0,0,0,Eden Gardens
Harshal Patel,2012-2025,6,3,1,12,9*,6,11,109.09,0,0,1,0,1,Eden Gardens
PVD Chameera,2022-2024,2,1,1,11,11*,-,4,275,0,0,0,1,1,Eden Gardens
Jos Inglis,2025-2025,1,1,1,11,11*,-,6,183.33,0,0,0,2,0,Eden Gardens
R Sathish,2010-2011,2,1,0,11,11,11,11,100,0,0,0,1,0,Eden Gardens
L Balaji,2008-2013,16,2,2,10,9*,-,8,125,0,0,0,1,0,Eden Gardens
RV Gomez,2011-2011,1,1,1,10,10*,-,10,100,0,0,0,0,1,Eden Gardens
B Lee,2011-2013,9,2,0,10,9,5,8,125,0,0,0,0,1,Eden Gardens
S Nadeem,2012-2018,3,2,1,10,6*,10,16,62.5,0,0,0,0,0,Eden Gardens
AS Yadav,2008-2008,1,1,0,10,10,10,10,100,0,0,0,0,1,Eden Gardens
Mohammed Shami,2018-2025,5,2,1,9,7,9,10,90,0,0,0,1,0,Eden Gardens
Ishant Sharma,2008-2025,14,5,5,9,6*,-,18,50,0,0,0,0,0,Eden Gardens
D Wiese,2023-2023,2,2,1,9,8*,9,8,112.5,0,0,0,0,1,Eden Gardens
MC Juneja,2013-2013,1,1,0,8,8,8,9,88.88,0,0,0,1,0,Eden Gardens
Rasikh Salam,2024-2025,2,1,0,8,8,8,10,80,0,0,0,1,0,Eden Gardens
AC Voges,2010-2010,1,1,0,8,8,8,7,114.28,0,0,0,1,0,Eden Gardens
S Chanderpaul,2008-2008,1,1,0,7,7,7,11,63.63,0,0,0,1,0,Eden Gardens
SMSM Senanayake,2013-2013,5,2,2,7,7*,-,14,50,0,0,0,0,0,Eden Gardens
PC Valthaty,2011-2011,1,1,0,7,7,7,8,87.5,0,0,0,1,0,Eden Gardens
GH Vihari,2013-2015,2,2,0,7,6,3.5,14,50,0,0,0,0,0,Eden Gardens
BA Bhatt,2011-2013,3,1,1,6,6*,-,2,300,0,0,0,0,1,Eden Gardens
Cameron Green,2024-2024,1,1,0,6,6,6,4,150,0,0,0,0,1,Eden Gardens
SD Hope,2024-2024,1,1,0,6,6,6,3,200,0,0,0,0,1,Eden Gardens
AS Roy,2023-2024,2,1,1,6,6*,-,6,100,0,0,0,0,0,Eden Gardens
SB Styris,2008-2008,1,1,0,6,6,6,7,85.71,0,0,0,1,0,Eden Gardens
LRPL Taylor,2011-2011,1,1,0,6,6,6,9,66.66,0,0,0,0,0,Eden Gardens
Aniket Verma,2025-2025,1,1,0,6,6,6,6,100,0,0,0,1,0,Eden Gardens
SK Warne,2008-2011,3,2,2,6,3*,-,10,60,0,0,0,0,0,Eden Gardens
AN Ahmed,2011-2015,3,1,1,5,5*,-,2,250,0,0,0,1,0,Eden Gardens
S Aravind,2011-2017,3,1,1,5,5*,-,4,125,0,0,0,1,0,Eden Gardens
Arshad Khan,2024-2024,1,1,0,5,5,5,4,125,0,0,0,1,0,Eden Gardens
SA Asnodkar,2008-2008,1,1,0,5,5,5,3,166.66,0,0,0,1,0,Eden Gardens
Trent Boult,2017-2024,7,4,2,5,5*,2.5,11,45.45,0,0,2,0,0,Eden Gardens
JP Faulkner,2013-2017,3,2,1,5,4*,5,6,83.33,0,0,0,0,0,Eden Gardens
GB Hogg,2012-2016,10,1,0,5,5,5,5,100,0,0,0,0,0,Eden Gardens
BB Sran,2016-2019,3,2,2,5,3*,-,5,100,0,0,0,0,0,Eden Gardens
VR Aaron,2015-2019,3,1,0,4,4,4,5,80,0,0,0,0,0,Eden Gardens
A Ashish Reddy,2013-2013,1,1,0,4,4,4,5,80,0,0,0,0,0,Eden Gardens
KK Cooper,2013-2013,1,1,0,4,4,4,2,200,0,0,0,1,0,Eden Gardens
Sam Curran,2023-2024,2,1,0,4,4,4,9,44.44,0,0,0,0,0,Eden Gardens
Travis Head,2025-2025,1,1,0,4,4,4,2,200,0,0,0,1,0,Eden Gardens
Simeron Hetmyer,2022-2024,3,2,0,4,4,2,8,50,0,0,1,0,0,Eden Gardens
Marco Jansen,2023-2025,3,2,1,4,3,4,8,50,0,0,0,0,0,Eden Gardens
Z Khan,2008-2017,6,1,0,4,4,4,9,44.44,0,0,0,1,0,Eden Gardens
Tristan Stubbs,2024-2024,1,1,0,4,4,4,7,57.14,0,0,0,0,0,Eden Gardens
SK Trivedi,2008-2013,6,2,0,4,4,2,4,100,0,0,1,1,0,Eden Gardens
S Anirudha,2012-2014,2,1,0,3,3,3,5,60,0,0,0,0,0,Eden Gardens
Anureet Singh,2015-2018,2,1,1,3,3*,-,4,75,0,0,0,0,0,Eden Gardens
IR Jaggi,2011-2011,1,1,0,3,3,3,9,33.33,0,0,0,0,0,Eden Gardens
VY Mahesh,2008-2008,1,1,0,3,3,3,6,50,0,0,0,0,0,Eden Gardens
RR Powar,2008-2011,3,1,1,3,3*,-,6,50,0,0,0,0,0,Eden Gardens
KS Sharma,2023-2023,1,1,0,3,3,3,5,60,0,0,0,0,0,Eden Gardens
Nehal Wadhera,2024-2025,2,1,0,3,3,3,3,100,0,0,0,0,0,Eden Gardens
Azhar Mahmood,2013-2013,1,1,0,2,2,2,7,28.57,0,0,0,0,0,Eden Gardens
PD Collingwood,2010-2010,1,1,0,2,2,2,3,66.66,0,0,0,0,0,Eden Gardens
RS Gavaskar,2010-2010,2,1,0,2,2,2,8,25,0,0,0,0,0,Eden Gardens
Druv Jurel,2023-2024,2,1,0,2,2,2,4,50,0,0,0,0,0,Eden Gardens
Anushul Kamboj,2024-2024,1,1,1,2,2*,-,2,100,0,0,0,0,0,Eden Gardens
TS Mills,2017-2017,1,1,0,2,2,2,5,40,0,0,0,0,0,Eden Gardens
RG More,2015-2015,1,1,1,2,2*,-,2,100,0,0,0,0,0,Eden Gardens
Naveen-ul-Haq,2023-2023,1,1,1,2,2*,-,3,66.66,0,0,0,0,0,Eden Gardens
Ravi Bishnoi,2022-2025,4,1,0,2,2,2,2,100,0,0,0,0,0,Eden Gardens
JPR Scantlebury-Searles,2018-2018,2,1,0,2,2,2,5,40,0,0,0,0,0,Eden Gardens
SA Abbott,2015-2015,1,1,0,1,1,1,4,25,0,0,0,0,0,Eden Gardens
Anuj Rawat,2023-2023,1,1,0,1,1,1,5,20,0,0,0,0,0,Eden Gardens
VG Arora,2023-2025,11,1,1,1,1*,-,1,100,0,0,0,0,0,Eden Gardens
SE Bond,2010-2010,5,1,0,1,1,1,2,50,0,0,0,0,0,Eden Gardens
Rahul Chahar,2019-2024,3,1,1,1,1*,-,1,100,0,0,0,0,0,Eden Gardens
MJ Clarke,2012-2012,1,1,0,1,1,1,2,50,0,0,0,0,0,Eden Gardens
LH Ferguson,2019-2024,5,1,0,1,1,1,1,100,0,0,0,0,0,Eden Gardens
ML Hayden,2010-2010,1,1,0,1,1,1,8,12.5,0,0,0,0,0,Eden Gardens
SH Johnson,2025-2025,2,1,1,1,1*,-,1,100,0,0,0,0,0,Eden Gardens
Karanveer Singh,2014-2014,1,1,1,1,1*,-,1,100,0,0,0,0,0,Eden Gardens
K Kushagra,2024-2024,1,1,0,1,1,1,3,33.33,0,0,0,0,0,Eden Gardens
M Manhas,2012-2014,2,1,0,1,1,1,3,33.33,0,0,0,0,0,Eden Gardens
A Nehra,2008-2017,5,2,1,1,1*,1,5,20,0,0,1,0,0,Eden Gardens
PP Ojha,2008-2015,8,2,1,1,1*,1,1,100,0,0,1,0,0,Eden Gardens
WD Parnell,2012-2012,1,1,0,1,1,1,2,50,0,0,0,0,0,Eden Gardens
M Prasidh Krishna,2018-2025,12,2,2,1,1*,-,5,20,0,0,0,0,0,Eden Gardens
Sandeep Sharma,2015-2023,5,2,2,1,1*,-,1,100,0,0,0,0,0,Eden Gardens
RP Singh,2008-2011,2,1,1,1,1*,-,2,50,0,0,0,0,0,Eden Gardens
IS Sodhi,2018-2018,2,1,0,1,1,1,6,16.66,0,0,0,0,0,Eden Gardens
TM Srivastava,2008-2008,1,1,1,1,1*,-,1,100,0,0,0,0,0,Eden Gardens
Rahul Tewatia,2018-2025,5,2,0,1,1,0.5,4,25,0,0,1,0,0,Eden Gardens
RE van der Merwe,2010-2012,2,1,0,1,1,1,2,50,0,0,0,0,0,Eden Gardens
Washington Sundar,2017-2025,4,2,2,1,1*,-,3,33.33,0,0,0,0,0,Eden Gardens
LB Williams,2024-2024,1,1,1,1,1*,-,2,50,0,0,0,0,0,Eden Gardens
Avesh Khan,2022-2025,3,1,1,0,0*,-,0,-,0,0,0,0,0,Eden Gardens
S Badree,2017-2017,1,1,0,0,0,0,3,0,0,0,1,0,0,Eden Gardens
Yuzvendra Chahal,2013-2025,11,1,0,0,0,0,2,0,0,0,1,0,0,Eden Gardens
UBT Chand,2013-2013,1,1,0,0,0,0,1,0,0,0,1,0,0,Eden Gardens
Tim David,2024-2025,2,1,0,0,0,0,3,0,0,0,1,0,0,Eden Gardens
JL Denly,2019-2019,1,1,0,0,0,0,1,0,0,0,1,0,0,Eden Gardens
Kamran Khan,2010-2010,1,1,1,0,0*,-,0,-,0,0,0,0,0,Eden Gardens
VVS Laxman,2008-2008,1,1,0,0,0,0,6,0,0,0,1,0,0,Eden Gardens
GD McGrath,2008-2008,1,1,1,0,0*,-,0,-,0,0,0,0,0,Eden Gardens
R McLaren,2010-2010,1,1,1,0,0*,-,2,0,0,0,0,0,0,Eden Gardens
SL Malinga,2011-2019,8,1,0,0,0,0,2,0,0,0,1,0,0,Eden Gardens
AD Mascarenhas,2012-2012,1,1,0,0,0,0,1,0,0,0,1,0,0,Eden Gardens
Mohammed Siraj,2019-2025,5,1,1,0,0*,-,0,-,0,0,0,0,0,Eden Gardens
M Morkel,2012-2016,10,1,1,0,0*,-,0,-,0,0,0,0,0,Eden Gardens
AM Nayar,2008-2011,2,1,0,0,0,0,2,0,0,0,1,0,0,Eden Gardens
Parvez Rasool,2014-2014,1,1,1,0,0*,-,0,-,0,0,0,0,0,Eden Gardens
PBB Rajapaksa,2023-2023,1,1,0,0,0,0,3,0,0,0,1,0,0,Eden Gardens
PJ Sangwan,2008-2010,2,1,0,0,0,0,1,0,0,0,1,0,0,Eden Gardens
Simarjeet Singh,2025-2025,1,1,0,0,0,0,1,0,0,0,1,0,0,Eden Gardens
A Singh,2011-2012,2,1,0,0,0,0,2,0,0,0,1,0,0,Eden Gardens
Swapnil Singh,2016-2016,1,1,0,0,0,0,1,0,0,0,1,0,0,Eden Gardens
SW Tait,2011-2011,1,1,0,0,0,0,1,0,0,0,1,0,0,Eden Gardens
WPUJC Vaas,2008-2008,1,1,0,0,0,0,1,0,0,0,1,0,0,Eden Gardens
Varun Chakaravarthy,2019-2025,20,1,1,0,0*,-,3,0,0,0,0,0,0,Eden Gardens
S Ladda,2013-2013,1,-,-,-,-,-,-,-,-,-,-,-,-,Eden Gardens
Khaleel Ahmed,2018-2024,2,-,-,-,-,-,-,-,-,-,-,-,-,Eden Gardens
Akash Singh,2023-2023,1,-,-,-,-,-,-,-,-,-,-,-,-,Eden Gardens
KP Appanna,2012-2012,1,-,-,-,-,-,-,-,-,-,-,-,-,Eden Gardens
Arshdeep Singh,2023-2025,3,-,-,-,-,-,-,-,-,-,-,-,-,Eden Gardens
M Ashwin,2016-2016,1,-,-,-,-,-,-,-,-,-,-,-,-,Eden Gardens
KM Asif,2018-2023,2,-,-,-,-,-,-,-,-,-,-,-,-,Eden Gardens
P Awana,2014-2014,1,-,-,-,-,-,-,-,-,-,-,-,-,Eden Gardens
Azmatullah Omarzai,2025-2025,1,-,-,-,-,-,-,-,-,-,-,-,-,Eden Gardens
Basil Thampi,2017-2017,1,-,-,-,-,-,-,-,-,-,-,-,-,Eden Gardens
DE Bollinger,2011-2011,1,-,-,-,-,-,-,-,-,-,-,-,-,Eden Gardens
RS Bopara,2010-2010,1,-,-,-,-,-,-,-,-,-,-,-,-,Eden Gardens
JJ Bumrah,2015-2024,5,-,-,-,-,-,-,-,-,-,-,-,-,Eden Gardens
KC Cariappa,2015-2015,1,-,-,-,-,-,-,-,-,-,-,-,-,Eden Gardens
DL Chahar,2019-2019,1,-,-,-,-,-,-,-,-,-,-,-,-,Eden Gardens
AA Chavan,2012-2013,2,-,-,-,-,-,-,-,-,-,-,-,-,Eden Gardens
M de Lange,2012-2012,3,-,-,-,-,-,-,-,-,-,-,-,-,Eden Gardens
TU Deshpande,2023-2023,1,-,-,-,-,-,-,-,-,-,-,-,-,Eden Gardens
AB Dinda,2008-2016,13,-,-,-,-,-,-,-,-,-,-,-,-,Eden Gardens
NT Ellis,2023-2023,1,-,-,-,-,-,-,-,-,-,-,-,-,Eden Gardens
CRD Fernando,2008-2010,2,-,-,-,-,-,-,-,-,-,-,-,-,Eden Gardens
MS Gony,2008-2010,2,-,-,-,-,-,-,-,-,-,-,-,-,Eden Gardens
HF Gurney,2019-2019,3,-,-,-,-,-,-,-,-,-,-,-,-,Eden Gardens
RJ Harris,2011-2011,1,-,-,-,-,-,-,-,-,-,-,-,-,Eden Gardens
PW Hasaranga,2022-2022,1,-,-,-,-,-,-,-,-,-,-,-,-,Eden Gardens
JW Hastings,2016-2016,2,-,-,-,-,-,-,-,-,-,-,-,-,Eden Gardens
JR Hazlewood,2022-2025,2,-,-,-,-,-,-,-,-,-,-,-,-,Eden Gardens
BE Hendricks,2015-2015,1,-,-,-,-,-,-,-,-,-,-,-,-,Eden Gardens
BW Hilfenhaus,2012-2014,2,-,-,-,-,-,-,-,-,-,-,-,-,Eden Gardens
Imran Tahir,2015-2019,3,-,-,-,-,-,-,-,-,-,-,-,-,Eden Gardens
SB Jakati,2011-2012,2,-,-,-,-,-,-,-,-,-,-,-,-,Eden Gardens
Jaskaran Singh,2010-2010,1,-,-,-,-,-,-,-,-,-,-,-,-,Eden Gardens
CJ Jordan,2016-2016,1,-,-,-,-,-,-,-,-,-,-,-,-,Eden Gardens
AS Joseph,2022-2022,1,-,-,-,-,-,-,-,-,-,-,-,-,Eden Gardens
S Joseph,2024-2024,1,-,-,-,-,-,-,-,-,-,-,-,-,Eden Gardens
S Randiv,2011-2011,1,-,-,-,-,-,-,-,-,-,-,-,-,Eden Gardens
S Kaul,2018-2019,3,-,-,-,-,-,-,-,-,-,-,-,-,Eden Gardens
S Kaushik,2016-2016,1,-,-,-,-,-,-,-,-,-,-,-,-,Eden Gardens
JM Kemp,2010-2010,1,-,-,-,-,-,-,-,-,-,-,-,-,Eden Gardens
K Khejroliya,2018-2023,2,-,-,-,-,-,-,-,-,-,-,-,-,Eden Gardens
DS Kulkarni,2008-2017,3,-,-,-,-,-,-,-,-,-,-,-,-,Eden Gardens
A Kumble,2008-2010,2,-,-,-,-,-,-,-,-,-,-,-,-,Eden Gardens
CK Langeveldt,2010-2010,1,-,-,-,-,-,-,-,-,-,-,-,-,Eden Gardens
B Laughlin,2018-2018,1,-,-,-,-,-,-,-,-,-,-,-,-,Eden Gardens
JB Little,2023-2023,1,-,-,-,-,-,-,-,-,-,-,-,-,Eden Gardens
OC McCoy,2022-2022,1,-,-,-,-,-,-,-,-,-,-,-,-,Eden Gardens
VS Malik,2013-2013,1,-,-,-,-,-,-,-,-,-,-,-,-,Eden Gardens
A Manohar,2023-2023,1,-,-,-,-,-,-,-,-,-,-,-,-,Eden Gardens
M Markande,2018-2024,3,-,-,-,-,-,-,-,-,-,-,-,-,Eden Gardens
BAW Mendis,2008-2010,2,-,-,-,-,-,-,-,-,-,-,-,-,Eden Gardens
Mohsin Khan,2022-2024,3,-,-,-,-,-,-,-,-,-,-,-,-,Eden Gardens
Mujeeb Ur Rahman,2018-2018,1,-,-,-,-,-,-,-,-,-,-,-,-,Eden Gardens
M Muralidaran,2008-2014,4,-,-,-,-,-,-,-,-,-,-,-,-,Eden Gardens
AG Murtaza,2010-2010,1,-,-,-,-,-,-,-,-,-,-,-,-,Eden Gardens
Mustafizur Rahman,2016-2016,1,-,-,-,-,-,-,-,-,-,-,-,-,Eden Gardens
Y Nagar,2012-2012,1,-,-,-,-,-,-,-,-,-,-,-,-,Eden Gardens
S Narwal,2013-2013,1,-,-,-,-,-,-,-,-,-,-,-,-,Eden Gardens
T Natarajan,2023-2024,2,-,-,-,-,-,-,-,-,-,-,-,-,Eden Gardens
L Ngidi,2018-2018,1,-,-,-,-,-,-,-,-,-,-,-,-,Eden Gardens
Noor Ahmad,2023-2023,1,-,-,-,-,-,-,-,-,-,-,-,-,Eden Gardens
M Ntini,2008-2008,1,-,-,-,-,-,-,-,-,-,-,-,-,Eden Gardens
IC Pandey,2014-2014,1,-,-,-,-,-,-,-,-,-,-,-,-,Eden Gardens
MB Parmar,2010-2010,1,-,-,-,-,-,-,-,-,-,-,-,-,Eden Gardens
MM Patel,2008-2012,2,-,-,-,-,-,-,-,-,-,-,-,-,Eden Gardens
AUK Pathan,2011-2011,1,-,-,-,-,-,-,-,-,-,-,-,-,Eden Gardens
M Pathirana,2023-2023,1,-,-,-,-,-,-,-,-,-,-,-,-,Eden Gardens
KMA Paul,2019-2019,1,-,-,-,-,-,-,-,-,-,-,-,-,Eden Gardens
SM Pollock,2008-2008,1,-,-,-,-,-,-,-,-,-,-,-,-,Eden Gardens
RW Price,2011-2011,1,-,-,-,-,-,-,-,-,-,-,-,-,Eden Gardens
Y Prithvi Raj,2019-2019,1,-,-,-,-,-,-,-,-,-,-,-,-,Eden Gardens
K Rabada,2017-2024,3,-,-,-,-,-,-,-,-,-,-,-,-,Eden Gardens
AS Rajpoot,2016-2018,5,-,-,-,-,-,-,-,-,-,-,-,-,Eden Gardens
DS Rathi,2025-2025,1,-,-,-,-,-,-,-,-,-,-,-,-,Eden Gardens
M Rawat,2008-2008,1,-,-,-,-,-,-,-,-,-,-,-,-,Eden Gardens
KAJ Roach,2010-2010,1,-,-,-,-,-,-,-,-,-,-,-,-,Eden Gardens
JE Root,2023-2023,1,-,-,-,-,-,-,-,-,-,-,-,-,Eden Gardens
SE Rutherford,2025-2025,1,-,-,-,-,-,-,-,-,-,-,-,-,Eden Gardens
Sachin Baby,2016-2016,1,-,-,-,-,-,-,-,-,-,-,-,-,Eden Gardens
NA Saini,2019-2019,1,-,-,-,-,-,-,-,-,-,-,-,-,Eden Gardens
R Sai Kishore,2022-2025,2,-,-,-,-,-,-,-,-,-,-,-,-,Eden Gardens
C Sakariya,2025-2025,1,-,-,-,-,-,-,-,-,-,-,-,-,Eden Gardens
S Sandeep Warrier,2019-2019,1,-,-,-,-,-,-,-,-,-,-,-,-,Eden Gardens
MJ Santner,2019-2019,1,-,-,-,-,-,-,-,-,-,-,-,-,Eden Gardens
KR Sen,2024-2024,1,-,-,-,-,-,-,-,-,-,-,-,-,Eden Gardens
PR Shah,2008-2008,1,-,-,-,-,-,-,-,-,-,-,-,-,Eden Gardens
AR Sharma,2024-2024,1,-,-,-,-,-,-,-,-,-,-,-,-,Eden Gardens
Shoaib Akhtar,2008-2008,2,-,-,-,-,-,-,-,-,-,-,-,-,Eden Gardens
VRV Singh,2008-2008,1,-,-,-,-,-,-,-,-,-,-,-,-,Eden Gardens
TG Southee,2016-2023,3,-,-,-,-,-,-,-,-,-,-,-,-,Eden Gardens
S Sreesanth,2008-2008,1,-,-,-,-,-,-,-,-,-,-,-,-,Eden Gardens
SJ Srivastava,2010-2010,1,-,-,-,-,-,-,-,-,-,-,-,-,Eden Gardens
B Stanlake,2018-2018,1,-,-,-,-,-,-,-,-,-,-,-,-,Eden Gardens
J Suchith,2015-2016,2,-,-,-,-,-,-,-,-,-,-,-,-,Eden Gardens
Suyash Sharma,2023-2025,10,-,-,-,-,-,-,-,-,-,-,-,-,Eden Gardens
J Syed Mohammad,2011-2011,1,-,-,-,-,-,-,-,-,-,-,-,-,Eden Gardens
PV Tambe,2016-2016,1,-,-,-,-,-,-,-,-,-,-,-,-,Eden Gardens
Yash Thakur,2023-2024,2,-,-,-,-,-,-,-,-,-,-,-,-,Eden Gardens
M Theekshana,2023-2023,1,-,-,-,-,-,-,-,-,-,-,-,-,Eden Gardens
J Theron,2010-2010,1,-,-,-,-,-,-,-,-,-,-,-,-,Eden Gardens
O Thomas,2019-2019,1,-,-,-,-,-,-,-,-,-,-,-,-,Eden Gardens
N Thushara,2024-2024,1,-,-,-,-,-,-,-,-,-,-,-,-,Eden Gardens
AJ Tye,2018-2019,2,-,-,-,-,-,-,-,-,-,-,-,-,Eden Gardens
Umran Malik,2023-2023,1,-,-,-,-,-,-,-,-,-,-,-,-,Eden Gardens
S Vidyut,2008-2008,1,-,-,-,-,-,-,-,-,-,-,-,-,Eden Gardens
GC Viljoen,2019-2019,1,-,-,-,-,-,-,-,-,-,-,-,-,Eden Gardens
Yash Dayal,2022-2025,3,-,-,-,-,-,-,-,-,-,-,-,-,Eden Gardens
A Zampa,2016-2016,1,-,-,-,-,-,-,-,-,-,-,-,-,Eden Gardens
Zeeshan Ansari,2025-2025,1,-,-,-,-,-,-,-,-,-,-,-,-,Eden Gardens
,,,,,,,,,,,,,,,
David Warner,2012-2023,32,32,7,1623,126,64.92,1011,160.53,3,15,1,151,72,Rajiv Gandhi Intl. Cricket Stadium
S Dhawan,2008-2023,47,47,7,1477,99*,36.92,1189,124.22,0,10,0,166,33,Rajiv Gandhi Intl. Cricket Stadium
Henrich Klaasen,2023-2025,17,15,4,614,104,55.81,336,182.73,1,2,0,50,34,Rajiv Gandhi Intl. Cricket Stadium
Rohit Sharma,2008-2025,19,19,4,590,76*,39.33,411,143.55,0,5,0,62,24,Rajiv Gandhi Intl. Cricket Stadium
Abhishek Sharma,2019-2025,19,19,2,521,141,30.64,255,204.31,1,3,1,51,37,Rajiv Gandhi Intl. Cricket Stadium
Kane Williamson,2016-2019,18,18,3,508,89,33.86,367,138.41,0,4,1,41,18,Rajiv Gandhi Intl. Cricket Stadium
Virat Kohli,2008-2024,11,11,1,486,100,48.6,363,133.88,1,3,0,43,19,Rajiv Gandhi Intl. Cricket Stadium
Travis Head,2017-2025,12,12,1,459,89*,41.72,253,181.42,0,5,2,54,24,Rajiv Gandhi Intl. Cricket Stadium
MC Henriques,2013-2017,21,19,4,409,57,27.26,324,126.23,0,3,2,39,12,Rajiv Gandhi Intl. Cricket Stadium
JM Bairstow,2019-2019,6,6,2,357,114,89.25,212,168.39,1,2,0,36,16,Rajiv Gandhi Intl. Cricket Stadium
Sanju Samson,2013-2025,8,8,2,353,102*,58.83,235,150.21,1,2,1,28,16,Rajiv Gandhi Intl. Cricket Stadium
Manish Pandey,2011-2023,17,15,1,352,54,25.14,327,107.64,0,1,1,25,6,Rajiv Gandhi Intl. Cricket Stadium
YK Pathan,2008-2019,18,15,8,351,61,50.14,229,153.27,0,1,1,20,22,Rajiv Gandhi Intl. Cricket Stadium
NV Ojha,2011-2018,25,18,5,343,79*,26.38,257,133.46,0,2,1,17,23,Rajiv Gandhi Intl. Cricket Stadium
PA Patel,2008-2019,18,18,3,314,51*,20.93,276,113.76,0,1,0,42,3,Rajiv Gandhi Intl. Cricket Stadium
Ambati Rayudu,2011-2019,9,8,2,280,79,46.66,207,135.26,0,3,0,26,8,Rajiv Gandhi Intl. Cricket Stadium
Suersh Raina,2008-2019,8,8,3,276,99*,55.2,198,139.39,0,3,0,24,12,Rajiv Gandhi Intl. Cricket Stadium
KL Rahul,2014-2024,10,8,1,257,79,36.71,205,125.36,0,2,0,21,9,Rajiv Gandhi Intl. Cricket Stadium
Ishan Kishan,2018-2025,10,10,2,254,106*,31.75,172,147.67,1,0,1,26,12,Rajiv Gandhi Intl. Cricket Stadium
JP Duminy,2011-2016,9,8,1,250,74,35.71,202,123.76,0,2,0,12,11,Rajiv Gandhi Intl. Cricket Stadium
KC Sangakkara,2008-2013,16,16,0,250,44,15.62,249,100.4,0,0,2,28,1,Rajiv Gandhi Intl. Cricket Stadium
AK Markram,2023-2025,10,10,2,249,50,31.12,199,125.12,0,1,0,20,4,Rajiv Gandhi Intl. Cricket Stadium
MA Agarwal,2011-2024,12,12,0,247,49,20.58,212,116.5,0,0,0,26,3,Rajiv Gandhi Intl. Cricket Stadium
Faf du Plessis,2015-2024,7,7,0,241,71,34.42,159,151.57,0,1,0,24,9,Rajiv Gandhi Intl. Cricket Stadium
Nitish Kumar Reddy,2023-2025,11,8,2,235,76*,39.16,171,137.42,0,1,0,14,14,Rajiv Gandhi Intl. Cricket Stadium
V Sehwag,2008-2014,5,5,1,229,119,57.25,118,194.06,1,1,0,25,12,Rajiv Gandhi Intl. Cricket Stadium
Syres Iyer,2017-2025,4,4,1,221,82,73.66,143,154.54,0,2,0,19,10,Rajiv Gandhi Intl. Cricket Stadium
Y Venugopal Rao,2008-2014,9,7,1,218,71*,36.33,173,126.01,0,2,0,15,12,Rajiv Gandhi Intl. Cricket Stadium
RV Uthappa,2008-2018,7,7,0,208,53,29.71,170,122.35,0,1,0,17,9,Rajiv Gandhi Intl. Cricket Stadium
Rahul Tripathi,2017-2024,12,11,1,205,74*,20.5,155,132.25,0,1,1,26,7,Rajiv Gandhi Intl. Cricket Stadium
AC Gilchrist,2008-2013,9,9,0,202,61,22.44,173,116.76,0,1,0,23,6,Rajiv Gandhi Intl. Cricket Stadium
Ajinkya Rahane,2012-2024,8,8,0,202,70,25.25,187,108.02,0,1,1,14,6,Rajiv Gandhi Intl. Cricket Stadium
DB Ravi Teja,2008-2013,12,11,2,199,40,22.11,161,123.6,0,0,0,19,5,Rajiv Gandhi Intl. Cricket Stadium
M Vohra,2013-2018,6,6,0,195,95,32.5,119,163.86,0,1,1,19,9,Rajiv Gandhi Intl. Cricket Stadium
EJG Morgan,2011-2017,11,11,1,192,51,19.2,173,110.98,0,1,1,10,10,Rajiv Gandhi Intl. Cricket Stadium
Nicholas Pooran,2019-2025,4,4,2,183,70,91.5,75,244,0,1,0,17,13,Rajiv Gandhi Intl. Cricket Stadium
Yuvraj Singh,2008-2017,13,12,1,179,62,16.27,159,112.57,0,1,1,16,7,Rajiv Gandhi Intl. Cricket Stadium
David Miller,2012-2025,7,7,4,175,89*,58.33,121,144.62,0,1,0,10,10,Rajiv Gandhi Intl. Cricket Stadium
A Symonds,2008-2011,3,3,2,173,117*,173,99,174.74,1,0,0,17,8,Rajiv Gandhi Intl. Cricket Stadium
GH Vihari,2013-2015,9,9,2,173,46,24.71,183,94.53,0,0,0,13,0,Rajiv Gandhi Intl. Cricket Stadium
SR Watson,2008-2019,8,8,0,172,80,21.5,162,106.17,0,1,0,14,7,Rajiv Gandhi Intl. Cricket Stadium
AJ Finch,2011-2018,8,8,2,169,68,28.16,155,109.03,0,2,1,14,4,Rajiv Gandhi Intl. Cricket Stadium
Deepak Hooda,2016-2024,20,15,4,165,32*,15,159,103.77,0,0,0,9,3,Rajiv Gandhi Intl. Cricket Stadium
G Gambhir,2008-2017,6,6,1,164,90*,32.8,129,127.13,0,1,0,21,2,Rajiv Gandhi Intl. Cricket Stadium
CL White,2008-2013,12,12,1,153,65,13.9,161,95.03,0,1,1,12,4,Rajiv Gandhi Intl. Cricket Stadium
PA Reddy,2012-2013,7,7,0,149,42,21.28,136,109.55,0,0,0,13,2,Rajiv Gandhi Intl. Cricket Stadium
Krunal Pandya,2016-2024,7,6,1,148,49*,29.6,117,126.49,0,0,0,8,7,Rajiv Gandhi Intl. Cricket Stadium
Kiren Pollard,2011-2019,9,8,4,147,46*,36.75,113,130.08,0,0,1,9,10,Rajiv Gandhi Intl. Cricket Stadium
SE Marsh,2008-2016,4,3,1,146,84*,73,116,125.86,0,1,0,17,3,Rajiv Gandhi Intl. Cricket Stadium
Abdul Samad,2023-2025,12,7,4,142,37*,47.33,109,130.27,0,0,0,9,9,Rajiv Gandhi Intl. Cricket Stadium
Chris Gayle,2012-2019,7,7,0,136,35,19.42,88,154.54,0,0,0,12,10,Rajiv Gandhi Intl. Cricket Stadium
MS Dhoni,2008-2024,9,9,2,135,37,19.28,104,129.8,0,0,0,13,4,Rajiv Gandhi Intl. Cricket Stadium
WP Saha,2008-2019,11,9,1,133,54,16.62,95,140,0,1,1,16,4,Rajiv Gandhi Intl. Cricket Stadium
Mandeep Singh,2012-2018,5,5,1,131,75,32.75,101,129.7,0,1,0,15,3,Rajiv Gandhi Intl. Cricket Stadium
SPD Smith,2016-2019,4,3,1,131,51,65.5,125,104.8,0,1,0,9,2,Rajiv Gandhi Intl. Cricket Stadium
DT Christian,2011-2018,10,10,3,130,30,18.57,101,128.71,0,0,1,8,5,Rajiv Gandhi Intl. Cricket Stadium
Prabhsimran Singh,2019-2025,4,4,0,129,71,32.25,86,150,0,1,1,15,6,Rajiv Gandhi Intl. Cricket Stadium
Quinton de Kock,2013-2024,6,6,0,123,44,20.5,94,130.85,0,0,1,9,8,Rajiv Gandhi Intl. Cricket Stadium
R Dravid,2008-2013,4,4,0,123,39,30.75,116,106.03,0,0,0,12,2,Rajiv Gandhi Intl. Cricket Stadium
SC Ganguly,2008-2011,2,2,1,123,91,123,89,138.2,0,1,0,14,6,Rajiv Gandhi Intl. Cricket Stadium
Yashasvi Jaiswal,2023-2025,3,3,0,122,67,40.66,82,148.78,0,2,0,16,2,Rajiv Gandhi Intl. Cricket Stadium
LMP Simmons,2014-2017,4,4,0,120,68,30,107,112.14,0,1,0,9,6,Rajiv Gandhi Intl. Cricket Stadium
B Chipli,2011-2011,7,7,3,118,61*,29.5,87,135.63,0,1,0,13,3,Rajiv Gandhi Intl. Cricket Stadium
CA Lynn,2012-2019,3,3,0,112,55,37.33,99,113.13,0,2,0,9,4,Rajiv Gandhi Intl. Cricket Stadium
Shakib Al Hasan,2014-2018,9,5,0,109,35,21.8,99,110.1,0,0,0,13,1,Rajiv Gandhi Intl. Cricket Stadium
Axar Patel,2014-2023,6,5,2,106,36*,35.33,85,124.7,0,0,0,8,3,Rajiv Gandhi Intl. Cricket Stadium
NLTC Perera,2013-2016,9,6,2,104,30,26,73,142.46,0,0,0,5,6,Rajiv Gandhi Intl. Cricket Stadium
Tilak Varma,2023-2025,3,3,1,103,64,51.5,53,194.33,0,1,0,4,10,Rajiv Gandhi Intl. Cricket Stadium
Vijay Shankar,2017-2019,9,8,3,102,35,20.4,70,145.71,0,0,0,4,5,Rajiv Gandhi Intl. Cricket Stadium
Cameron Green,2023-2024,2,2,2,101,64*,-,60,168.33,0,1,0,11,2,Rajiv Gandhi Intl. Cricket Stadium
DR Smith,2013-2017,4,4,0,97,38,24.25,95,102.1,0,0,0,10,4,Rajiv Gandhi Intl. Cricket Stadium
Suryakumar Yadav,2014-2025,7,5,1,97,40*,24.25,78,124.35,0,0,0,9,4,Rajiv Gandhi Intl. Cricket Stadium
DJ Hussey,2008-2013,3,3,1,95,57*,47.5,69,137.68,0,1,0,6,5,Rajiv Gandhi Intl. Cricket Stadium
Rishabh Pant,2016-2025,5,5,1,95,39*,23.75,80,118.75,0,0,1,6,4,Rajiv Gandhi Intl. Cricket Stadium
A Ashish Reddy,2012-2016,15,11,4,93,17,13.28,77,120.77,0,0,0,8,2,Rajiv Gandhi Intl. Cricket Stadium
Ravindra Jadeja,2008-2024,8,7,5,93,31*,46.5,82,113.41,0,0,0,9,0,Rajiv Gandhi Intl. Cricket Stadium
DJ Bravo,2008-2019,6,4,1,88,30,29.33,72,122.22,0,0,0,6,3,Rajiv Gandhi Intl. Cricket Stadium
C de Grandhomme,2017-2019,3,3,0,88,37,29.33,76,115.78,0,0,0,5,5,Rajiv Gandhi Intl. Cricket Stadium
Riyan Parag,2023-2025,3,3,0,88,77,29.33,57,154.38,0,1,0,10,4,Rajiv Gandhi Intl. Cricket Stadium
AB de Villiers,2011-2019,7,7,0,86,47,12.28,78,110.25,0,0,2,5,3,Rajiv Gandhi Intl. Cricket Stadium
Simreon Hetmyer,2019-2025,4,4,1,86,42,28.66,57,150.87,0,0,0,3,7,Rajiv Gandhi Intl. Cricket Stadium
Karn Sharma,2013-2024,21,10,4,86,39*,14.33,83,103.61,0,0,0,5,2,Rajiv Gandhi Intl. Cricket Stadium
JH Kallis,2008-2013,3,3,0,85,31,28.33,85,100,0,0,0,12,0,Rajiv Gandhi Intl. Cricket Stadium
Washington Sundar,2017-2025,7,6,2,85,49,21.25,59,144.06,0,0,1,10,2,Rajiv Gandhi Intl. Cricket Stadium
MR Marsh,2011-2025,5,3,0,84,52,28,49,171.42,0,1,0,12,3,Rajiv Gandhi Intl. Cricket Stadium
DJG Sammy,2013-2014,7,7,4,83,23,27.66,75,110.66,0,0,0,1,6,Rajiv Gandhi Intl. Cricket Stadium
Hardik Pandya,2015-2025,8,6,0,81,24,13.5,82,98.78,0,0,0,2,4,Rajiv Gandhi Intl. Cricket Stadium
PC Valthaty,2011-2013,2,2,0,81,75,40.5,64,126.56,0,1,0,8,5,Rajiv Gandhi Intl. Cricket Stadium
Nithish Rana,2017-2025,5,5,0,80,42,16,66,121.21,0,0,0,9,3,Rajiv Gandhi Intl. Cricket Stadium
Dinesh Karthik,2008-2024,9,8,2,78,30,13,76,102.63,0,0,2,6,1,Rajiv Gandhi Intl. Cricket Stadium
Marcus Stoinis,2023-2025,3,3,1,77,40,38.5,41,187.8,0,0,0,3,7,Rajiv Gandhi Intl. Cricket Stadium
Jos Buttler,2016-2025,6,6,0,76,54,12.66,54,140.74,0,1,2,9,3,Rajiv Gandhi Intl. Cricket Stadium
Rinku Singh,2019-2023,2,2,0,76,46,38,60,126.66,0,0,0,5,3,Rajiv Gandhi Intl. Cricket Stadium
S Sohal,2011-2011,6,5,0,76,38,15.2,66,115.15,0,0,1,9,1,Rajiv Gandhi Intl. Cricket Stadium
Glen Maxwell,2014-2025,7,7,1,75,43,12.5,55,136.36,0,0,0,6,6,Rajiv Gandhi Intl. Cricket Stadium
Karun Nair,2013-2018,4,4,0,75,33,18.75,66,113.63,0,0,0,8,1,Rajiv Gandhi Intl. Cricket Stadium
Aniket Verma,2025-2025,5,4,0,73,36,18.25,44,165.9,0,0,0,3,6,Rajiv Gandhi Intl. Cricket Stadium
Pat Cummins,2017-2025,12,5,2,72,31,24,31,232.25,0,0,0,4,7,Rajiv Gandhi Intl. Cricket Stadium
J Botha,2011-2013,3,3,1,71,67*,35.5,58,122.41,0,1,0,8,1,Rajiv Gandhi Intl. Cricket Stadium
Druv Jurel,2024-2025,2,2,0,71,70,35.5,38,186.84,0,1,0,5,6,Rajiv Gandhi Intl. Cricket Stadium
GC Smith,2008-2008,1,1,0,71,71,71,45,157.77,0,1,0,9,2,Rajiv Gandhi Intl. Cricket Stadium
AM Nayar,2008-2013,3,3,1,70,38,35,48,145.83,0,0,0,7,2,Rajiv Gandhi Intl. Cricket Stadium
BB Samantray,2013-2013,3,3,1,70,55,35,60,116.66,0,1,0,8,1,Rajiv Gandhi Intl. Cricket Stadium
Harry Brook,2023-2023,6,6,1,69,27*,13.8,79,87.34,0,0,1,8,1,Rajiv Gandhi Intl. Cricket Stadium
PP Shaw,2018-2019,2,2,0,69,65,34.5,41,168.29,0,1,0,6,3,Rajiv Gandhi Intl. Cricket Stadium
HH Gibbs,2008-2008,4,4,0,67,47,16.75,60,111.66,0,0,0,9,2,Rajiv Gandhi Intl. Cricket Stadium
MEK Hussey,2013-2013,1,1,0,67,67,67,42,159.52,0,1,0,5,4,Rajiv Gandhi Intl. Cricket Stadium
VVS Laxman,2008-2008,3,3,0,66,48,22,56,117.85,0,0,0,11,0,Rajiv Gandhi Intl. Cricket Stadium
Sachin Tendulkar,2008-2013,3,3,0,65,28,21.66,55,118.18,0,0,0,10,0,Rajiv Gandhi Intl. Cricket Stadium
PN Mankad,2023-2023,1,1,1,64,64*,-,45,142.22,0,1,0,7,2,Rajiv Gandhi Intl. Cricket Stadium
Shubman Gill,2018-2025,3,3,2,64,61*,64,47,136.17,0,1,0,9,0,Rajiv Gandhi Intl. Cricket Stadium
Ayush Badoni,2023-2025,3,2,1,61,55*,61,36,169.44,0,1,0,10,0,Rajiv Gandhi Intl. Cricket Stadium
Shahbaz Ahmed,2023-2024,7,3,1,61,40*,30.5,62,98.38,0,0,0,1,2,Rajiv Gandhi Intl. Cricket Stadium
KM Jadhav,2013-2019,4,4,1,60,31,20,37,162.16,0,0,0,4,3,Rajiv Gandhi Intl. Cricket Stadium
DW Steyn,2008-2015,24,10,4,60,19*,10,53,113.2,0,0,1,6,1,Rajiv Gandhi Intl. Cricket Stadium
Ben Stokes,2017-2019,3,3,1,60,39,30,42,142.85,0,0,0,4,3,Rajiv Gandhi Intl. Cricket Stadium
Tim David,2023-2024,2,2,1,58,42*,58,33,175.75,0,0,0,4,3,Rajiv Gandhi Intl. Cricket Stadium
huvaneshwar,2011-2024,49,15,4,58,21,5.27,64,90.62,0,0,3,7,1,Rajiv Gandhi Intl. Cricket Stadium
Sunil Narine,2013-2023,7,5,0,57,29,11.4,26,219.23,0,0,0,7,4,Rajiv Gandhi Intl. Cricket Stadium
DPMD Jayawardene,2008-2013,3,2,1,56,45*,56,35,160,0,0,0,7,2,Rajiv Gandhi Intl. Cricket Stadium
Murali Vijay,2013-2016,3,3,0,55,29,18.33,41,134.14,0,0,0,6,4,Rajiv Gandhi Intl. Cricket Stadium
JJ Roy,2017-2023,2,2,0,51,31,25.5,40,127.5,0,0,0,9,0,Rajiv Gandhi Intl. Cricket Stadium
Shivam Dube,2019-2024,2,2,0,50,45,25,31,161.29,0,0,0,3,4,Rajiv Gandhi Intl. Cricket Stadium
AD Hales,2018-2018,2,2,0,50,45,25,36,138.88,0,0,0,4,3,Rajiv Gandhi Intl. Cricket Stadium
A Mishra,2011-2023,27,9,4,50,25*,10,45,111.11,0,0,4,5,0,Rajiv Gandhi Intl. Cricket Stadium
Rajat Patidar,2024-2024,1,1,0,50,50,50,20,250,0,1,0,2,5,Rajiv Gandhi Intl. Cricket Stadium
MK Tiwary,2008-2018,5,4,0,50,33,12.5,46,108.69,0,0,0,5,1,Rajiv Gandhi Intl. Cricket Stadium
DJ Harris,2012-2012,2,2,0,49,30,24.5,46,106.52,0,0,0,6,1,Rajiv Gandhi Intl. Cricket Stadium
IK Pathan,2008-2014,8,4,1,49,23*,16.33,55,89.09,0,0,0,3,0,Rajiv Gandhi Intl. Cricket Stadium
Rilee Rossouw,2024-2024,1,1,0,49,49,49,24,204.16,0,0,0,3,4,Rajiv Gandhi Intl. Cricket Stadium
A Taide,2024-2024,1,1,0,46,46,46,27,170.37,0,0,0,5,2,Rajiv Gandhi Intl. Cricket Stadium
A Manohar,2025-2025,4,3,0,45,43,15,44,102.27,0,0,1,2,3,Rajiv Gandhi Intl. Cricket Stadium
Andre Russell,2012-2023,5,4,0,45,24,11.25,33,136.36,0,0,0,2,4,Rajiv Gandhi Intl. Cricket Stadium
Rashid Khan,2017-2025,22,10,3,43,17*,6.14,26,165.38,0,0,4,2,4,Rajiv Gandhi Intl. Cricket Stadium
Anmolpreet Singh,2023-2024,2,2,0,41,36,20.5,32,128.12,0,0,0,8,0,Rajiv Gandhi Intl. Cricket Stadium
GJ Bailey,2014-2015,2,2,1,41,35*,41,30,136.66,0,0,0,2,3,Rajiv Gandhi Intl. Cricket Stadium
C Munro,2019-2019,1,1,0,40,40,40,24,166.66,0,0,0,4,3,Rajiv Gandhi Intl. Cricket Stadium
LRPL Taylor,2011-2013,2,2,1,40,21*,40,33,121.21,0,0,0,1,2,Rajiv Gandhi Intl. Cricket Stadium
AD Mathews,2013-2017,2,2,1,39,31,39,29,134.48,0,0,0,3,1,Rajiv Gandhi Intl. Cricket Stadium
SP Goswami,2008-2018,3,2,0,38,35,19,29,131.03,0,0,0,4,1,Rajiv Gandhi Intl. Cricket Stadium
Mohammad Nabi,2017-2019,6,4,0,37,20,9.25,29,127.58,0,0,0,1,3,Rajiv Gandhi Intl. Cricket Stadium
SS Tiwary,2011-2016,3,3,1,37,30,18.5,37,100,0,0,0,1,1,Rajiv Gandhi Intl. Cricket Stadium
Priyansh Arya,2025-2025,1,1,0,36,36,36,13,276.92,0,0,0,2,4,Rajiv Gandhi Intl. Cricket Stadium
ST Jayasuriya,2008-2008,1,1,0,36,36,36,15,240,0,0,0,6,2,Rajiv Gandhi Intl. Cricket Stadium
Jitesh Sharma,2023-2024,2,2,1,36,32*,36,24,150,0,0,0,3,2,Rajiv Gandhi Intl. Cricket Stadium
AS Yadav,2008-2008,4,4,0,36,16,9,25,144,0,0,1,5,1,Rajiv Gandhi Intl. Cricket Stadium
Sherfane Rutherford,2025-2025,1,1,1,35,35*,-,16,218.75,0,0,0,6,1,Rajiv Gandhi Intl. Cricket Stadium
JD Ryder,2011-2011,1,1,0,35,35,35,20,175,0,0,0,5,2,Rajiv Gandhi Intl. Cricket Stadium
Shubam Dubey,2025-2025,1,1,1,34,34*,-,11,309.09,0,0,0,1,4,Rajiv Gandhi Intl. Cricket Stadium
M Kaif,2008-2008,1,1,0,34,34,34,16,212.5,0,0,0,2,3,Rajiv Gandhi Intl. Cricket Stadium
Misbah-ul-Haq,2008-2008,1,1,0,34,34,34,28,121.42,0,0,0,4,1,Rajiv Gandhi Intl. Cricket Stadium
DJ Jacobs,2011-2011,1,1,0,32,32,32,20,160,0,0,0,5,1,Rajiv Gandhi Intl. Cricket Stadium
Sachin Baby,2013-2017,3,3,0,31,27,10.33,26,119.23,0,0,0,3,1,Rajiv Gandhi Intl. Cricket Stadium
Naman Dhir,2024-2025,2,1,0,30,30,30,14,214.28,0,0,0,2,2,Rajiv Gandhi Intl. Cricket Stadium
E Lewis,2018-2018,1,1,0,29,29,29,17,170.58,0,0,0,3,2,Rajiv Gandhi Intl. Cricket Stadium
Will Jacks,2024-2025,2,2,0,28,22,14,28,100,0,0,0,2,1,Rajiv Gandhi Intl. Cricket Stadium
OA Shah,2012-2012,1,1,0,28,28,28,32,87.5,0,0,0,1,0,Rajiv Gandhi Intl. Cricket Stadium
B Akhil,2008-2008,1,1,1,27,27*,-,7,385.71,0,0,0,2,3,Rajiv Gandhi Intl. Cricket Stadium
PP Chawla,2008-2024,10,2,0,27,23,13.5,23,117.39,0,0,0,2,2,Rajiv Gandhi Intl. Cricket Stadium
Romen Powell,2024-2024,1,1,0,27,27,27,15,180,0,0,0,3,1,Rajiv Gandhi Intl. Cricket Stadium
Nehal Wadhera,2023-2025,2,1,0,27,27,27,22,122.72,0,0,0,2,1,Rajiv Gandhi Intl. Cricket Stadium
STR Binny,2011-2017,4,3,0,26,11,8.66,26,100,0,0,0,2,1,Rajiv Gandhi Intl. Cricket Stadium
KK Cooper,2013-2013,1,1,0,26,26,26,12,216.66,0,0,0,3,1,Rajiv Gandhi Intl. Cricket Stadium
Ruturaj Gaikwad,2024-2024,1,1,0,26,26,26,21,123.8,0,0,0,3,1,Rajiv Gandhi Intl. Cricket Stadium
Shahid Afridi,2008-2008,5,5,0,26,13,5.2,21,123.8,0,0,1,2,2,Rajiv Gandhi Intl. Cricket Stadium
RN ten Doeschate,2013-2014,2,2,1,26,25*,26,20,130,0,0,0,2,1,Rajiv Gandhi Intl. Cricket Stadium
BCJ Cutting,2017-2018,3,2,1,25,16*,25,15,166.66,0,0,0,1,2,Rajiv Gandhi Intl. Cricket Stadium
IR Jaggi,2011-2011,1,1,0,25,25,25,28,89.28,0,0,0,3,0,Rajiv Gandhi Intl. Cricket Stadium
CA Pujara,2011-2011,1,1,0,25,25,25,15,166.66,0,0,0,4,0,Rajiv Gandhi Intl. Cricket Stadium
SB Styris,2008-2008,2,2,0,25,20,12.5,31,80.64,0,0,0,3,0,Rajiv Gandhi Intl. Cricket Stadium
A Chopra,2008-2008,1,1,0,24,24,24,23,104.34,0,0,0,3,0,Rajiv Gandhi Intl. Cricket Stadium
BB McCullum,2015-2017,3,3,0,24,12,8,34,70.58,0,0,0,3,0,Rajiv Gandhi Intl. Cricket Stadium
RP Singh,2008-2008,7,6,4,23,10,11.5,17,135.29,0,0,0,2,1,Rajiv Gandhi Intl. Cricket Stadium
Sam Curran,2023-2023,1,1,0,22,22,22,15,146.66,0,0,0,3,1,Rajiv Gandhi Intl. Cricket Stadium
NS Naik,2016-2016,1,1,0,22,22,22,28,78.57,0,0,0,1,0,Rajiv Gandhi Intl. Cricket Stadium
SK Warne,2008-2011,2,1,1,22,22*,-,9,244.44,0,0,0,2,2,Rajiv Gandhi Intl. Cricket Stadium
Marco Jansen,2023-2025,6,4,2,21,13,10.5,18,116.66,0,0,0,3,0,Rajiv Gandhi Intl. Cricket Stadium
WPUJC Vaas,2008-2008,4,3,1,21,12*,10.5,17,123.52,0,0,1,0,1,Rajiv Gandhi Intl. Cricket Stadium
Gurkeerat Singh,2013-2015,2,2,0,20,17,10,17,117.64,0,0,0,1,1,Rajiv Gandhi Intl. Cricket Stadium
P Kumar,2011-2017,8,4,3,20,7*,20,23,86.95,0,0,0,1,0,Rajiv Gandhi Intl. Cricket Stadium
AL Menaria,2011-2012,2,1,0,20,20,20,17,117.64,0,0,0,1,1,Rajiv Gandhi Intl. Cricket Stadium
AG Paunikar,2011-2011,1,1,0,20,20,20,19,105.26,0,0,0,4,0,Rajiv Gandhi Intl. Cricket Stadium
AA Jhunjhunwala,2012-2012,1,1,0,19,19,19,20,95,0,0,0,0,1,Rajiv Gandhi Intl. Cricket Stadium
P Ray Barman,2019-2019,1,1,0,19,19,19,24,79.16,0,0,0,2,0,Rajiv Gandhi Intl. Cricket Stadium
Umran Malik,2023-2024,4,1,1,19,19*,-,8,237.5,0,0,0,1,2,Rajiv Gandhi Intl. Cricket Stadium
Azhar Mahmood,2012-2013,2,2,0,18,14,9,13,138.46,0,0,0,3,0,Rajiv Gandhi Intl. Cricket Stadium
S Gopal,2018-2019,2,1,0,18,18,18,18,100,0,0,0,2,0,Rajiv Gandhi Intl. Cricket Stadium
Harshal Patel,2012-2025,9,3,3,18,12*,-,17,105.88,0,0,0,0,0,Rajiv Gandhi Intl. Cricket Stadium
AU Rashid,2023-2023,1,1,0,18,18,18,13,138.46,0,0,0,1,1,Rajiv Gandhi Intl. Cricket Stadium
UBT Chand,2013-2013,1,1,0,17,17,17,24,70.83,0,0,0,3,0,Rajiv Gandhi Intl. Cricket Stadium
JR Hopes,2011-2011,1,1,1,17,17*,-,10,170,0,0,0,2,0,Rajiv Gandhi Intl. Cricket Stadium
LPC Silva,2008-2008,2,2,0,17,17,8.5,16,106.25,0,0,1,3,0,Rajiv Gandhi Intl. Cricket Stadium
TM Dilshan,2011-2013,3,3,0,16,7,5.33,29,55.17,0,0,0,1,0,Rajiv Gandhi Intl. Cricket Stadium
SP Jackson,2017-2017,1,1,0,16,16,16,17,94.11,0,0,0,1,0,Rajiv Gandhi Intl. Cricket Stadium
Umesh Yadav,2013-2019,6,2,1,16,14,16,14,114.28,0,0,0,1,1,Rajiv Gandhi Intl. Cricket Stadium
MS Bisla,2013-2013,1,1,0,15,15,15,18,83.33,0,0,0,3,0,Rajiv Gandhi Intl. Cricket Stadium
CJ Ferguson,2011-2011,1,1,1,15,15*,-,8,187.5,0,0,0,3,0,Rajiv Gandhi Intl. Cricket Stadium
P Negi,2015-2015,1,1,0,15,15,15,11,136.36,0,0,0,1,1,Rajiv Gandhi Intl. Cricket Stadium
RR Sarwan,2008-2008,1,1,0,15,15,15,15,100,0,0,0,2,0,Rajiv Gandhi Intl. Cricket Stadium
Romario Shepherd,2024-2024,1,1,1,15,15*,-,6,250,0,0,0,2,1,Rajiv Gandhi Intl. Cricket Stadium
SP Fleming,2008-2008,1,1,0,14,14,14,9,155.55,0,0,0,3,0,Rajiv Gandhi Intl. Cricket Stadium
LR Shukla,2008-2008,1,1,1,14,14*,-,3,466.66,0,0,0,2,0,Rajiv Gandhi Intl. Cricket Stadium
R Vinay Kumar,2008-2015,4,2,0,14,7,7,11,127.27,0,0,0,2,0,Rajiv Gandhi Intl. Cricket Stadium
SB Bangar,2008-2008,5,4,0,13,8,3.25,26,50,0,0,1,0,0,Rajiv Gandhi Intl. Cricket Stadium
Basil Thampi,2017-2018,2,1,1,13,13*,-,8,162.5,0,0,0,0,1,Rajiv Gandhi Intl. Cricket Stadium
Sam Billings,2017-2019,3,2,0,13,13,6.5,13,100,0,0,1,3,0,Rajiv Gandhi Intl. Cricket Stadium
Bipul Sharma,2015-2017,9,2,0,13,8,6.5,12,108.33,0,0,0,0,0,Rajiv Gandhi Intl. Cricket Stadium
MG Johnson,2013-2017,3,1,1,13,13*,-,14,92.85,0,0,0,0,1,Rajiv Gandhi Intl. Cricket Stadium
Daryl Mitchell,2024-2024,1,1,0,13,13,13,11,118.18,0,0,0,1,0,Rajiv Gandhi Intl. Cricket Stadium
Gle Phillips,2023-2023,3,3,0,13,8,4.33,11,118.18,0,0,1,1,1,Rajiv Gandhi Intl. Cricket Stadium
AS Roy,2023-2023,1,1,1,13,13*,-,7,185.71,0,0,0,2,0,Rajiv Gandhi Intl. Cricket Stadium
Moen Ali,2018-2024,3,2,0,12,10,6,15,80,0,0,0,2,0,Rajiv Gandhi Intl. Cricket Stadium
Kamran Akmal,2008-2008,1,1,0,12,12,12,9,133.33,0,0,0,1,1,Rajiv Gandhi Intl. Cricket Stadium
JA Morkel,2008-2008,1,1,1,12,12*,-,12,100,0,0,0,1,0,Rajiv Gandhi Intl. Cricket Stadium
S Rana,2014-2014,1,1,1,12,12*,-,7,171.42,0,0,0,2,0,Rajiv Gandhi Intl. Cricket Stadium
Rachin Ravindra,2024-2024,1,1,0,12,12,12,9,133.33,0,0,0,2,0,Rajiv Gandhi Intl. Cricket Stadium
Swapnil Singh,2024-2024,1,1,0,12,12,12,6,200,0,0,0,1,1,Rajiv Gandhi Intl. Cricket Stadium
BMAJ Mendis,2013-2013,1,1,0,11,11,11,9,122.22,0,0,0,0,0,Rajiv Gandhi Intl. Cricket Stadium
Ryan Rickelton,2025-2025,1,1,0,11,11,11,8,137.5,0,0,0,2,0,Rajiv Gandhi Intl. Cricket Stadium
Sandeep Sharma,2014-2025,18,5,3,11,5*,5.5,10,110,0,0,2,1,0,Rajiv Gandhi Intl. Cricket Stadium
DNT Zoysa,2008-2008,2,2,1,11,10*,11,9,122.22,0,0,0,1,0,Rajiv Gandhi Intl. Cricket Stadium
KC Cariappa,2017-2019,2,2,1,10,9*,10,8,125,0,0,0,0,1,Rajiv Gandhi Intl. Cricket Stadium
RD Chahar,2019-2024,4,3,0,10,10,3.33,17,58.82,0,0,2,2,0,Rajiv Gandhi Intl. Cricket Stadium
SN Khan,2015-2023,2,2,1,10,10,10,9,111.11,0,0,0,0,1,Rajiv Gandhi Intl. Cricket Stadium
Mujeeb Ur Rahman,2018-2019,2,2,1,10,10*,10,8,125,0,0,1,2,0,Rajiv Gandhi Intl. Cricket Stadium
Parvez Rasool,2014-2016,2,1,0,10,10,10,9,111.11,0,0,0,1,0,Rajiv Gandhi Intl. Cricket Stadium
PR Shah,2008-2008,1,1,0,10,10,10,6,166.66,0,0,0,2,0,Rajiv Gandhi Intl. Cricket Stadium
Mohit Sharma,2013-2017,4,1,0,10,10,10,5,200,0,0,0,0,1,Rajiv Gandhi Intl. Cricket Stadium
Shardul Thakur,2017-2025,7,3,0,10,8,3.33,9,111.11,0,0,1,1,0,Rajiv Gandhi Intl. Cricket Stadium
Jaydev Unadkat,2011-2025,13,4,3,10,8*,10,13,76.92,0,0,0,1,0,Rajiv Gandhi Intl. Cricket Stadium
M Markande,2018-2024,9,3,3,9,6*,-,7,128.57,0,0,0,1,0,Rajiv Gandhi Intl. Cricket Stadium
T Taibu,2008-2008,1,1,0,9,9,9,5,180,0,0,0,1,0,Rajiv Gandhi Intl. Cricket Stadium
BJ Hodge,2013-2013,1,1,0,8,8,8,7,114.28,0,0,0,1,0,Rajiv Gandhi Intl. Cricket Stadium
Mohammed Shami,2013-2025,7,3,2,8,6*,8,6,133.33,0,0,0,1,0,Rajiv Gandhi Intl. Cricket Stadium
AS Rajpoot,2018-2018,1,1,0,8,8,8,9,88.88,0,0,0,1,0,Rajiv Gandhi Intl. Cricket Stadium
AP Tare,2014-2016,3,2,0,8,8,4,15,53.33,0,0,1,1,0,Rajiv Gandhi Intl. Cricket Stadium
DJ Thornely,2008-2008,1,1,0,8,8,8,18,44.44,0,0,0,0,0,Rajiv Gandhi Intl. Cricket Stadium
Ravichandra Ashwin,2013-2024,6,4,2,7,4,3.5,11,63.63,0,0,1,0,0,Rajiv Gandhi Intl. Cricket Stadium
RK Bhui,2018-2019,2,2,0,7,7,3.5,17,41.17,0,0,1,0,0,Rajiv Gandhi Intl. Cricket Stadium
Venkatesh Iyer,2023-2023,1,1,0,7,7,7,4,175,0,0,0,1,0,Rajiv Gandhi Intl. Cricket Stadium
MK Lomror,2023-2024,2,1,0,7,7,7,4,175,0,0,0,1,0,Rajiv Gandhi Intl. Cricket Stadium
I Malhotra,2011-2011,1,1,1,7,7*,-,4,175,0,0,0,1,0,Rajiv Gandhi Intl. Cricket Stadium
Y Nagar,2011-2012,2,1,1,7,7*,-,3,233.33,0,0,0,0,1,Rajiv Gandhi Intl. Cricket Stadium
KMA Paul,2019-2019,1,1,0,7,7,7,4,175,0,0,0,0,1,Rajiv Gandhi Intl. Cricket Stadium
J Theron,2012-2012,1,1,1,7,7*,-,6,116.66,0,0,0,1,0,Rajiv Gandhi Intl. Cricket Stadium
SD Chitnis,2012-2012,1,1,1,6,6*,-,5,120,0,0,0,0,0,Rajiv Gandhi Intl. Cricket Stadium
A Choudhary,2017-2017,1,1,1,6,6*,-,2,300,0,0,0,0,1,Rajiv Gandhi Intl. Cricket Stadium
JP Faulkner,2013-2013,1,1,0,6,6,6,3,200,0,0,0,0,1,Rajiv Gandhi Intl. Cricket Stadium
TS Mills,2017-2017,1,1,0,6,6,6,3,200,0,0,0,0,1,Rajiv Gandhi Intl. Cricket Stadium
Sanvir Singh,2024-2024,2,1,1,6,6*,-,4,150,0,0,0,1,0,Rajiv Gandhi Intl. Cricket Stadium
Mitchell Starc,2014-2015,2,1,0,6,6,6,6,100,0,0,0,1,0,Rajiv Gandhi Intl. Cricket Stadium
CR Woakes,2017-2017,1,1,1,6,6*,-,3,200,0,0,0,1,0,Rajiv Gandhi Intl. Cricket Stadium
P Dogra,2013-2013,1,1,0,5,5,5,8,62.5,0,0,0,0,0,Rajiv Gandhi Intl. Cricket Stadium
W Jaffer,2008-2008,1,1,0,5,5,5,5,100,0,0,0,1,0,Rajiv Gandhi Intl. Cricket Stadium
AD Mascarenhas,2013-2013,1,1,1,5,5*,-,5,100,0,0,0,0,0,Rajiv Gandhi Intl. Cricket Stadium
RV Patel,2023-2023,1,1,0,5,5,5,6,83.33,0,0,0,0,0,Rajiv Gandhi Intl. Cricket Stadium
Sai Sudharsan,2025-2025,1,1,0,5,5,5,9,55.55,0,0,0,0,0,Rajiv Gandhi Intl. Cricket Stadium
MN Samuels,2013-2013,1,1,0,5,5,5,9,55.55,0,0,0,1,0,Rajiv Gandhi Intl. Cricket Stadium
Ishant Sharma,2008-2025,20,6,5,5,2,5,9,55.55,0,0,0,0,0,Rajiv Gandhi Intl. Cricket Stadium
Sikandar Raza,2023-2023,1,1,0,5,5,5,6,83.33,0,0,0,0,0,Rajiv Gandhi Intl. Cricket Stadium
B Stanlake,2018-2018,3,1,1,5,5*,-,2,250,0,0,0,1,0,Rajiv Gandhi Intl. Cricket Stadium
YV Takawale,2008-2008,1,1,1,5,5*,-,5,100,0,0,0,0,0,Rajiv Gandhi Intl. Cricket Stadium
Aman Hakim Khan,2023-2023,1,1,0,4,4,4,2,200,0,0,0,1,0,Rajiv Gandhi Intl. Cricket Stadium
TR Birt,2011-2011,1,1,0,4,4,4,8,50,0,0,0,0,0,Rajiv Gandhi Intl. Cricket Stadium
MG Bracewell,2023-2023,1,1,1,4,4*,-,4,100,0,0,0,0,0,Rajiv Gandhi Intl. Cricket Stadium
Jasprit Bumrah,2014-2025,9,2,2,4,4*,-,5,80,0,0,0,0,0,Rajiv Gandhi Intl. Cricket Stadium
Yuzvendra Chahal,2014-2025,8,2,0,4,3,2,10,40,0,0,0,0,0,Rajiv Gandhi Intl. Cricket Stadium
Kuldeep Yadav,2017-2023,3,1,1,4,4*,-,3,133.33,0,0,0,1,0,Rajiv Gandhi Intl. Cricket Stadium
DS Kulkarni,2013-2019,5,2,1,4,3*,4,6,66.66,0,0,0,0,0,Rajiv Gandhi Intl. Cricket Stadium
CH Morris,2013-2019,4,2,1,4,4,4,8,50,0,0,0,0,0,Rajiv Gandhi Intl. Cricket Stadium
Pankaj Singh,2008-2008,1,1,1,4,4*,-,3,133.33,0,0,0,0,0,Rajiv Gandhi Intl. Cricket Stadium
Salman Butt,2008-2008,1,1,0,4,4,4,4,100,0,0,0,1,0,Rajiv Gandhi Intl. Cricket Stadium
Shahrukh Khan,2023-2025,2,1,0,4,4,4,3,133.33,0,0,0,1,0,Rajiv Gandhi Intl. Cricket Stadium
Shashank Singh,2024-2025,2,2,0,4,2,2,7,57.14,0,0,0,0,0,Rajiv Gandhi Intl. Cricket Stadium
DJM Short,2018-2018,1,1,0,4,4,4,4,100,0,0,0,1,0,Rajiv Gandhi Intl. Cricket Stadium
AJ Tye,2018-2018,1,1,0,4,4,4,2,200,0,0,0,1,0,Rajiv Gandhi Intl. Cricket Stadium
CR Brathwaite,2018-2018,1,1,0,3,3,3,4,75,0,0,0,0,0,Rajiv Gandhi Intl. Cricket Stadium
R Dhawan,2014-2024,3,1,1,3,3*,-,2,150,0,0,0,0,0,Rajiv Gandhi Intl. Cricket Stadium
D Kalyankrishna,2008-2008,2,1,0,3,3,3,8,37.5,0,0,0,0,0,Rajiv Gandhi Intl. Cricket Stadium
Mohammed Siraj,2017-2025,8,1,1,3,3*,-,8,37.5,0,0,0,0,0,Rajiv Gandhi Intl. Cricket Stadium
R Ninan,2011-2011,1,1,0,3,3,3,6,50,0,0,0,0,0,Rajiv Gandhi Intl. Cricket Stadium
Simarjeet Singh,2025-2025,3,2,1,3,3*,3,6,50,0,0,1,0,0,Rajiv Gandhi Intl. Cricket Stadium
BB Sran,2016-2018,8,2,1,3,2,3,6,50,0,0,0,0,0,Rajiv Gandhi Intl. Cricket Stadium
PV Tambe,2013-2013,1,1,1,3,3*,-,6,50,0,0,0,0,0,Rajiv Gandhi Intl. Cricket Stadium
DL Vettori,2011-2011,1,1,1,3,3*,-,6,50,0,0,0,0,0,Rajiv Gandhi Intl. Cricket Stadium
S Aravind,2011-2017,2,2,1,2,2*,2,5,40,0,0,1,0,0,Rajiv Gandhi Intl. Cricket Stadium
Vaibhav Arora,2023-2023,1,1,1,2,2*,-,1,200,0,0,0,0,0,Rajiv Gandhi Intl. Cricket Stadium
H Das,2008-2008,1,1,0,2,2,2,5,40,0,0,0,0,0,Rajiv Gandhi Intl. Cricket Stadium
MJ Guptill,2016-2016,1,1,0,2,2,2,4,50,0,0,0,0,0,Rajiv Gandhi Intl. Cricket Stadium
Harbhajan Singh,2011-2019,7,2,2,2,1*,-,6,33.33,0,0,0,0,0,Rajiv Gandhi Intl. Cricket Stadium
Iqbal Abdulla,2011-2013,2,1,1,2,2*,-,3,66.66,0,0,0,0,0,Rajiv Gandhi Intl. Cricket Stadium
M Kartik,2008-2013,2,1,1,2,2*,-,2,100,0,0,0,0,0,Rajiv Gandhi Intl. Cricket Stadium
MJ McClenaghan,2015-2019,4,2,1,2,2*,2,3,66.66,0,0,1,0,0,Rajiv Gandhi Intl. Cricket Stadium
KR Mayers,2023-2023,1,1,0,2,2,2,14,14.28,0,0,0,0,0,Rajiv Gandhi Intl. Cricket Stadium
Anrich Nortje,2023-2023,1,1,0,2,2,2,2,100,0,0,0,0,0,Rajiv Gandhi Intl. Cricket Stadium
Devdutt Padikkal,2023-2023,1,1,0,2,2,2,5,40,0,0,0,0,0,Rajiv Gandhi Intl. Cricket Stadium
Kagiso Rabada,2019-2019,1,1,1,2,2*,-,2,100,0,0,0,0,0,Rajiv Gandhi Intl. Cricket Stadium
N Saini,2012-2012,1,1,0,2,2,2,4,50,0,0,0,0,0,Rajiv Gandhi Intl. Cricket Stadium
Ashutosh Sharma,2024-2024,1,1,0,2,2,2,3,66.66,0,0,0,0,0,Rajiv Gandhi Intl. Cricket Stadium
Shivam Singh,2024-2024,1,1,1,2,2*,-,3,66.66,0,0,0,0,0,Rajiv Gandhi Intl. Cricket Stadium
Jofra Archer,2019-2025,2,1,1,1,1*,-,1,100,0,0,0,0,0,Rajiv Gandhi Intl. Cricket Stadium
M Ashwin,2016-2019,2,1,1,1,1*,-,1,100,0,0,0,0,0,Rajiv Gandhi Intl. Cricket Stadium
CM Gautam,2014-2014,1,1,0,1,1,1,3,33.33,0,0,0,0,0,Rajiv Gandhi Intl. Cricket Stadium
Harpreet Brar,2023-2024,2,1,0,1,1,1,2,50,0,0,0,0,0,Rajiv Gandhi Intl. Cricket Stadium
S Kaul,2017-2019,15,5,2,1,1,0.33,8,12.5,0,0,2,0,0,Rajiv Gandhi Intl. Cricket Stadium
B Laughlin,2018-2018,1,1,1,1,1*,-,3,33.33,0,0,0,0,0,Rajiv Gandhi Intl. Cricket Stadium
kamindu Mendis,2025-2025,1,1,0,1,1,1,5,20,0,0,0,0,0,Rajiv Gandhi Intl. Cricket Stadium
Mohit Rathee,2023-2023,1,1,1,1,1*,-,2,50,0,0,0,0,0,Rajiv Gandhi Intl. Cricket Stadium
A Nehra,2008-2017,10,4,3,1,1*,1,2,50,0,0,1,0,0,Rajiv Gandhi Intl. Cricket Stadium
PP Ojha,2008-2014,12,1,1,1,1*,-,1,100,0,0,0,0,0,Rajiv Gandhi Intl. Cricket Stadium
RR Raje,2008-2008,1,1,1,1,1*,-,2,50,0,0,0,0,0,Rajiv Gandhi Intl. Cricket Stadium
D Salunkhe,2008-2008,1,1,0,1,1,1,1,100,0,0,0,0,0,Rajiv Gandhi Intl. Cricket Stadium
MW Short,2023-2023,1,1,0,1,1,1,3,33.33,0,0,0,0,0,Rajiv Gandhi Intl. Cricket Stadium
KK Ahmed,2019-2019,4,1,0,0,0,0,1,0,0,0,1,0,0,Rajiv Gandhi Intl. Cricket Stadium
HM Amla,2017-2017,1,1,0,0,0,0,1,0,0,0,1,0,0,Rajiv Gandhi Intl. Cricket Stadium
KB Arun Karthik,2013-2013,1,1,0,0,0,0,1,0,0,0,1,0,0,Rajiv Gandhi Intl. Cricket Stadium
MV Boucher,2011-2011,1,1,1,0,0*,-,0,-,0,0,0,0,0,Rajiv Gandhi Intl. Cricket Stadium
A Chandila,2012-2012,1,1,1,0,0*,-,1,0,0,0,0,0,0,Rajiv Gandhi Intl. Cricket Stadium
AB Dinda,2008-2016,4,1,0,0,0,0,2,0,0,0,1,0,0,Rajiv Gandhi Intl. Cricket Stadium
NT Ellis,2023-2023,1,1,0,0,0,0,5,0,0,0,1,0,0,Rajiv Gandhi Intl. Cricket Stadium
MS Gony,2008-2013,7,2,0,0,0,0,1,0,0,0,2,0,0,Rajiv Gandhi Intl. Cricket Stadium
K Gowtham,2018-2024,3,1,0,0,0,0,2,0,0,0,1,0,0,Rajiv Gandhi Intl. Cricket Stadium
Harshit Rana,2023-2023,1,1,0,0,0,0,1,0,0,0,1,0,0,Rajiv Gandhi Intl. Cricket Stadium
BE Hendricks,2015-2015,1,1,1,0,0*,-,0,-,0,0,0,0,0,Rajiv Gandhi Intl. Cricket Stadium
AS Joseph,2019-2019,1,1,1,0,0*,-,0,-,0,0,0,0,0,Rajiv Gandhi Intl. Cricket Stadium
Z Khan,2011-2017,3,2,0,0,0,0,7,0,0,0,2,0,0,Rajiv Gandhi Intl. Cricket Stadium
M Muralidaran,2008-2014,4,1,0,0,0,0,1,0,0,0,1,0,0,Rajiv Gandhi Intl. Cricket Stadium
S Nadeem,2012-2019,5,1,0,0,0,0,3,0,0,0,1,0,0,Rajiv Gandhi Intl. Cricket Stadium
P Parameswaran,2012-2012,1,1,1,0,0*,-,1,0,0,0,0,0,0,Rajiv Gandhi Intl. Cricket Stadium
Y Prithvi Raj,2019-2019,1,1,1,0,0*,-,1,0,0,0,0,0,0,Rajiv Gandhi Intl. Cricket Stadium
Rahmanullah Gurbaz,2023-2023,1,1,0,0,0,0,1,0,0,0,1,0,0,Rajiv Gandhi Intl. Cricket Stadium
Phil Salt,2023-2023,1,1,0,0,0,0,1,0,0,0,1,0,0,Rajiv Gandhi Intl. Cricket Stadium
PJ Sangwan,2013-2018,3,1,0,0,0,0,4,0,0,0,1,0,0,Rajiv Gandhi Intl. Cricket Stadium
R Sharma,2011-2013,2,1,0,0,0,0,1,0,0,0,1,0,0,Rajiv Gandhi Intl. Cricket Stadium
SK Trivedi,2008-2013,4,1,1,0,0*,-,1,0,0,0,0,0,0,Rajiv Gandhi Intl. Cricket Stadium
JJ van der Wath,2011-2011,1,1,0,0,0,0,1,0,0,0,1,0,0,Rajiv Gandhi Intl. Cricket Stadium
DP Vijaykumar,2008-2008,4,1,1,0,0*,-,0,-,0,0,0,0,0,Rajiv Gandhi Intl. Cricket Stadium
VR Aaron,2012-2016,3,-,-,-,-,-,-,-,-,-,-,-,-,Rajiv Gandhi Intl. Cricket Stadium
KJ Abbott,2016-2016,1,-,-,-,-,-,-,-,-,-,-,-,-,Rajiv Gandhi Intl. Cricket Stadium
AB Agarkar,2011-2011,1,-,-,-,-,-,-,-,-,-,-,-,-,Rajiv Gandhi Intl. Cricket Stadium
AN Ahmed,2011-2014,2,-,-,-,-,-,-,-,-,-,-,-,-,Rajiv Gandhi Intl. Cricket Stadium
Anand Rajan,2013-2013,1,-,-,-,-,-,-,-,-,-,-,-,-,Rajiv Gandhi Intl. Cricket Stadium
CJ Anderson,2014-2014,1,-,-,-,-,-,-,-,-,-,-,-,-,Rajiv Gandhi Intl. Cricket Stadium
Ankit Sharma,2012-2013,2,-,-,-,-,-,-,-,-,-,-,-,-,Rajiv Gandhi Intl. Cricket Stadium
Anuj Rawat,2023-2023,1,-,-,-,-,-,-,-,-,-,-,-,-,Rajiv Gandhi Intl. Cricket Stadium
Anureet Singh,2015-2015,1,-,-,-,-,-,-,-,-,-,-,-,-,Rajiv Gandhi Intl. Cricket Stadium
Arshdeep Singh,2019-2025,4,-,-,-,-,-,-,-,-,-,-,-,-,Rajiv Gandhi Intl. Cricket Stadium
KM Asif,2023-2023,1,-,-,-,-,-,-,-,-,-,-,-,-,Rajiv Gandhi Intl. Cricket Stadium
Avesh Khan,2018-2025,4,-,-,-,-,-,-,-,-,-,-,-,-,Rajiv Gandhi Intl. Cricket Stadium
P Awana,2012-2012,1,-,-,-,-,-,-,-,-,-,-,-,-,Rajiv Gandhi Intl. Cricket Stadium
S Badrinath,2008-2013,2,-,-,-,-,-,-,-,-,-,-,-,-,Rajiv Gandhi Intl. Cricket Stadium
L Balaji,2008-2011,2,-,-,-,-,-,-,-,-,-,-,-,-,Rajiv Gandhi Intl. Cricket Stadium
JP Behrendorff,2019-2023,2,-,-,-,-,-,-,-,-,-,-,-,-,Rajiv Gandhi Intl. Cricket Stadium
R Bhatia,2008-2016,3,-,-,-,-,-,-,-,-,-,-,-,-,Rajiv Gandhi Intl. Cricket Stadium
TA Boult,2015-2025,6,-,-,-,-,-,-,-,-,-,-,-,-,Rajiv Gandhi Intl. Cricket Stadium
DL Chahar,2018-2025,5,-,-,-,-,-,-,-,-,-,-,-,-,Rajiv Gandhi Intl. Cricket Stadium
G Coetzee,2024-2024,1,-,-,-,-,-,-,-,-,-,-,-,-,Rajiv Gandhi Intl. Cricket Stadium
NM Coulter-Nile,2016-2017,2,-,-,-,-,-,-,-,-,-,-,-,-,Rajiv Gandhi Intl. Cricket Stadium
MJ Dagar,2023-2023,1,-,-,-,-,-,-,-,-,-,-,-,-,Rajiv Gandhi Intl. Cricket Stadium
TU Deshpande,2024-2025,2,-,-,-,-,-,-,-,-,-,-,-,-,Rajiv Gandhi Intl. Cricket Stadium
Fazalhaq Farooqi,2023-2025,3,-,-,-,-,-,-,-,-,-,-,-,-,Rajiv Gandhi Intl. Cricket Stadium
LH Ferguson,2017-2025,3,-,-,-,-,-,-,-,-,-,-,-,-,Rajiv Gandhi Intl. Cricket Stadium
CRD Fernando,2008-2008,1,-,-,-,-,-,-,-,-,-,-,-,-,Rajiv Gandhi Intl. Cricket Stadium
Gagandeep Singh,2008-2008,1,-,-,-,-,-,-,-,-,-,-,-,-,Rajiv Gandhi Intl. Cricket Stadium
K Goel,2008-2008,1,-,-,-,-,-,-,-,-,-,-,-,-,Rajiv Gandhi Intl. Cricket Stadium
HF Gurney,2019-2019,1,-,-,-,-,-,-,-,-,-,-,-,-,Rajiv Gandhi Intl. Cricket Stadium
RJ Harris,2011-2011,1,-,-,-,-,-,-,-,-,-,-,-,-,Rajiv Gandhi Intl. Cricket Stadium
JO Holder,2013-2023,2,-,-,-,-,-,-,-,-,-,-,-,-,Rajiv Gandhi Intl. Cricket Stadium
Imran Tahir,2017-2019,3,-,-,-,-,-,-,-,-,-,-,-,-,Rajiv Gandhi Intl. Cricket Stadium
Kartik Tyagi,2023-2023,2,-,-,-,-,-,-,-,-,-,-,-,-,Rajiv Gandhi Intl. Cricket Stadium
S Kaushik,2016-2017,2,-,-,-,-,-,-,-,-,-,-,-,-,Rajiv Gandhi Intl. Cricket Stadium
A Kumble,2008-2008,1,-,-,-,-,-,-,-,-,-,-,-,-,Rajiv Gandhi Intl. Cricket Stadium
B Lee,2011-2011,1,-,-,-,-,-,-,-,-,-,-,-,-,Rajiv Gandhi Intl. Cricket Stadium
GD McGrath,2008-2008,1,-,-,-,-,-,-,-,-,-,-,-,-,Rajiv Gandhi Intl. Cricket Stadium
R McLaren,2011-2011,1,-,-,-,-,-,-,-,-,-,-,-,-,Rajiv Gandhi Intl. Cricket Stadium
MF Maharoof,2008-2008,1,-,-,-,-,-,-,-,-,-,-,-,-,Rajiv Gandhi Intl. Cricket Stadium
VY Mahesh,2008-2008,1,-,-,-,-,-,-,-,-,-,-,-,-,Rajiv Gandhi Intl. Cricket Stadium
VS Malik,2011-2011,1,-,-,-,-,-,-,-,-,-,-,-,-,Rajiv Gandhi Intl. Cricket Stadium
E Malinga,2025-2025,2,-,-,-,-,-,-,-,-,-,-,-,-,Rajiv Gandhi Intl. Cricket Stadium
SL Malinga,2011-2019,7,-,-,-,-,-,-,-,-,-,-,-,-,Rajiv Gandhi Intl. Cricket Stadium
KT Maphaka,2024-2024,1,-,-,-,-,-,-,-,-,-,-,-,-,Rajiv Gandhi Intl. Cricket Stadium
RP Meredith,2023-2023,1,-,-,-,-,-,-,-,-,-,-,-,-,Rajiv Gandhi Intl. Cricket Stadium
Mohammad Asif,2008-2008,1,-,-,-,-,-,-,-,-,-,-,-,-,Rajiv Gandhi Intl. Cricket Stadium
RG More,2015-2015,1,-,-,-,-,-,-,-,-,-,-,-,-,Rajiv Gandhi Intl. Cricket Stadium
M Morkel,2011-2016,4,-,-,-,-,-,-,-,-,-,-,-,-,Rajiv Gandhi Intl. Cricket Stadium
Mukesh Choudhary,2024-2024,1,-,-,-,-,-,-,-,-,-,-,-,-,Rajiv Gandhi Intl. Cricket Stadium
Mukesh Kumar,2023-2023,1,-,-,-,-,-,-,-,-,-,-,-,-,Rajiv Gandhi Intl. Cricket Stadium
A Mukund,2008-2008,1,-,-,-,-,-,-,-,-,-,-,-,-,Rajiv Gandhi Intl. Cricket Stadium
SZ Mulani,2024-2024,1,-,-,-,-,-,-,-,-,-,-,-,-,Rajiv Gandhi Intl. Cricket Stadium
Mustafizur Rahman,2016-2018,8,-,-,-,-,-,-,-,-,-,-,-,-,Rajiv Gandhi Intl. Cricket Stadium
T Natarajan,2023-2024,12,-,-,-,-,-,-,-,-,-,-,-,-,Rajiv Gandhi Intl. Cricket Stadium
Naveen-ul-Haq,2024-2024,1,-,-,-,-,-,-,-,-,-,-,-,-,Rajiv Gandhi Intl. Cricket Stadium
M Ntini,2008-2008,1,-,-,-,-,-,-,-,-,-,-,-,-,Rajiv Gandhi Intl. Cricket Stadium
JDP Oram,2011-2011,1,-,-,-,-,-,-,-,-,-,-,-,-,Rajiv Gandhi Intl. Cricket Stadium
WD Parnell,2011-2023,2,-,-,-,-,-,-,-,-,-,-,-,-,Rajiv Gandhi Intl. Cricket Stadium
MM Patel,2008-2011,2,-,-,-,-,-,-,-,-,-,-,-,-,Rajiv Gandhi Intl. Cricket Stadium
LE Plunkett,2018-2018,1,-,-,-,-,-,-,-,-,-,-,-,-,Rajiv Gandhi Intl. Cricket Stadium
RR Powar,2012-2012,1,-,-,-,-,-,-,-,-,-,-,-,-,Rajiv Gandhi Intl. Cricket Stadium
M Prasidh Krishna,2018-2025,2,-,-,-,-,-,-,-,-,-,-,-,-,Rajiv Gandhi Intl. Cricket Stadium
V Pratap Singh,2012-2012,3,-,-,-,-,-,-,-,-,-,-,-,-,Rajiv Gandhi Intl. Cricket Stadium
Prince Yadav,2025-2025,1,-,-,-,-,-,-,-,-,-,-,-,-,Rajiv Gandhi Intl. Cricket Stadium
V Puthur,2025-2025,1,-,-,-,-,-,-,-,-,-,-,-,-,Rajiv Gandhi Intl. Cricket Stadium
DS Rathi,2025-2025,1,-,-,-,-,-,-,-,-,-,-,-,-,Rajiv Gandhi Intl. Cricket Stadium
AS Raut,2011-2011,1,-,-,-,-,-,-,-,-,-,-,-,-,Rajiv Gandhi Intl. Cricket Stadium
Ravi Bishnoi,2023-2025,3,-,-,-,-,-,-,-,-,-,-,-,-,Rajiv Gandhi Intl. Cricket Stadium
KW Richardson,2016-2016,1,-,-,-,-,-,-,-,-,-,-,-,-,Rajiv Gandhi Intl. Cricket Stadium
NA Saini,2023-2023,1,-,-,-,-,-,-,-,-,-,-,-,-,Rajiv Gandhi Intl. Cricket Stadium
R Sai Kishore,2025-2025,1,-,-,-,-,-,-,-,-,-,-,-,-,Rajiv Gandhi Intl. Cricket Stadium
AM Salvi,2011-2011,1,-,-,-,-,-,-,-,-,-,-,-,-,Rajiv Gandhi Intl. Cricket Stadium
MJ Santner,2025-2025,1,-,-,-,-,-,-,-,-,-,-,-,-,Rajiv Gandhi Intl. Cricket Stadium
PM Sarvesh Kumar,2008-2008,1,-,-,-,-,-,-,-,-,-,-,-,-,Rajiv Gandhi Intl. Cricket Stadium
R Sathish,2011-2011,1,-,-,-,-,-,-,-,-,-,-,-,-,Rajiv Gandhi Intl. Cricket Stadium
JPR Scantlebury-Searles,2018-2018,1,-,-,-,-,-,-,-,-,-,-,-,-,Rajiv Gandhi Intl. Cricket Stadium
T Shamsi,2016-2016,1,-,-,-,-,-,-,-,-,-,-,-,-,Rajiv Gandhi Intl. Cricket Stadium
Shivam Sharma,2014-2014,1,-,-,-,-,-,-,-,-,-,-,-,-,Rajiv Gandhi Intl. Cricket Stadium
Shoaib Malik,2008-2008,1,-,-,-,-,-,-,-,-,-,-,-,-,Rajiv Gandhi Intl. Cricket Stadium
HR Shokeen,2023-2023,1,-,-,-,-,-,-,-,-,-,-,-,-,Rajiv Gandhi Intl. Cricket Stadium
VRV Singh,2008-2008,1,-,-,-,-,-,-,-,-,-,-,-,-,Rajiv Gandhi Intl. Cricket Stadium
A Singh,2011-2011,1,-,-,-,-,-,-,-,-,-,-,-,-,Rajiv Gandhi Intl. Cricket Stadium
TG Southee,2016-2018,2,-,-,-,-,-,-,-,-,-,-,-,-,Rajiv Gandhi Intl. Cricket Stadium
S Sreesanth,2008-2008,1,-,-,-,-,-,-,-,-,-,-,-,-,Rajiv Gandhi Intl. Cricket Stadium
J Suchith,2015-2015,1,-,-,-,-,-,-,-,-,-,-,-,-,Rajiv Gandhi Intl. Cricket Stadium
TP Sudhindra,2012-2012,1,-,-,-,-,-,-,-,-,-,-,-,-,Rajiv Gandhi Intl. Cricket Stadium
Sunny Singh,2011-2011,1,-,-,-,-,-,-,-,-,-,-,-,-,Rajiv Gandhi Intl. Cricket Stadium
SW Tait,2012-2012,1,-,-,-,-,-,-,-,-,-,-,-,-,Rajiv Gandhi Intl. Cricket Stadium
Tejas Baroka,2017-2017,1,-,-,-,-,-,-,-,-,-,-,-,-,Rajiv Gandhi Intl. Cricket Stadium
AS Tendulkar,2023-2023,1,-,-,-,-,-,-,-,-,-,-,-,-,Rajiv Gandhi Intl. Cricket Stadium
R Tewatia,2025-2025,1,-,-,-,-,-,-,-,-,-,-,-,-,Rajiv Gandhi Intl. Cricket Stadium
Yash Thakur,2023-2025,3,-,-,-,-,-,-,-,-,-,-,-,-,Rajiv Gandhi Intl. Cricket Stadium
M Theekshana,2024-2025,2,-,-,-,-,-,-,-,-,-,-,-,-,Rajiv Gandhi Intl. Cricket Stadium
Umar Gul,2008-2008,1,-,-,-,-,-,-,-,-,-,-,-,-,Rajiv Gandhi Intl. Cricket Stadium
CV Varun,2023-2023,1,-,-,-,-,-,-,-,-,-,-,-,-,Rajiv Gandhi Intl. Cricket Stadium
Vivrant Sharma,2023-2023,1,-,-,-,-,-,-,-,-,-,-,-,-,Rajiv Gandhi Intl. Cricket Stadium
V Viyaskanth,2024-2024,2,-,-,-,-,-,-,-,-,-,-,-,-,Rajiv Gandhi Intl. Cricket Stadium
SB Wagh,2011-2011,1,-,-,-,-,-,-,-,-,-,-,-,-,Rajiv Gandhi Intl. Cricket Stadium
D Wiese,2015-2015,1,-,-,-,-,-,-,-,-,-,-,-,-,Rajiv Gandhi Intl. Cricket Stadium
J Yadav,2016-2017,2,-,-,-,-,-,-,-,-,-,-,-,-,Rajiv Gandhi Intl. Cricket Stadium
Yash Dayal,2024-2024,1,-,-,-,-,-,-,-,-,-,-,-,-,Rajiv Gandhi Intl. Cricket Stadium
Yudhvir Singh,2023-2023,1,-,-,-,-,-,-,-,-,-,-,-,-,Rajiv Gandhi Intl. Cricket Stadium
A Zampa,2017-2025,3,-,-,-,-,-,-,-,-,-,-,-,-,Rajiv Gandhi Intl. Cricket Stadium
Zeeshan Ansari,2025-2025,3,-,-,-,-,-,-,-,-,-,-,-,-,Rajiv Gandhi Intl. Cricket Stadium
,,,,,,,,,,,,,,,
KL Rahul,2023-2025,13,13,2,540,82,49.09,411,131.38,0,5,0,55,13,BRSABV Ekana Cricket Stadium
Ayush Badoni,2023-2025,19,16,5,373,59*,33.9,260,143.46,0,2,0,27,14,BRSABV Ekana Cricket Stadium
Nicholas Pooran,2023-2025,19,19,5,351,61,25.07,254,138.18,0,1,2,23,23,BRSABV Ekana Cricket Stadium
Marcus Stoinis,2023-2025,15,14,3,336,89*,30.54,247,136.03,0,3,2,24,20,BRSABV Ekana Cricket Stadium
Krunal Pandya,2023-2024,14,13,6,222,49*,31.71,176,126.13,0,0,1,17,6,BRSABV Ekana Cricket Stadium
Aiden Markram,2023-2025,6,6,0,197,58,32.83,127,155.11,0,3,1,18,9,BRSABV Ekana Cricket Stadium
Quinton de Kock,2023-2024,6,6,0,157,54,26.16,116,135.34,0,2,0,16,6,BRSABV Ekana Cricket Stadium
KR Mayers,2023-2023,6,6,0,153,73,25.5,113,135.39,0,1,1,9,11,BRSABV Ekana Cricket Stadium
Mitchell Marsh,2023-2025,5,5,0,135,60,27,94,143.61,0,1,2,14,5,BRSABV Ekana Cricket Stadium
Rishabh Pant,2024-2025,6,6,0,129,63,21.5,104,124.03,0,1,1,12,6,BRSABV Ekana Cricket Stadium
Deepak Hooda,2023-2024,11,10,0,117,50,11.7,105,111.42,0,1,0,10,1,BRSABV Ekana Cricket Stadium
Nehal Wadhera,2023-2025,3,3,1,105,46,52.5,86,122.09,0,0,0,9,6,BRSABV Ekana Cricket Stadium
Hardik Pandya,2023-2025,3,3,1,94,66,47,67,140.29,0,1,1,4,5,BRSABV Ekana Cricket Stadium
Prabhsimran Singh,2023-2025,3,3,0,92,69,30.66,45,204.44,0,1,0,11,5,BRSABV Ekana Cricket Stadium
Ishan Kishan,2023-2024,2,2,0,91,59,45.5,75,121.33,0,1,0,11,1,BRSABV Ekana Cricket Stadium
Sai Sudharsan,2024-2025,2,2,0,87,56,43.5,60,145,0,1,0,11,1,BRSABV Ekana Cricket Stadium
Suryakumar Yadav,2023-2025,3,3,0,84,67,28,58,144.82,0,1,0,9,2,BRSABV Ekana Cricket Stadium
Sunil Narine,2024-2024,1,1,0,81,81,81,39,207.69,0,1,0,6,7,BRSABV Ekana Cricket Stadium
Shubman Gill,2023-2025,3,3,0,79,60,26.33,61,129.5,0,1,1,8,1,BRSABV Ekana Cricket Stadium
Abdul Samad,2023-2025,6,6,2,76,27,19,46,165.21,0,0,0,4,6,BRSABV Ekana Cricket Stadium
Syres Iyer,2024-2025,2,2,1,75,52*,75,45,166.66,0,1,0,6,4,BRSABV Ekana Cricket Stadium
David Miller,2023-2025,6,6,2,73,27,18.25,70,104.28,0,0,0,7,1,BRSABV Ekana Cricket Stadium
Sanju Samson,2024-2024,1,1,1,71,71*,-,33,215.15,0,1,0,7,4,BRSABV Ekana Cricket Stadium
S Dhawan,2024-2024,1,1,0,70,70,70,50,140,0,1,0,7,3,BRSABV Ekana Cricket Stadium
Tim David,2023-2024,2,2,2,67,35*,-,37,181.08,0,0,0,4,4,BRSABV Ekana Cricket Stadium
Ravindra Jadeja,2024-2025,2,2,1,64,57*,64,51,125.49,0,1,0,5,1,BRSABV Ekana Cricket Stadium
David Warner,2023-2024,2,2,0,64,56,32,57,112.28,0,1,0,8,0,BRSABV Ekana Cricket Stadium
Sikandar Raza,2023-2023,1,1,0,57,57,57,41,139.02,0,1,0,4,3,BRSABV Ekana Cricket Stadium
Jack Fraser-McGurk,2024-2024,1,1,0,55,55,55,35,157.14,0,1,0,2,5,BRSABV Ekana Cricket Stadium
MS Dhoni,2024-2025,2,2,2,54,28*,-,20,270,0,0,0,7,3,BRSABV Ekana Cricket Stadium
Druv Jurel,2024-2024,1,1,1,52,52*,-,34,152.94,0,1,0,5,2,BRSABV Ekana Cricket Stadium
Abishek Porel,2024-2025,2,1,0,51,51,51,36,141.66,0,1,0,5,1,BRSABV Ekana Cricket Stadium
Jos Buttler,2024-2025,2,2,0,50,34,25,32,156.25,0,0,0,6,1,BRSABV Ekana Cricket Stadium
Axar Patel,2023-2025,3,2,1,50,34*,50,31,161.29,0,0,0,2,5,BRSABV Ekana Cricket Stadium
WP Saha,2023-2023,1,1,0,47,47,47,37,127.02,0,0,0,6,0,BRSABV Ekana Cricket Stadium
Shivam Dube,2024-2025,2,2,1,46,43*,46,45,102.22,0,0,0,3,2,BRSABV Ekana Cricket Stadium
Naman Dhir,2025-2025,1,1,0,46,46,46,24,191.66,0,0,0,4,3,BRSABV Ekana Cricket Stadium
Faf du Plessis,2023-2023,1,1,0,44,44,44,40,110,0,0,0,1,1,BRSABV Ekana Cricket Stadium
PP Shaw,2023-2024,2,2,0,44,32,22,31,141.93,0,0,0,8,0,BRSABV Ekana Cricket Stadium
Rahul Tripathi,2023-2025,2,2,0,43,34,21.5,51,84.31,0,0,0,5,0,BRSABV Ekana Cricket Stadium
JM Bairstow,2024-2024,1,1,0,42,42,42,29,144.82,0,0,0,3,3,BRSABV Ekana Cricket Stadium
Rohit Sharma,2023-2024,2,2,0,41,37,20.5,30,136.66,0,0,0,2,3,BRSABV Ekana Cricket Stadium
Rachin Ravindra,2024-2025,2,2,0,37,37,18.5,23,160.86,0,0,1,5,0,BRSABV Ekana Cricket Stadium
Ajinkya Rahane,2024-2024,1,1,0,36,36,36,24,150,0,0,0,5,1,BRSABV Ekana Cricket Stadium
Vijay Shankar,2023-2025,3,3,0,36,17,12,37,97.29,0,0,0,2,1,BRSABV Ekana Cricket Stadium
Shahrukh Khan,2023-2025,2,2,2,34,23*,-,16,212.5,0,0,0,1,3,BRSABV Ekana Cricket Stadium
MW Short,2023-2023,1,1,0,34,34,34,22,154.54,0,0,0,5,1,BRSABV Ekana Cricket Stadium
Ankrish Raghuvanshi,2024-2024,1,1,0,32,32,32,26,123.07,0,0,0,3,1,BRSABV Ekana Cricket Stadium
Plip Salt,2024-2024,1,1,0,32,32,32,14,228.57,0,0,0,5,1,BRSABV Ekana Cricket Stadium
Rahul Tewatia,2023-2025,3,3,1,32,30,16,28,114.28,0,0,1,2,2,BRSABV Ekana Cricket Stadium
Tilak Varma,2024-2025,2,2,0,32,25,16,34,94.11,0,0,0,3,0,BRSABV Ekana Cricket Stadium
Anmolpreet Singh,2023-2023,1,1,0,31,31,31,26,119.23,0,0,0,3,1,BRSABV Ekana Cricket Stadium
K Gowtham,2023-2023,4,4,1,31,23,10.33,19,163.15,0,0,0,1,3,BRSABV Ekana Cricket Stadium
Virat Kohli,2023-2023,1,1,0,31,31,31,30,103.33,0,0,0,3,0,BRSABV Ekana Cricket Stadium
Moen Ali,2024-2024,1,1,0,30,30,30,20,150,0,0,0,0,3,BRSABV Ekana Cricket Stadium
Rilee Rossouw,2023-2023,1,1,0,30,30,30,20,150,0,0,0,3,1,BRSABV Ekana Cricket Stadium
Liam Livingstone,2024-2024,1,1,1,28,28*,-,17,164.7,0,0,0,2,2,BRSABV Ekana Cricket Stadium
Shaik Rasheed,2025-2025,1,1,0,27,27,27,19,142.1,0,0,0,6,0,BRSABV Ekana Cricket Stadium
Ramandeep Singh,2024-2024,1,1,1,25,25*,-,6,416.66,0,0,0,1,3,BRSABV Ekana Cricket Stadium
Yashasvi Jaiswal,2024-2024,1,1,0,24,24,24,18,133.33,0,0,0,3,1,BRSABV Ekana Cricket Stadium
Harpreet Singh,2023-2023,1,1,0,22,22,22,22,100,0,0,0,3,0,BRSABV Ekana Cricket Stadium
Sherfane Rutherford,2025-2025,1,1,0,22,22,22,19,115.78,0,0,0,3,0,BRSABV Ekana Cricket Stadium
AJ Turner,2024-2024,2,2,0,21,16,10.5,18,116.66,0,0,0,0,2,BRSABV Ekana Cricket Stadium
Arshad Khan,2024-2025,2,1,1,20,20*,-,16,125,0,0,0,2,0,BRSABV Ekana Cricket Stadium
A Mishra,2023-2024,4,1,0,19,19,19,30,63.33,0,0,0,2,0,BRSABV Ekana Cricket Stadium
Devdutt Padikkal,2024-2024,3,3,0,19,9,6.33,19,100,0,0,0,3,0,BRSABV Ekana Cricket Stadium
Washington Sundar,2023-2025,2,2,0,18,16,9,31,58.06,0,0,0,0,0,BRSABV Ekana Cricket Stadium
Ruturaj Gaikwad,2024-2024,1,1,0,17,17,17,13,130.76,0,0,0,1,0,BRSABV Ekana Cricket Stadium
Dinesh Karthik,2023-2023,1,1,0,16,16,16,11,145.45,0,0,0,1,1,BRSABV Ekana Cricket Stadium
Rinku Singh,2024-2024,1,1,0,16,16,16,11,145.45,0,0,0,2,0,BRSABV Ekana Cricket Stadium
Karun Nair,2025-2025,1,1,0,15,15,15,9,166.66,0,0,0,2,1,BRSABV Ekana Cricket Stadium
Tristan Stubbs,2024-2025,2,1,1,15,15*,-,9,166.66,0,0,0,0,1,BRSABV Ekana Cricket Stadium
Riyan Parag,2024-2024,1,1,0,14,14,14,11,127.27,0,0,0,0,1,BRSABV Ekana Cricket Stadium
Shardul Thakur,2025-2025,5,3,2,14,6,14,9,155.55,0,0,0,2,0,BRSABV Ekana Cricket Stadium
Naveen-ul-Haq,2023-2024,9,3,2,13,13,13,13,100,0,0,0,2,0,BRSABV Ekana Cricket Stadium
DG Nalkande,2024-2024,1,1,0,12,12,12,11,109.09,0,0,0,0,1,BRSABV Ekana Cricket Stadium
Andre Russell,2024-2024,1,1,0,12,12,12,8,150,0,0,0,1,1,BRSABV Ekana Cricket Stadium
SD Hope,2024-2024,1,1,1,11,11*,-,10,110,0,0,0,1,0,BRSABV Ekana Cricket Stadium
Ravi Bishnoi,2023-2025,19,5,2,10,5,3.33,16,62.5,0,0,1,0,0,BRSABV Ekana Cricket Stadium
Ryan Rickelton,2025-2025,1,1,0,10,10,10,5,200,0,0,0,2,0,BRSABV Ekana Cricket Stadium
M Vohra,2023-2023,1,1,0,10,10,10,11,90.9,0,0,0,1,0,BRSABV Ekana Cricket Stadium
Anuj Rawat,2023-2023,1,1,0,9,9,9,11,81.81,0,0,0,0,0,BRSABV Ekana Cricket Stadium
AA Kulkarni,2024-2024,2,2,0,9,9,4.5,8,112.5,0,0,1,2,0,BRSABV Ekana Cricket Stadium
KS Sharma,2023-2023,1,1,0,9,9,9,16,56.25,0,0,0,0,0,BRSABV Ekana Cricket Stadium
Shashank Singh,2024-2025,2,1,1,9,9*,-,7,128.57,0,0,0,1,0,BRSABV Ekana Cricket Stadium
MA Agarwal,2023-2023,1,1,0,8,8,8,7,114.28,0,0,0,1,0,BRSABV Ekana Cricket Stadium
Priyansh Arya,2025-2025,1,1,0,8,8,8,9,88.88,0,0,0,1,0,BRSABV Ekana Cricket Stadium
Wanindu Hasaranga,2023-2023,1,1,1,8,8*,-,7,114.28,0,0,0,1,0,BRSABV Ekana Cricket Stadium
Jitesh Sharma,2023-2024,2,2,0,8,6,4,13,61.53,0,0,0,1,0,BRSABV Ekana Cricket Stadium
Yudhvir Singh,2023-2024,2,2,0,7,7,3.5,8,87.5,0,0,1,0,1,BRSABV Ekana Cricket Stadium
Sam Curran,2023-2024,2,2,0,6,6,3,7,85.71,0,0,1,1,0,BRSABV Ekana Cricket Stadium
Harpreet Brar,2023-2024,2,1,0,6,6,6,4,150,0,0,0,1,0,BRSABV Ekana Cricket Stadium
Kuldeep Yadav,2023-2025,3,1,1,6,6*,-,10,60,0,0,0,0,0,BRSABV Ekana Cricket Stadium
SS Prabhudessai,2023-2023,1,1,0,6,6,6,7,85.71,0,0,0,0,0,BRSABV Ekana Cricket Stadium
Will Jacks,2025-2025,1,1,0,5,5,5,7,71.42,0,0,0,0,0,BRSABV Ekana Cricket Stadium
Aman Hakim Khan,2023-2023,1,1,0,4,4,4,5,80,0,0,0,0,0,BRSABV Ekana Cricket Stadium
Cameron Green,2023-2023,1,1,1,4,4*,-,6,66.66,0,0,0,0,0,BRSABV Ekana Cricket Stadium
SN Khan,2023-2023,1,1,0,4,4,4,9,44.44,0,0,0,1,0,BRSABV Ekana Cricket Stadium
Glen Maxwell,2023-2025,2,1,0,4,4,4,5,80,0,0,0,0,0,BRSABV Ekana Cricket Stadium
Noor Ahmad,2023-2025,3,1,0,4,4,4,2,200,0,0,0,1,0,BRSABV Ekana Cricket Stadium
AU Rashid,2023-2023,1,1,0,4,4,4,3,133.33,0,0,0,1,0,BRSABV Ekana Cricket Stadium
Rashid Khan,2023-2025,3,2,1,4,4*,4,5,80,0,0,1,0,0,BRSABV Ekana Cricket Stadium
C Sakariya,2023-2023,1,1,0,4,4,4,4,100,0,0,0,1,0,BRSABV Ekana Cricket Stadium
Harry Brook,2023-2023,1,1,0,3,3,3,4,75,0,0,0,0,0,BRSABV Ekana Cricket Stadium
MK Lomror,2023-2023,1,1,0,3,3,3,4,75,0,0,0,0,0,BRSABV Ekana Cricket Stadium
A Manohar,2023-2023,1,1,0,3,3,3,5,60,0,0,0,0,0,BRSABV Ekana Cricket Stadium
Avesh Khan,2023-2025,9,2,2,2,2*,-,1,200,0,0,0,0,0,BRSABV Ekana Cricket Stadium
Mohsin Khan,2023-2024,7,1,0,2,2,2,1,200,0,0,0,0,0,BRSABV Ekana Cricket Stadium
Mitchell Santner,2025-2025,1,1,1,2,2*,-,2,100,0,0,0,0,0,BRSABV Ekana Cricket Stadium
BR Sharath,2024-2024,1,1,0,2,2,2,5,40,0,0,0,0,0,BRSABV Ekana Cricket Stadium
KV Sharma,2023-2023,1,1,0,2,2,2,2,100,0,0,0,0,0,BRSABV Ekana Cricket Stadium
Vishnu Vinod,2023-2023,1,1,0,2,2,2,4,50,0,0,0,0,0,BRSABV Ekana Cricket Stadium
Umesh Yadav,2024-2024,1,1,0,2,2,2,4,50,0,0,0,0,0,BRSABV Ekana Cricket Stadium
G Coetzee,2024-2024,1,1,1,1,1*,-,2,50,0,0,0,0,0,BRSABV Ekana Cricket Stadium
Josh Hazlewood,2023-2023,1,1,1,1,1*,-,2,50,0,0,0,0,0,BRSABV Ekana Cricket Stadium
Venkatesh Iyer,2024-2024,1,1,1,1,1*,-,1,100,0,0,0,0,0,BRSABV Ekana Cricket Stadium
Mohammad Nabi,2024-2024,1,1,0,1,1,1,2,50,0,0,0,0,0,BRSABV Ekana Cricket Stadium
Romen Powell,2023-2024,2,1,0,1,1,1,3,33.33,0,0,0,0,0,BRSABV Ekana Cricket Stadium
Sameer Rizvi,2024-2024,1,1,0,1,1,1,5,20,0,0,0,0,0,BRSABV Ekana Cricket Stadium
Kane Williamson,2024-2024,1,1,0,1,1,1,5,20,0,0,0,0,0,BRSABV Ekana Cricket Stadium
Akash Deep,2025-2025,3,1,0,0,0,0,1,0,0,0,1,0,0,BRSABV Ekana Cricket Stadium
Spencer Johnson,2024-2024,1,1,1,0,0*,-,1,0,0,0,0,0,0,BRSABV Ekana Cricket Stadium
Bhuvaneshwar Kumar,2023-2023,1,1,1,0,0*,-,0,-,0,0,0,0,0,BRSABV Ekana Cricket Stadium
PN Mankad,2023-2023,2,2,1,0,0*,0,1,0,0,0,1,0,0,BRSABV Ekana Cricket Stadium
Mohammed Siraj,2023-2025,2,1,0,0,0,0,1,0,0,0,1,0,0,BRSABV Ekana Cricket Stadium
Mukesh Kumar,2023-2025,3,1,1,0,0*,-,1,0,0,0,0,0,0,BRSABV Ekana Cricket Stadium
Kagiso Rabada,2023-2024,2,1,1,0,0*,-,1,0,0,0,0,0,0,BRSABV Ekana Cricket Stadium
Romario Shepherd,2023-2023,1,1,0,0,0,0,1,0,0,0,1,0,0,BRSABV Ekana Cricket Stadium
A Taide,2023-2023,1,1,0,0,0,0,3,0,0,0,1,0,0,BRSABV Ekana Cricket Stadium
Umran Malik,2023-2023,1,1,0,0,0,0,0,-,0,0,1,0,0,BRSABV Ekana Cricket Stadium
Khaleel Ahmed,2023-2025,3,-,-,-,-,-,-,-,-,-,-,-,-,BRSABV Ekana Cricket Stadium
VG Arora,2024-2024,1,-,-,-,-,-,-,-,-,-,-,-,-,BRSABV Ekana Cricket Stadium
Arshdeep Singh,2023-2025,3,-,-,-,-,-,-,-,-,-,-,-,-,BRSABV Ekana Cricket Stadium
Ashwani Kumar,2025-2025,1,-,-,-,-,-,-,-,-,-,-,-,-,BRSABV Ekana Cricket Stadium
R Ashwin,2024-2024,1,-,-,-,-,-,-,-,-,-,-,-,-,BRSABV Ekana Cricket Stadium
RA Bawa,2025-2025,1,-,-,-,-,-,-,-,-,-,-,-,-,BRSABV Ekana Cricket Stadium
JP Behrendorff,2023-2023,1,-,-,-,-,-,-,-,-,-,-,-,-,BRSABV Ekana Cricket Stadium
TA Boult,2024-2025,2,-,-,-,-,-,-,-,-,-,-,-,-,BRSABV Ekana Cricket Stadium
JJ Bumrah,2024-2024,1,-,-,-,-,-,-,-,-,-,-,-,-,BRSABV Ekana Cricket Stadium
YS Chahal,2024-2025,2,-,-,-,-,-,-,-,-,-,-,-,-,BRSABV Ekana Cricket Stadium
DL Chahar,2024-2025,2,-,-,-,-,-,-,-,-,-,-,-,-,BRSABV Ekana Cricket Stadium
RD Chahar,2023-2024,2,-,-,-,-,-,-,-,-,-,-,-,-,BRSABV Ekana Cricket Stadium
PVD Chameera,2025-2025,1,-,-,-,-,-,-,-,-,-,-,-,-,BRSABV Ekana Cricket Stadium
PP Chawla,2023-2024,2,-,-,-,-,-,-,-,-,-,-,-,-,BRSABV Ekana Cricket Stadium
TU Deshpande,2024-2024,1,-,-,-,-,-,-,-,-,-,-,-,-,BRSABV Ekana Cricket Stadium
Fazalhaq Farooqi,2023-2023,1,-,-,-,-,-,-,-,-,-,-,-,-,BRSABV Ekana Cricket Stadium
LH Ferguson,2025-2025,1,-,-,-,-,-,-,-,-,-,-,-,-,BRSABV Ekana Cricket Stadium
Harshit Rana,2024-2024,1,-,-,-,-,-,-,-,-,-,-,-,-,BRSABV Ekana Cricket Stadium
MJ Henry,2024-2024,2,-,-,-,-,-,-,-,-,-,-,-,-,BRSABV Ekana Cricket Stadium
SO Hetmyer,2024-2024,1,-,-,-,-,-,-,-,-,-,-,-,-,BRSABV Ekana Cricket Stadium
Himmat Singh,2025-2025,1,-,-,-,-,-,-,-,-,-,-,-,-,BRSABV Ekana Cricket Stadium
M Jansen,2025-2025,1,-,-,-,-,-,-,-,-,-,-,-,-,BRSABV Ekana Cricket Stadium
CJ Jordan,2023-2023,1,-,-,-,-,-,-,-,-,-,-,-,-,BRSABV Ekana Cricket Stadium
A Kamboj,2025-2025,1,-,-,-,-,-,-,-,-,-,-,-,-,BRSABV Ekana Cricket Stadium
A Madhwal,2023-2023,1,-,-,-,-,-,-,-,-,-,-,-,-,BRSABV Ekana Cricket Stadium
Mohammed Shami,2023-2023,1,-,-,-,-,-,-,-,-,-,-,-,-,BRSABV Ekana Cricket Stadium
Mustafizur Rahman,2024-2024,1,-,-,-,-,-,-,-,-,-,-,-,-,BRSABV Ekana Cricket Stadium
T Natarajan,2023-2023,1,-,-,-,-,-,-,-,-,-,-,-,-,BRSABV Ekana Cricket Stadium
V Nigam,2025-2025,1,-,-,-,-,-,-,-,-,-,-,-,-,BRSABV Ekana Cricket Stadium
J Overton,2025-2025,1,-,-,-,-,-,-,-,-,-,-,-,-,BRSABV Ekana Cricket Stadium
HV Patel,2023-2024,2,-,-,-,-,-,-,-,-,-,-,-,-,BRSABV Ekana Cricket Stadium
M Pathirana,2024-2025,2,-,-,-,-,-,-,-,-,-,-,-,-,BRSABV Ekana Cricket Stadium
M Prasidh Krishna,2025-2025,1,-,-,-,-,-,-,-,-,-,-,-,-,BRSABV Ekana Cricket Stadium
Prince Yadav,2025-2025,1,-,-,-,-,-,-,-,-,-,-,-,-,BRSABV Ekana Cricket Stadium
V Puthur,2025-2025,1,-,-,-,-,-,-,-,-,-,-,-,-,BRSABV Ekana Cricket Stadium
DS Rathi,2025-2025,5,-,-,-,-,-,-,-,-,-,-,-,-,BRSABV Ekana Cricket Stadium
R Sai Kishore,2025-2025,1,-,-,-,-,-,-,-,-,-,-,-,-,BRSABV Ekana Cricket Stadium
Sandeep Sharma,2024-2024,1,-,-,-,-,-,-,-,-,-,-,-,-,BRSABV Ekana Cricket Stadium
AR Sharma,2025-2025,1,-,-,-,-,-,-,-,-,-,-,-,-,BRSABV Ekana Cricket Stadium
I Sharma,2024-2024,1,-,-,-,-,-,-,-,-,-,-,-,-,BRSABV Ekana Cricket Stadium
MM Sharma,2023-2024,2,-,-,-,-,-,-,-,-,-,-,-,-,BRSABV Ekana Cricket Stadium
HR Shokeen,2023-2023,1,-,-,-,-,-,-,-,-,-,-,-,-,BRSABV Ekana Cricket Stadium
M Siddharth,2024-2025,3,-,-,-,-,-,-,-,-,-,-,-,-,BRSABV Ekana Cricket Stadium
MA Starc,2024-2025,2,-,-,-,-,-,-,-,-,-,-,-,-,BRSABV Ekana Cricket Stadium
Suryansh Shedge,2025-2025,1,-,-,-,-,-,-,-,-,-,-,-,-,BRSABV Ekana Cricket Stadium
Swapnil Singh,2023-2023,1,-,-,-,-,-,-,-,-,-,-,-,-,BRSABV Ekana Cricket Stadium
Yash Thakur,2023-2024,8,-,-,-,-,-,-,-,-,-,-,-,-,BRSABV Ekana Cricket Stadium
N Thushara,2024-2024,1,-,-,-,-,-,-,-,-,-,-,-,-,BRSABV Ekana Cricket Stadium
JD Unadkat,2023-2023,2,-,-,-,-,-,-,-,-,-,-,-,-,BRSABV Ekana Cricket Stadium
CV Varun,2024-2024,1,-,-,-,-,-,-,-,-,-,-,-,-,BRSABV Ekana Cricket Stadium
MA Wood,2023-2023,2,-,-,-,-,-,-,-,-,-,-,-,-,BRSABV Ekana Cricket Stadium
J Yadav,2023-2023,1,-,-,-,-,-,-,-,-,-,-,-,-,BRSABV Ekana Cricket Stadium
MP Yadav,2024-2024,3,-,-,-,-,-,-,-,-,-,-,-,-,BRSABV Ekana Cricket Stadium
,,,,,,,,,,,,,,,
Shashank Singh,9,9,4,215,52*,43,171,125.73,0,1,1,13,8,,PCA New Stadium
Prabhsimran Singh,9,9,0,155,35,17.22,109,142.2,0,0,2,19,7,,PCA New Stadium
Priyansh Arya,4,4,0,147,103,36.75,70,210,1,0,1,13,11,,PCA New Stadium
Ashutosh Sharma,4,4,1,128,61,42.66,67,191.04,0,1,0,6,12,,PCA New Stadium
Sam Curran,5,5,0,124,63,24.8,105,118.09,0,1,0,11,3,,PCA New Stadium
Yashasvi Jaiswal,2,2,0,106,67,53,73,145.2,0,1,0,7,5,,PCA New Stadium
Jitesh Sharma,6,6,1,90,29,18,73,123.28,0,0,0,4,5,,PCA New Stadium
Nehal Wadhera,4,4,0,86,62,21.5,63,136.5,0,1,0,6,4,,PCA New Stadium
Suryakumar Yadav,1,1,0,78,78,78,53,147.16,0,1,0,7,3,,PCA New Stadium
Virat Kohli,1,1,1,73,73*,-,54,135.18,0,1,0,7,1,,PCA New Stadium
Dewon Conway,1,1,0,69,69,69,49,140.81,0,1,0,6,2,,PCA New Stadium
Liam Livingstone,4,4,1,66,38*,22,46,143.47,0,0,0,5,4,,PCA New Stadium
Riyan Parag,2,2,1,66,43*,66,43,153.48,0,0,0,4,4,,PCA New Stadium
Nitish Kumar Reddy,1,1,0,64,64,64,37,172.97,0,1,0,4,5,,PCA New Stadium
Marco Jansen,4,4,2,63,34*,31.5,47,134.04,0,0,0,2,4,,PCA New Stadium
Devdutt Padikkal,1,1,0,61,61,61,35,174.28,0,1,0,5,4,,PCA New Stadium
Sanju Samson,2,2,0,56,38,28,40,140,0,0,0,7,1,,PCA New Stadium
Harpreet Brar,6,4,2,55,29,27.5,37,148.64,0,0,0,6,2,,PCA New Stadium
Simreon Hetmyer,2,2,1,47,27*,47,22,213.63,0,0,0,3,4,,PCA New Stadium
Shivam Dube,1,1,0,42,42,42,27,155.55,0,0,0,3,2,,PCA New Stadium
Glen Maxwell,3,3,0,38,30,12.66,33,115.15,0,0,0,4,1,,PCA New Stadium
Ankrish Raghuvanshi,1,1,0,37,37,37,28,132.14,0,0,0,5,1,,PCA New Stadium
S Dhawan,2,2,0,36,22,18,32,112.5,0,0,0,6,0,,PCA New Stadium
Rachin Ravindra,1,1,0,36,36,36,23,156.52,0,0,0,6,0,,PCA New Stadium
Rohit Sharma,1,1,0,36,36,36,25,144,0,0,0,2,3,,PCA New Stadium
Rahul Tewatia,1,1,1,36,36*,-,18,200,0,0,0,7,0,,PCA New Stadium
Shubman Gill,1,1,0,35,35,35,29,120.68,0,0,0,5,0,,PCA New Stadium
Tilak Varma,1,1,1,34,34*,-,18,188.88,0,0,0,2,2,,PCA New Stadium
SD Hope,1,1,0,33,33,33,25,132,0,0,0,2,2,,PCA New Stadium
Abishek Porel,1,1,1,32,32*,-,10,320,0,0,0,4,2,,PCA New Stadium
Jos Inglis,2,2,0,31,29,15.5,23,134.78,0,0,0,2,1,,PCA New Stadium
Sai Sudharsan,1,1,0,31,31,31,34,91.17,0,0,0,3,0,,PCA New Stadium
David Warner,1,1,0,29,29,29,21,138.09,0,0,0,3,2,,PCA New Stadium
Sikandar Raza,1,1,0,28,28,28,22,127.27,0,0,0,2,2,,PCA New Stadium
MS Dhoni,1,1,0,27,27,27,12,225,0,0,0,1,3,,PCA New Stadium
Harpreet Singh,2,2,0,27,14,13.5,34,79.41,0,0,0,2,0,,PCA New Stadium
Abdul Samad,1,1,0,25,25,25,12,208.33,0,0,0,5,0,,PCA New Stadium
Syes Iyer,4,4,0,25,10,6.25,24,104.16,0,0,1,3,1,,PCA New Stadium
JM Bairstow,3,3,0,24,15,8,25,96,0,0,1,3,0,,PCA New Stadium
TK Kotian,1,1,0,24,24,24,31,77.41,0,0,0,3,0,,PCA New Stadium
Travis Head,1,1,0,21,21,21,15,140,0,0,0,4,0,,PCA New Stadium
Axar Patel,1,1,0,21,21,21,13,161.53,0,0,0,2,1,,PCA New Stadium
Mitchell Marsh,1,1,0,20,20,20,12,166.66,0,0,0,2,2,,PCA New Stadium
Druv Jurel,2,2,1,19,13*,19,16,118.75,0,0,0,1,1,,PCA New Stadium
Rishabh Pant,1,1,0,18,18,18,13,138.46,0,0,0,2,0,,PCA New Stadium
Ajinkya Rahane,1,1,0,17,17,17,17,100,0,0,0,1,1,,PCA New Stadium
Andre Russell,1,1,0,17,17,17,11,154.54,0,0,0,1,2,,PCA New Stadium
Abhishek Sharma,1,1,0,16,16,16,11,145.45,0,0,0,2,1,,PCA New Stadium
A Taide,1,1,0,15,15,15,12,125,0,0,0,2,0,,PCA New Stadium
Travis David,2,1,0,14,14,14,7,200,0,0,0,2,1,,PCA New Stadium
Shahbaz Ahmed,1,1,1,14,14*,-,7,200,0,0,0,1,1,,PCA New Stadium
Azmatullah Omarzai,1,1,0,13,13,13,10,130,0,0,0,0,1,,PCA New Stadium
WP Saha,1,1,0,13,13,13,11,118.18,0,0,0,1,0,,PCA New Stadium
Rajat Patidar,1,1,0,12,12,12,13,92.3,0,0,0,1,0,,PCA New Stadium
Nitish Rana,1,1,0,12,12,12,7,171.42,0,0,0,2,0,,PCA New Stadium
XC Bartlett,2,1,0,11,11,11,15,73.33,0,0,0,1,0,,PCA New Stadium
Romen Powell,1,1,0,11,11,11,5,220,0,0,0,2,0,,PCA New Stadium
Rahul Tripathi,1,1,0,11,11,11,14,78.57,0,0,0,1,0,,PCA New Stadium
Hardik Pandya,1,1,0,10,10,10,6,166.66,0,0,0,0,1,,PCA New Stadium
Rilee Rossouw,2,2,0,10,9,5,10,100,0,0,0,2,0,,PCA New Stadium
Ravindra Jadeja,1,1,1,9,9*,-,5,180,0,0,0,0,1,,PCA New Stadium
Henrich Klaasen,1,1,0,9,9,9,9,100,0,0,0,1,0,,PCA New Stadium
Kagiso Rabada,5,2,1,9,8,9,4,225,0,0,0,0,1,,PCA New Stadium
Ishan Kishan,1,1,0,8,8,8,8,100,0,0,0,1,0,,PCA New Stadium
Shahrukh Khan,1,1,0,8,8,8,4,200,0,0,0,0,1,,PCA New Stadium
Venkatesh Iyer,1,1,0,7,7,7,4,175,0,0,0,0,0,,PCA New Stadium
Bhuvaneshwar Kumar,2,1,0,6,6,6,8,75,0,0,0,0,0,,PCA New Stadium
Marcus Stoinis,3,3,0,6,4,2,16,37.5,0,0,0,0,0,,PCA New Stadium
Suryansh Shedge,2,2,0,6,4,3,8,75,0,0,0,0,0,,PCA New Stadium
Jaydev Unadkat,1,1,1,6,6*,-,1,600,0,0,0,0,1,,PCA New Stadium
Sunil Narine,1,1,0,5,5,5,4,125,0,0,0,1,0,,PCA New Stadium
Tristan Stubbs,1,1,0,5,5,5,8,62.5,0,0,0,0,0,,PCA New Stadium
Lockie Ferguson,2,1,1,4,4*,-,1,400,0,0,0,1,0,,PCA New Stadium
David Miller,1,1,0,4,4,4,6,66.66,0,0,0,0,0,,PCA New Stadium
RK Bhui,1,1,0,3,3,3,7,42.85,0,0,0,0,0,,PCA New Stadium
Pat Cummins,1,1,0,3,3,3,4,75,0,0,0,0,0,,PCA New Stadium
Harshit Rana,1,1,0,3,3,3,6,50,0,0,0,0,0,,PCA New Stadium
Rashid Khan,1,1,0,3,3,3,3,100,0,0,0,0,0,,PCA New Stadium
Arshdeep Singh,9,2,1,2,1*,2,6,33.33,0,0,0,0,0,,PCA New Stadium
Quinton de Kock,1,1,0,2,2,2,4,50,0,0,0,0,0,,PCA New Stadium
Vijay Shankar,1,1,1,2,2*,-,2,100,0,0,0,0,0,,PCA New Stadium
Rinku Singh,1,1,0,2,2,2,9,22.22,0,0,0,0,0,,PCA New Stadium
Sumit Kumar,1,1,0,2,2,2,9,22.22,0,0,0,0,0,,PCA New Stadium
Ruturaj Gaikwad,1,1,0,1,1,1,3,33.33,0,0,0,0,0,,PCA New Stadium
Kuldeep Yadav,1,1,0,1,1,1,2,50,0,0,0,0,0,,PCA New Stadium
KA Maharaj,1,1,0,1,1,1,2,50,0,0,0,0,0,,PCA New Stadium
Harshal Patel,5,2,1,1,1*,1,5,20,0,0,1,0,0,,PCA New Stadium
Phil Salt,1,1,0,1,1,1,3,33.33,0,0,0,0,0,,PCA New Stadium
Romario Shepherd,2,1,0,1,1,1,2,50,0,0,0,0,0,,PCA New Stadium
Vaibhav Arora,1,1,0,0,0,0,7,0,0,0,1,0,0,,PCA New Stadium
Trent Boult,1,1,1,0,0*,-,0,-,0,0,0,0,0,,PCA New Stadium
Aiden Markram,1,1,0,0,0,0,2,0,0,0,1,0,0,,PCA New Stadium
Mohammad Nabi,1,1,0,0,0,0,1,0,0,0,1,0,0,,PCA New Stadium
Anrich Nortje,1,1,1,0,0*,-,0,-,0,0,0,0,0,,PCA New Stadium
Ramandeep Singh,1,1,0,0,0,0,1,0,0,0,1,0,0,,PCA New Stadium
Sai Kishore,1,1,1,0,0*,-,0,-,0,0,0,0,0,,PCA New Stadium
KK Ahmed,2,-,-,-,-,-,-,-,-,-,-,-,-,,PCA New Stadium
JC Archer,1,-,-,-,-,-,-,-,-,-,-,-,-,,PCA New Stadium
R Ashwin,1,-,-,-,-,-,-,-,-,-,-,-,-,,PCA New Stadium
Avesh Khan,1,-,-,-,-,-,-,-,-,-,-,-,-,,PCA New Stadium
JJ Bumrah,1,-,-,-,-,-,-,-,-,-,-,-,-,,PCA New Stadium
YS Chahal,5,-,-,-,-,-,-,-,-,-,-,-,-,,PCA New Stadium
RD Chahar,1,-,-,-,-,-,-,-,-,-,-,-,-,,PCA New Stadium
G Coetzee,1,-,-,-,-,-,-,-,-,-,-,-,-,,PCA New Stadium
S Gopal,1,-,-,-,-,-,-,-,-,-,-,-,-,,PCA New Stadium
PW Hasaranga,1,-,-,-,-,-,-,-,-,-,-,-,-,,PCA New Stadium
JR Hazlewood,1,-,-,-,-,-,-,-,-,-,-,-,-,,PCA New Stadium
K Kartikeya,1,-,-,-,-,-,-,-,-,-,-,-,-,,PCA New Stadium
A Madhwal,1,-,-,-,-,-,-,-,-,-,-,-,-,,PCA New Stadium
Mukesh Choudhary,1,-,-,-,-,-,-,-,-,-,-,-,-,,PCA New Stadium
T Natarajan,1,-,-,-,-,-,-,-,-,-,-,-,-,,PCA New Stadium
Noor Ahmad,2,-,-,-,-,-,-,-,-,-,-,-,-,,PCA New Stadium
KH Pandya,1,-,-,-,-,-,-,-,-,-,-,-,-,,PCA New Stadium
M Pathirana,1,-,-,-,-,-,-,-,-,-,-,-,-,,PCA New Stadium
Sandeep Sharma,1,-,-,-,-,-,-,-,-,-,-,-,-,,PCA New Stadium
S Sandeep Warrier,1,-,-,-,-,-,-,-,-,-,-,-,-,,PCA New Stadium
KR Sen,1,-,-,-,-,-,-,-,-,-,-,-,-,,PCA New Stadium
I Sharma,1,-,-,-,-,-,-,-,-,-,-,-,-,,PCA New Stadium
MM Sharma,1,-,-,-,-,-,-,-,-,-,-,-,-,,PCA New Stadium
Suyash Sharma,1,-,-,-,-,-,-,-,-,-,-,-,-,,PCA New Stadium
Yash Thakur,1,-,-,-,-,-,-,-,-,-,-,-,-,,PCA New Stadium
M Theekshana,1,-,-,-,-,-,-,-,-,-,-,-,-,,PCA New Stadium
CV Varun,1,-,-,-,-,-,-,-,-,-,-,-,-,,PCA New Stadium
Yash Dayal,1,-,-,-,-,-,-,-,-,-,-,-,-,,PCA New Stadium
Yudhvir Singh,1,-,-,-,-,-,-,-,-,-,-,-,-,,PCA New Stadium
,,,,,,,,,,,,,,,
Ajinkya Rahane,2011-2023,37,35,6,1115,105*,38.44,911,122.39,1,7,1,127,15,Sawai Mansingh Stadium
Shane Watson,2008-2019,30,29,6,875,98*,38.04,625,140,0,5,2,87,41,Sawai Mansingh Stadium
Jos Buttler,2018-2025,21,21,4,819,100*,48.17,576,142.18,1,6,1,91,23,Sawai Mansingh Stadium
Sanju Samson,2013-2025,28,27,6,804,82*,38.28,574,140.06,0,6,3,69,27,Sawai Mansingh Stadium
R Dravid,2008-2013,25,24,2,735,75*,33.4,616,119.31,0,5,0,94,13,Sawai Mansingh Stadium
Yashasvi Jaiswal,2023-2025,13,13,2,546,104*,49.63,348,156.89,1,4,2,60,25,Sawai Mansingh Stadium
Riyan Parag,2019-2025,14,12,3,390,84*,43.33,253,154.15,0,2,0,29,21,Sawai Mansingh Stadium
Virat Kohli,2008-2025,10,10,3,324,113*,46.28,275,117.81,1,1,0,30,7,Sawai Mansingh Stadium
Steven Smith,2012-2019,8,8,2,314,73*,52.33,255,123.13,0,3,0,32,4,Sawai Mansingh Stadium
BJ Hodge,2008-2013,17,15,4,304,48*,27.63,221,137.55,0,0,0,23,10,Sawai Mansingh Stadium
STR Binny,2011-2019,22,15,7,248,41*,31,167,148.5,0,0,1,21,10,Sawai Mansingh Stadium
Rahul Tripathi,2018-2023,10,10,3,221,80*,31.57,169,130.76,0,1,0,14,8,Sawai Mansingh Stadium
YK Pathan,2008-2018,14,12,1,207,68,18.81,146,141.78,0,2,1,19,9,Sawai Mansingh Stadium
Shubman Gill,2018-2025,5,4,1,198,84,66,139,142.44,0,2,0,17,6,Sawai Mansingh Stadium
RV Uthappa,2008-2019,7,7,1,198,54,33,149,132.88,0,1,0,25,6,Sawai Mansingh Stadium
KL Rahul,2018-2024,4,4,1,196,95*,65.33,150,130.66,0,2,0,20,5,Sawai Mansingh Stadium
J Botha,2011-2012,12,10,4,188,45,31.33,177,106.21,0,0,0,12,2,Sawai Mansingh Stadium
Chris Gayle,2011-2019,5,5,1,188,79,47,116,162.06,0,2,0,20,9,Sawai Mansingh Stadium
Sachin Tendulkar,2008-2013,5,5,2,185,89*,61.66,154,120.12,0,2,0,19,2,Sawai Mansingh Stadium
AL Menaria,2011-2012,14,12,2,183,40,18.3,155,118.06,0,0,1,11,10,Sawai Mansingh Stadium
Ravindra Jadeja,2008-2023,13,9,5,180,36*,45,139,129.49,0,0,0,15,5,Sawai Mansingh Stadium
GC Smith,2008-2008,5,5,2,176,75*,58.66,170,103.52,0,1,0,19,2,Sawai Mansingh Stadium
AB de Villiers,2008-2019,6,5,1,166,59*,41.5,102,162.74,0,2,0,15,5,Sawai Mansingh Stadium
SA Asnodkar,2008-2008,4,4,0,159,60,39.75,126,126.19,0,2,0,24,2,Sawai Mansingh Stadium
David Warner,2011-2024,4,4,0,153,54,38.25,128,119.53,0,1,0,13,4,Sawai Mansingh Stadium
Suresh Raina,2008-2019,6,6,0,150,52,25,112,133.92,0,1,0,20,1,Sawai Mansingh Stadium
LRPL Taylor,2010-2012,9,9,6,150,47*,50,126,119.04,0,0,0,9,6,Sawai Mansingh Stadium
MS Dhoni,2008-2023,7,6,2,145,58,36.25,111,130.63,0,1,0,7,7,Sawai Mansingh Stadium
Ben Stokes,2018-2019,12,12,2,145,40,14.5,125,116,0,0,2,8,5,Sawai Mansingh Stadium
Vaibhav Suryavanshi,2025-2025,2,2,0,135,101,67.5,58,232.75,1,0,0,9,14,Sawai Mansingh Stadium
TM Dilshan,2008-2012,3,3,2,132,76*,132,97,136.08,0,1,0,19,2,Sawai Mansingh Stadium
PA Patel,2008-2019,4,4,0,132,67,33,97,136.08,0,1,1,14,3,Sawai Mansingh Stadium
Rishabh Pant,2018-2025,4,4,1,129,78*,43,85,151.76,0,1,0,11,5,Sawai Mansingh Stadium
G Gambhir,2008-2018,5,4,1,128,75*,42.66,90,142.22,0,1,1,16,2,Sawai Mansingh Stadium
Druv Jurel,2023-2025,13,9,3,127,35*,21.16,86,147.67,0,0,1,10,5,Sawai Mansingh Stadium
Simreon Hetmyer,2019-2025,14,12,4,124,35,15.5,101,122.77,0,0,0,8,6,Sawai Mansingh Stadium
Manish Pandey,2008-2019,5,5,0,124,61,24.8,101,122.77,0,1,0,17,0,Sawai Mansingh Stadium
Nicholas Pooran,2019-2025,4,4,1,116,64*,38.66,83,139.75,0,1,0,9,5,Sawai Mansingh Stadium
Suryakumar Yadav,2018-2024,3,3,0,116,72,38.66,88,131.81,0,1,0,9,4,Sawai Mansingh Stadium
S Dhawan,2008-2019,5,5,0,115,54,23,79,145.56,0,2,1,17,2,Sawai Mansingh Stadium
Devdutt Padikkal,2023-2025,6,6,2,109,40*,27.25,81,134.56,0,0,1,16,1,Sawai Mansingh Stadium
Murali Vijay,2011-2013,3,3,0,108,55,36,95,113.68,0,2,1,8,3,Sawai Mansingh Stadium
AT Rayudu,2010-2023,7,6,0,107,57,17.83,103,103.88,0,1,2,7,3,Sawai Mansingh Stadium
Yuvraj Singh,2008-2013,4,4,0,107,57,26.75,72,148.61,0,1,0,8,7,Sawai Mansingh Stadium
Faf du Plessis,2019-2024,3,3,0,106,55,35.33,87,121.83,0,1,0,5,4,Sawai Mansingh Stadium
MEK Hussey,2011-2013,3,3,0,105,46,35,102,102.94,0,0,0,16,0,Sawai Mansingh Stadium
JH Kallis,2008-2013,5,5,1,105,80*,26.25,106,99.05,0,1,2,9,2,Sawai Mansingh Stadium
V Sehwag,2008-2013,4,4,0,105,73,26.25,67,156.71,0,1,0,17,1,Sawai Mansingh Stadium
MJ Lumb,2010-2010,3,3,0,100,83,33.33,57,175.43,0,1,0,19,2,Sawai Mansingh Stadium
KP Pietersen,2010-2012,2,2,0,98,62,49,63,155.55,0,1,0,13,3,Sawai Mansingh Stadium
DJ Hussey,2008-2013,3,3,0,96,42,32,71,135.21,0,0,0,6,3,Sawai Mansingh Stadium
DR Smith,2008-2012,2,2,1,95,87*,95,65,146.15,0,1,0,11,3,Sawai Mansingh Stadium
K Gowtham,2018-2019,10,8,2,93,33*,15.5,43,216.27,0,0,0,5,8,Sawai Mansingh Stadium
DPMD Jayawardene,2008-2013,5,5,0,93,44,18.6,84,110.71,0,0,1,12,2,Sawai Mansingh Stadium
JP Duminy,2010-2012,2,2,1,89,58*,89,58,153.44,0,1,0,7,5,Sawai Mansingh Stadium
OA Shah,2012-2013,7,7,3,89,28*,22.25,73,121.91,0,0,0,6,3,Sawai Mansingh Stadium
AC Gilchrist,2008-2013,3,3,0,88,61,29.33,69,127.53,0,1,1,12,2,Sawai Mansingh Stadium
Dinesh Karthik,2008-2024,7,4,1,85,42*,28.33,72,118.05,0,0,1,6,2,Sawai Mansingh Stadium
Sunil Narine,2012-2019,4,4,1,84,47,28,53,158.49,0,0,1,11,4,Sawai Mansingh Stadium
Y Venugopal Rao,2008-2011,2,2,1,83,60,83,51,162.74,0,1,0,7,5,Sawai Mansingh Stadium
MK Tiwary,2011-2018,4,3,0,80,59,26.66,70,114.28,0,1,0,8,0,Sawai Mansingh Stadium
DH Yagnik,2011-2013,12,7,3,80,34,20,60,133.33,0,0,0,10,2,Sawai Mansingh Stadium
KC Sangakkara,2008-2013,4,4,0,77,44,19.25,51,150.98,0,0,0,10,2,Sawai Mansingh Stadium
Hardik Pandya,2018-2024,4,4,1,76,39*,25.33,42,180.95,0,0,0,7,4,Sawai Mansingh Stadium
AS Raut,2010-2011,7,4,3,76,32*,76,59,128.81,0,0,0,4,4,Sawai Mansingh Stadium
Kane Williamson,2018-2019,2,2,0,76,63,38,57,133.33,0,1,0,9,2,Sawai Mansingh Stadium
Sai Sudharsan,2024-2025,2,2,0,74,39,37,59,125.42,0,0,0,7,2,Sawai Mansingh Stadium
Aiden Markram,2023-2025,2,2,0,72,66,36,50,144,0,1,0,6,3,Sawai Mansingh Stadium
Glen Maxwell,2018-2024,3,3,0,72,54,24,48,150,0,1,0,7,4,Sawai Mansingh Stadium
Quinton de Kock,2019-2024,2,2,0,69,65,34.5,52,132.69,0,1,0,7,2,Sawai Mansingh Stadium
Marcus Stoinis,2018-2024,4,4,1,66,31*,22,64,103.12,0,0,0,4,1,Sawai Mansingh Stadium
JA Morkel,2008-2012,3,3,2,65,42,65,43,151.16,0,0,0,5,3,Sawai Mansingh Stadium
Phil Salt,2025-2025,1,1,0,65,65,65,33,196.96,0,1,0,5,6,Sawai Mansingh Stadium
Tilak Varma,2024-2024,1,1,0,65,65,65,45,144.44,0,1,0,5,3,Sawai Mansingh Stadium
BJ Rohrer,2013-2013,1,1,1,64,64*,-,40,160,0,1,0,9,1,Sawai Mansingh Stadium
Mitchell Marsh,2013-2025,3,3,1,62,35*,31,39,158.97,0,0,0,7,3,Sawai Mansingh Stadium
NV Ojha,2010-2012,5,5,2,62,44*,20.66,56,110.71,0,0,2,6,2,Sawai Mansingh Stadium
KA Pollard,2010-2019,6,5,1,61,25,15.25,62,98.38,0,0,0,4,3,Sawai Mansingh Stadium
DJG Sammy,2013-2013,1,1,0,60,60,60,41,146.34,0,1,0,8,1,Sawai Mansingh Stadium
Ishan Kishan,2018-2024,2,2,0,58,58,29,45,128.88,0,1,1,4,3,Sawai Mansingh Stadium
Henrich Klaasen,2018-2023,3,3,0,58,32,19.33,34,170.58,0,0,1,5,3,Sawai Mansingh Stadium
WP Saha,2008-2023,5,4,2,58,41*,29,48,120.83,0,0,0,6,0,Sawai Mansingh Stadium
AJ Finch,2011-2013,2,2,0,56,45,28,46,121.73,0,0,0,8,1,Sawai Mansingh Stadium
M Kaif,2008-2011,8,5,1,56,21,14,60,93.33,0,0,0,6,1,Sawai Mansingh Stadium
AC Voges,2010-2010,3,2,1,56,28*,56,54,103.7,0,0,0,5,0,Sawai Mansingh Stadium
Abhishek Sharma,2023-2023,1,1,0,55,55,55,34,161.76,0,1,0,5,2,Sawai Mansingh Stadium
SC Ganguly,2008-2012,2,2,0,53,51,26.5,43,123.25,0,1,0,4,2,Sawai Mansingh Stadium
SN Khan,2018-2019,2,2,1,53,46*,53,37,143.24,0,0,0,7,1,Sawai Mansingh Stadium
Ayush Badoni,2023-2025,3,3,0,52,50,17.33,43,120.93,0,1,0,5,1,Sawai Mansingh Stadium
PP Chawla,2008-2024,7,5,2,52,24*,17.33,44,118.18,0,0,0,4,1,Sawai Mansingh Stadium
Shivam Dube,2023-2023,1,1,0,52,52,52,33,157.57,0,1,0,2,4,Sawai Mansingh Stadium
KR Mayers,2023-2023,1,1,0,51,51,51,42,121.42,0,1,0,4,3,Sawai Mansingh Stadium
EJG Morgan,2011-2013,2,1,0,51,51,51,38,134.21,0,1,0,3,3,Sawai Mansingh Stadium
Nithish Rana,2018-2025,5,4,2,51,35*,25.5,37,137.83,0,0,0,4,2,Sawai Mansingh Stadium
CA Lynn,2018-2019,2,2,0,50,50,25,34,147.05,0,1,1,6,3,Sawai Mansingh Stadium
DJM Short,2018-2018,2,2,0,50,44,25,46,108.69,0,0,0,6,1,Sawai Mansingh Stadium
Nehal Wadhera,2024-2024,1,1,0,49,49,49,24,204.16,0,0,0,3,4,Sawai Mansingh Stadium
Abdul Samad,2023-2025,2,2,2,47,30*,-,17,276.47,0,0,0,0,6,Sawai Mansingh Stadium
Ruturaj Gaikwad,2023-2023,1,1,0,47,47,47,29,162.06,0,0,0,5,1,Sawai Mansingh Stadium
AD Hales,2018-2018,1,1,0,45,45,45,39,115.38,0,0,0,4,0,Sawai Mansingh Stadium
IK Pathan,2008-2012,4,3,2,45,24*,45,48,93.75,0,0,0,3,1,Sawai Mansingh Stadium
Liam Livingstone,2019-2025,2,1,0,44,44,44,26,169.23,0,0,0,4,3,Sawai Mansingh Stadium
Mandeep Singh,2012-2019,4,4,1,44,34,14.66,39,112.82,0,0,0,5,0,Sawai Mansingh Stadium
NK Patel,2008-2008,3,2,2,44,40*,-,31,141.93,0,0,0,3,1,Sawai Mansingh Stadium
Tristan Stubbs,2024-2024,1,1,1,44,44*,-,23,191.3,0,0,0,2,3,Sawai Mansingh Stadium
Moen Ali,2018-2023,3,3,1,42,23,21,23,182.6,0,0,0,4,3,Sawai Mansingh Stadium
SP Goswami,2012-2012,5,3,1,42,23,21,41,102.43,0,0,0,3,0,Sawai Mansingh Stadium
Rashid Khan,2018-2025,5,3,2,42,24*,42,22,190.9,0,0,0,5,1,Sawai Mansingh Stadium
PP Shaw,2019-2019,1,1,0,42,42,42,39,107.69,0,0,0,4,1,Sawai Mansingh Stadium
AD Mathews,2012-2013,2,2,0,41,23,20.5,34,120.58,0,0,0,3,0,Sawai Mansingh Stadium
ST Jayasuriya,2008-2010,2,2,0,39,38,19.5,39,100,0,0,0,4,0,Sawai Mansingh Stadium
MF Maharoof,2008-2008,1,1,0,39,39,39,16,243.75,0,0,0,2,4,Sawai Mansingh Stadium
MA Agarwal,2012-2019,2,2,0,37,22,18.5,41,90.24,0,0,0,3,2,Sawai Mansingh Stadium
Ravichandra Ashwin,2011-2024,15,6,2,35,29,8.75,30,116.66,0,0,2,0,3,Sawai Mansingh Stadium
AA Jhunjhunwala,2010-2012,4,2,0,35,22,17.5,44,79.54,0,0,0,1,1,Sawai Mansingh Stadium
AM Nayar,2008-2012,2,2,0,35,25,17.5,28,125,0,0,0,3,1,Sawai Mansingh Stadium
DJ Bravo,2011-2018,4,3,2,34,23*,34,27,125.92,0,0,0,4,0,Sawai Mansingh Stadium
Anmolpreet Singh,2023-2023,1,1,0,33,33,33,25,132,0,0,0,4,1,Sawai Mansingh Stadium
Kamran Akmal,2008-2008,2,2,0,33,18,16.5,26,126.92,0,0,0,6,1,Sawai Mansingh Stadium
Rohit Sharma,2008-2024,7,6,0,31,13,5.16,50,62,0,0,1,3,0,Sawai Mansingh Stadium
Rahul Tewatia,2018-2025,4,2,0,31,22,15.5,15,206.66,0,0,0,3,1,Sawai Mansingh Stadium
AP Dole,2010-2010,2,1,0,30,30,30,18,166.66,0,0,0,2,1,Sawai Mansingh Stadium
B Lee,2008-2013,4,3,0,30,25,10,19,157.89,0,0,1,3,2,Sawai Mansingh Stadium
Anuj Rawat,2023-2023,1,1,1,29,29*,-,11,263.63,0,0,0,3,2,Sawai Mansingh Stadium
DT Christian,2012-2012,1,1,1,29,29*,-,19,152.63,0,0,0,2,1,Sawai Mansingh Stadium
KM Jadhav,2011-2019,3,3,1,29,23*,14.5,36,80.55,0,0,0,2,0,Sawai Mansingh Stadium
Deepak Hooda,2019-2024,3,3,0,28,26,9.33,18,155.55,0,0,1,2,2,Sawai Mansingh Stadium
SW Billings,2018-2018,1,1,0,27,27,27,22,122.72,0,0,0,3,0,Sawai Mansingh Stadium
Vijay Shankar,2018-2024,4,3,0,27,16,9,23,117.39,0,0,0,3,0,Sawai Mansingh Stadium
R Vinay Kumar,2010-2013,4,2,1,27,22*,27,10,270,0,0,0,1,3,Sawai Mansingh Stadium
K Goel,2008-2008,1,1,0,26,26,26,21,123.8,0,0,0,3,2,Sawai Mansingh Stadium
P Kumar,2008-2013,3,3,0,25,15,8.33,14,178.57,0,0,1,2,2,Sawai Mansingh Stadium
A Mishra,2008-2023,5,2,0,25,21,12.5,33,75.75,0,0,0,2,0,Sawai Mansingh Stadium
Glen Phillips,2023-2023,1,1,0,25,25,25,7,357.14,0,0,0,1,3,Sawai Mansingh Stadium
Jofra Archer,2018-2025,14,7,3,24,13*,6,29,82.75,0,0,2,2,0,Sawai Mansingh Stadium
KK Cooper,2012-2013,9,4,2,24,11*,12,16,150,0,0,1,3,1,Sawai Mansingh Stadium
M Manhas,2011-2011,1,1,0,24,24,24,19,126.31,0,0,0,1,1,Sawai Mansingh Stadium
Axar Patel,2018-2024,3,2,1,24,15*,24,18,133.33,0,0,0,2,0,Sawai Mansingh Stadium
YV Takawale,2008-2008,1,1,1,24,24*,-,8,300,0,0,0,4,1,Sawai Mansingh Stadium
Azhar Mahmood,2013-2013,1,1,0,23,23,23,20,115,0,0,0,3,0,Sawai Mansingh Stadium
DB Das,2008-2012,2,2,0,23,12,11.5,27,85.18,0,0,0,1,1,Sawai Mansingh Stadium
CJ Ferguson,2012-2012,1,1,0,23,23,23,26,88.46,0,0,0,2,0,Sawai Mansingh Stadium
Mohammad Nabi,2024-2024,1,1,0,23,23,23,17,135.29,0,0,0,2,1,Sawai Mansingh Stadium
SS Tiwary,2010-2013,4,2,1,23,15,23,17,135.29,0,0,0,3,0,Sawai Mansingh Stadium
MS Bisla,2010-2013,3,3,0,22,20,7.33,21,104.76,0,0,0,4,0,Sawai Mansingh Stadium
MC Henriques,2013-2013,1,1,0,22,22,22,19,115.78,0,0,0,2,1,Sawai Mansingh Stadium
MK Lomror,2018-2023,3,3,1,21,11,10.5,23,91.3,0,0,0,1,0,Sawai Mansingh Stadium
AB Agarkar,2008-2013,2,1,0,20,20,20,13,153.84,0,0,0,1,2,Sawai Mansingh Stadium
R Bhatia,2011-2013,3,2,0,20,12,10,15,133.33,0,0,0,3,0,Sawai Mansingh Stadium
S Gopal,2018-2019,11,3,2,20,19*,20,9,222.22,0,0,1,2,1,Sawai Mansingh Stadium
Bipul Sharma,2010-2012,2,2,1,19,18,19,14,135.71,0,0,0,2,0,Sawai Mansingh Stadium
HH Gibbs,2008-2008,1,1,0,19,19,19,20,95,0,0,0,2,0,Sawai Mansingh Stadium
A Mukund,2013-2013,1,1,0,19,19,19,21,90.47,0,0,0,1,0,Sawai Mansingh Stadium
JD Ryder,2011-2012,2,2,0,19,18,9.5,14,135.71,0,0,0,3,0,Sawai Mansingh Stadium
R Sathish,2010-2013,3,3,1,19,11,9.5,20,95,0,0,0,2,0,Sawai Mansingh Stadium
Shahrukh Khan,2024-2025,2,2,1,19,14,19,10,190,0,0,0,2,1,Sawai Mansingh Stadium
S Anirudha,2012-2012,1,1,1,18,18*,-,6,300,0,0,0,1,2,Sawai Mansingh Stadium
DW Steyn,2010-2013,3,1,1,18,18*,-,8,225,0,0,0,2,1,Sawai Mansingh Stadium
SK Warne,2008-2011,17,3,0,18,11,6,22,81.81,0,0,1,1,0,Sawai Mansingh Stadium
DS Lehmann,2008-2008,1,1,0,17,17,17,16,106.25,0,0,0,3,0,Sawai Mansingh Stadium
CH Morris,2013-2019,3,1,1,17,17*,-,7,242.85,0,0,0,2,1,Sawai Mansingh Stadium
A Symonds,2011-2011,1,1,0,17,17,17,26,65.38,0,0,0,1,0,Sawai Mansingh Stadium
JP Faulkner,2012-2013,8,4,3,16,11*,16,14,114.28,0,0,0,0,0,Sawai Mansingh Stadium
JR Hopes,2008-2008,1,1,0,16,16,16,16,100,0,0,0,2,0,Sawai Mansingh Stadium
Krunal Pandya,2018-2025,5,4,3,16,7,16,15,106.66,0,0,0,2,0,Sawai Mansingh Stadium
S Badrinath,2008-2013,3,1,0,15,15,15,14,107.14,0,0,0,3,0,Sawai Mansingh Stadium
Trent Boult,2018-2024,8,1,0,15,15,15,11,136.36,0,0,0,1,1,Sawai Mansingh Stadium
DJ Jacobs,2011-2011,1,1,0,15,15,15,15,100,0,0,0,0,1,Sawai Mansingh Stadium
Shakib Al Hasan,2011-2019,3,2,0,15,9,7.5,16,93.75,0,0,0,1,0,Sawai Mansingh Stadium
A Ashish Reddy,2013-2013,1,1,0,14,14,14,11,127.27,0,0,0,1,0,Sawai Mansingh Stadium
Mohammed Siraj,2018-2025,5,1,0,14,14,14,12,116.66,0,0,0,2,0,Sawai Mansingh Stadium
AG Paunikar,2010-2011,3,3,0,14,9,4.66,24,58.33,0,0,1,3,0,Sawai Mansingh Stadium
TG Southee,2018-2018,1,1,0,14,14,14,17,82.35,0,0,0,2,0,Sawai Mansingh Stadium
BCJ Cutting,2019-2019,1,1,1,13,13*,-,9,144.44,0,0,0,1,1,Sawai Mansingh Stadium
Harpreet Singh,2011-2011,1,1,0,13,13,13,19,68.42,0,0,0,0,0,Sawai Mansingh Stadium
GB Hogg,2012-2012,4,2,1,13,13,13,11,118.18,0,0,0,1,0,Sawai Mansingh Stadium
SB Styris,2008-2008,1,1,0,13,13,13,11,118.18,0,0,0,0,1,Sawai Mansingh Stadium
PC Valthaty,2012-2012,1,1,0,13,13,13,15,86.66,0,0,0,2,0,Sawai Mansingh Stadium
Washington Sundar,2025-2025,1,1,0,13,13,13,8,162.5,0,0,0,0,1,Sawai Mansingh Stadium
LR Shukla,2008-2013,3,3,0,12,8,4,19,63.15,0,0,0,0,1,Sawai Mansingh Stadium
Harbhajan Singh,2010-2018,5,2,1,11,10*,11,8,137.5,0,0,0,0,1,Sawai Mansingh Stadium
MG Johnson,2013-2013,1,1,0,11,11,11,9,122.22,0,0,0,2,0,Sawai Mansingh Stadium
NL McCullum,2011-2011,1,1,1,11,11*,-,6,183.33,0,0,0,0,1,Sawai Mansingh Stadium
M Ntini,2008-2008,1,1,0,11,11,11,12,91.66,0,0,0,2,0,Sawai Mansingh Stadium
Sherfane Rutherford,2019-2019,1,1,0,11,11,11,5,220,0,0,0,1,1,Sawai Mansingh Stadium
FY Fazal,2010-2010,2,1,0,10,10,10,15,66.66,0,0,0,1,0,Sawai Mansingh Stadium
Gurkeerat Singh,2013-2013,1,1,0,10,10,10,15,66.66,0,0,0,1,0,Sawai Mansingh Stadium
JE Root,2023-2023,2,1,0,10,10,10,15,66.66,0,0,0,1,0,Sawai Mansingh Stadium
MJ Santner,2019-2019,1,1,1,10,10*,-,3,333.33,0,0,0,0,1,Sawai Mansingh Stadium
CL White,2008-2008,1,1,0,10,10,10,16,62.5,0,0,0,1,0,Sawai Mansingh Stadium
Abishek Porel,2024-2024,1,1,0,9,9,9,10,90,0,0,0,0,0,Sawai Mansingh Stadium
AD Nath,2018-2019,2,1,0,9,9,9,13,69.23,0,0,0,1,0,Sawai Mansingh Stadium
MG Bracewell,2023-2023,1,1,1,9,9*,-,9,100,0,0,0,0,0,Sawai Mansingh Stadium
SD Chauhan,2024-2024,1,1,0,9,9,9,6,150,0,0,0,0,1,Sawai Mansingh Stadium
AP Majumdar,2012-2012,1,1,0,9,9,9,8,112.5,0,0,0,2,0,Sawai Mansingh Stadium
AD Mascarenhas,2008-2008,1,1,0,9,9,9,8,112.5,0,0,0,0,1,Sawai Mansingh Stadium
Y Nagar,2012-2012,1,1,1,9,9*,-,9,100,0,0,0,1,0,Sawai Mansingh Stadium
A Nehra,2008-2012,2,1,1,9,9*,-,8,112.5,0,0,0,1,0,Sawai Mansingh Stadium
DT Patil,2008-2008,1,1,0,9,9,9,12,75,0,0,0,0,0,Sawai Mansingh Stadium
Adam Zampa,2023-2023,3,2,0,9,7,4.5,15,60,0,0,0,0,0,Sawai Mansingh Stadium
RS Bopara,2010-2010,1,1,0,8,8,8,11,72.72,0,0,0,0,0,Sawai Mansingh Stadium
P Chopra,2018-2019,2,1,0,8,8,8,6,133.33,0,0,0,2,0,Sawai Mansingh Stadium
DP Conway,2023-2023,1,1,0,8,8,8,16,50,0,0,0,1,0,Sawai Mansingh Stadium
M Kartik,2011-2013,3,2,2,8,8*,-,9,88.88,0,0,0,0,0,Sawai Mansingh Stadium
DS Kulkarni,2010-2019,12,2,1,8,5*,8,6,133.33,0,0,0,1,0,Sawai Mansingh Stadium
A Kumble,2008-2010,2,1,0,8,8,8,8,100,0,0,0,1,0,Sawai Mansingh Stadium
VVS Laxman,2011-2011,1,1,0,8,8,8,10,80,0,0,0,1,0,Sawai Mansingh Stadium
SL Malinga,2010-2019,5,2,0,8,7,4,15,53.33,0,0,0,1,0,Sawai Mansingh Stadium
AA Chavan,2012-2013,4,1,1,7,7*,-,6,116.66,0,0,0,1,0,Sawai Mansingh Stadium
SE Marsh,2012-2012,1,1,0,7,7,7,6,116.66,0,0,0,1,0,Sawai Mansingh Stadium
David Miller,2023-2025,2,1,1,7,7*,-,8,87.5,0,0,0,0,0,Sawai Mansingh Stadium
Salman Butt,2008-2008,1,1,0,7,7,7,7,100,0,0,0,1,0,Sawai Mansingh Stadium
DB Ravi Teja,2008-2008,1,1,0,6,6,6,8,75,0,0,0,1,0,Sawai Mansingh Stadium
M Rawat,2008-2013,6,3,3,6,5*,-,5,120,0,0,0,1,0,Sawai Mansingh Stadium
Karn Sharma,2013-2023,3,1,0,6,6,6,8,75,0,0,0,1,0,Sawai Mansingh Stadium
Cameron Green,2024-2024,1,1,1,5,5*,-,6,83.33,0,0,0,0,0,Sawai Mansingh Stadium
Mohammed Shami,2013-2023,4,1,0,5,5,5,10,50,0,0,0,0,0,Sawai Mansingh Stadium
M Muralidaran,2008-2011,2,2,1,5,5*,5,11,45.45,0,0,1,0,0,Sawai Mansingh Stadium
NLTC Perera,2011-2013,2,2,0,5,4,2.5,8,62.5,0,0,0,1,0,Sawai Mansingh Stadium
S Vidyut,2008-2008,1,1,0,5,5,5,10,50,0,0,0,1,0,Sawai Mansingh Stadium
Syres Iyer,2018-2019,2,2,1,4,4,4,5,80,0,0,0,0,0,Sawai Mansingh Stadium
Bhuvaneshwar Kumar,2012-2025,5,2,0,4,3,2,9,44.44,0,0,0,0,0,Sawai Mansingh Stadium
RT Ponting,2013-2013,1,1,0,4,4,4,9,44.44,0,0,0,0,0,Sawai Mansingh Stadium
S Sohal,2008-2008,1,1,0,4,4,4,4,100,0,0,0,0,0,Sawai Mansingh Stadium
GH Vihari,2013-2013,1,1,0,4,4,4,9,44.44,0,0,0,0,0,Sawai Mansingh Stadium
MS Wade,2024-2024,1,1,0,4,4,4,6,66.66,0,0,0,0,0,Sawai Mansingh Stadium
SB Bangar,2008-2008,1,1,0,3,3,3,6,50,0,0,0,0,0,Sawai Mansingh Stadium
Tim David,2024-2025,2,1,0,3,3,3,5,60,0,0,0,0,0,Sawai Mansingh Stadium
Shubam Dubey,2024-2025,2,1,1,3,3*,-,3,100,0,0,0,0,0,Sawai Mansingh Stadium
CA Ingram,2019-2019,1,1,1,3,3*,-,5,60,0,0,0,0,0,Sawai Mansingh Stadium
Marco Jansen,2023-2023,1,1,1,3,3*,-,2,150,0,0,0,0,0,Sawai Mansingh Stadium
Karun Nair,2018-2018,1,1,0,3,3,3,5,60,0,0,0,0,0,Sawai Mansingh Stadium
R Rampaul,2013-2013,1,1,0,3,3,3,4,75,0,0,0,0,0,Sawai Mansingh Stadium
RP Singh,2008-2013,4,2,0,3,2,1.5,4,75,0,0,0,0,0,Sawai Mansingh Stadium
Sohail Tanvir,2008-2008,5,1,1,3,3*,-,3,100,0,0,0,0,0,Sawai Mansingh Stadium
AJ Turner,2019-2019,3,3,1,3,3*,1.5,9,33.33,0,0,2,0,0,Sawai Mansingh Stadium
M Vohra,2013-2013,1,1,0,3,3,3,6,50,0,0,0,0,0,Sawai Mansingh Stadium
Jasprit Bumrah,2018-2024,3,1,1,2,2*,-,1,200,0,0,0,0,0,Sawai Mansingh Stadium
UBT Chand,2011-2011,1,1,0,2,2,2,10,20,0,0,0,0,0,Sawai Mansingh Stadium
C de Grandhomme,2018-2018,1,1,0,2,2,2,3,66.66,0,0,0,0,0,Sawai Mansingh Stadium
CM Gautam,2013-2013,1,1,0,2,2,2,3,66.66,0,0,0,0,0,Sawai Mansingh Stadium
RJ Harris,2013-2013,1,1,1,2,2*,-,3,66.66,0,0,0,0,0,Sawai Mansingh Stadium
BB McCullum,2012-2012,1,1,0,2,2,2,4,50,0,0,0,0,0,Sawai Mansingh Stadium
AG Murtaza,2011-2011,1,1,1,2,2*,-,5,40,0,0,0,0,0,Sawai Mansingh Stadium
PP Ojha,2008-2013,2,2,2,2,1*,-,3,66.66,0,0,0,0,0,Sawai Mansingh Stadium
PA Reddy,2013-2013,1,1,0,2,2,2,5,40,0,0,0,0,0,Sawai Mansingh Stadium
Sandeep Sharma,2018-2025,12,2,2,2,2*,-,6,33.33,0,0,0,0,0,Sawai Mansingh Stadium
Umar Gul,2008-2008,1,1,0,2,2,2,2,100,0,0,0,0,0,Sawai Mansingh Stadium
RE van der Merwe,2011-2011,1,1,1,2,2*,-,3,66.66,0,0,0,0,0,Sawai Mansingh Stadium
AB Dinda,2008-2011,2,1,0,1,1,1,3,33.33,0,0,0,0,0,Sawai Mansingh Stadium
MS Gony,2008-2008,1,1,1,1,1*,-,4,25,0,0,0,0,0,Sawai Mansingh Stadium
Harmeet Singh,2012-2012,1,1,1,1,1*,-,1,100,0,0,0,0,0,Sawai Mansingh Stadium
Iqbal Abdulla,2011-2012,2,1,1,1,1*,-,2,50,0,0,0,0,0,Sawai Mansingh Stadium
Z Khan,2008-2012,4,1,0,1,1,1,5,20,0,0,0,0,0,Sawai Mansingh Stadium
A Manohar,2023-2024,2,1,0,1,1,1,2,50,0,0,0,0,0,Sawai Mansingh Stadium
WA Mota,2008-2008,1,1,1,1,1*,-,1,100,0,0,0,0,0,Sawai Mansingh Stadium
RR Raje,2008-2008,1,1,1,1,1*,-,2,50,0,0,0,0,0,Sawai Mansingh Stadium
Shahid Afridi,2008-2008,1,1,0,1,1,1,3,33.33,0,0,0,0,0,Sawai Mansingh Stadium
Ishant Sharma,2008-2025,4,2,2,1,1*,-,1,100,0,0,0,0,0,Sawai Mansingh Stadium
A Singh,2011-2012,10,1,0,1,1,1,2,50,0,0,0,0,0,Sawai Mansingh Stadium
S Sreesanth,2008-2013,5,1,1,1,1*,-,2,50,0,0,0,0,0,Sawai Mansingh Stadium
AJ Tye,2018-2018,1,1,1,1,1*,-,1,100,0,0,0,0,0,Sawai Mansingh Stadium
Jaydev Unadkat,2013-2019,13,4,2,1,1,0.5,3,33.33,0,0,1,0,0,Sawai Mansingh Stadium
Yudhvir Singh,2023-2025,2,1,0,1,1,1,1,100,0,0,0,0,0,Sawai Mansingh Stadium
Abdur Razzak,2008-2008,1,1,1,0,0*,-,2,0,0,0,0,0,0,Sawai Mansingh Stadium
J Arunkumar,2008-2008,1,1,0,0,0,0,3,0,0,0,1,0,0,Sawai Mansingh Stadium
KM Asif,2023-2023,1,1,0,0,0,0,2,0,0,0,1,0,0,Sawai Mansingh Stadium
P Awana,2013-2013,1,1,0,0,0,0,1,0,0,0,1,0,0,Sawai Mansingh Stadium
Basil Thampi,2018-2018,1,1,1,0,0*,-,0,-,0,0,0,0,0,Sawai Mansingh Stadium
RK Bhui,2024-2024,1,1,0,0,0,0,2,0,0,0,1,0,0,Sawai Mansingh Stadium
Yezvendra Chahal,2018-2024,12,1,1,0,0*,-,4,0,0,0,0,0,0,Sawai Mansingh Stadium
G Coetzee,2024-2024,1,1,0,0,0,0,1,0,0,0,1,0,0,Sawai Mansingh Stadium
R Dhawan,2013-2013,1,1,0,0,0,0,1,0,0,0,1,0,0,Sawai Mansingh Stadium
SP Fleming,2008-2008,1,1,0,0,0,0,2,0,0,0,1,0,0,Sawai Mansingh Stadium
RV Gomez,2011-2011,1,1,0,0,0,0,1,0,0,0,1,0,0,Sawai Mansingh Stadium
Joginder Sharma,2008-2008,1,1,0,0,0,0,1,0,0,0,1,0,0,Sawai Mansingh Stadium
S Kaul,2013-2019,3,1,1,0,0*,-,0,-,0,0,0,0,0,Sawai Mansingh Stadium
E Lewis,2018-2018,1,1,0,0,0,0,1,0,0,0,1,0,0,Sawai Mansingh Stadium
MJ McClenaghan,2018-2018,1,1,0,0,0,0,1,0,0,0,1,0,0,Sawai Mansingh Stadium
VY Mahesh,2008-2012,2,1,1,0,0*,-,1,0,0,0,0,0,0,Sawai Mansingh Stadium
M Markande,2018-2023,3,1,1,0,0*,-,1,0,0,0,0,0,0,Sawai Mansingh Stadium
Misbah-ul-Haq,2008-2008,1,1,0,0,0,0,1,0,0,0,1,0,0,Sawai Mansingh Stadium
C Munro,2018-2018,1,1,0,0,0,0,0,-,0,0,1,0,0,Sawai Mansingh Stadium
Noor Ahmad,2023-2024,2,1,1,0,0*,-,0,-,0,0,0,0,0,Sawai Mansingh Stadium
SM Pollock,2008-2008,1,1,0,0,0,0,1,0,0,0,1,0,0,Sawai Mansingh Stadium
R Sharma,2011-2013,3,2,0,0,0,0,4,0,0,0,2,0,0,Sawai Mansingh Stadium
SK Trivedi,2008-2013,32,1,1,0,0*,-,0,-,0,0,0,0,0,Sawai Mansingh Stadium
UT Yadav,2012-2024,5,1,0,0,0,0,1,0,0,0,1,0,0,Sawai Mansingh Stadium
VR Aaron,2019-2019,2,-,-,-,-,-,-,-,-,-,-,-,-,Sawai Mansingh Stadium
KK Ahmed,2019-2024,2,-,-,-,-,-,-,-,-,-,-,-,-,Sawai Mansingh Stadium
Akash Singh,2023-2023,1,-,-,-,-,-,-,-,-,-,-,-,-,Sawai Mansingh Stadium
Anand Rajan,2012-2012,1,-,-,-,-,-,-,-,-,-,-,-,-,Sawai Mansingh Stadium
Ankit Sharma,2012-2018,2,-,-,-,-,-,-,-,-,-,-,-,-,Sawai Mansingh Stadium
Anureet Singh,2018-2018,1,-,-,-,-,-,-,-,-,-,-,-,-,Sawai Mansingh Stadium
KP Appanna,2012-2012,1,-,-,-,-,-,-,-,-,-,-,-,-,Sawai Mansingh Stadium
S Aravind,2011-2011,1,-,-,-,-,-,-,-,-,-,-,-,-,Sawai Mansingh Stadium
KB Arun Karthik,2011-2011,1,-,-,-,-,-,-,-,-,-,-,-,-,Sawai Mansingh Stadium
M Ashwin,2023-2023,1,-,-,-,-,-,-,-,-,-,-,-,-,Sawai Mansingh Stadium
Avesh Khan,2023-2025,7,-,-,-,-,-,-,-,-,-,-,-,-,Sawai Mansingh Stadium
L Balaji,2011-2011,1,-,-,-,-,-,-,-,-,-,-,-,-,Sawai Mansingh Stadium
UA Birla,2013-2013,1,-,-,-,-,-,-,-,-,-,-,-,-,Sawai Mansingh Stadium
DE Bollinger,2011-2011,1,-,-,-,-,-,-,-,-,-,-,-,-,Sawai Mansingh Stadium
N Burger,2024-2024,3,-,-,-,-,-,-,-,-,-,-,-,-,Sawai Mansingh Stadium
DL Chahar,2019-2019,1,-,-,-,-,-,-,-,-,-,-,-,-,Sawai Mansingh Stadium
RD Chahar,2019-2019,1,-,-,-,-,-,-,-,-,-,-,-,-,Sawai Mansingh Stadium
A Chandila,2012-2013,8,-,-,-,-,-,-,-,-,-,-,-,-,Sawai Mansingh Stadium
B Chipli,2012-2012,1,-,-,-,-,-,-,-,-,-,-,-,-,Sawai Mansingh Stadium
SM Curran,2019-2019,1,-,-,-,-,-,-,-,-,-,-,-,-,Sawai Mansingh Stadium
TK Curran,2018-2018,1,-,-,-,-,-,-,-,-,-,-,-,-,Sawai Mansingh Stadium
MJ Dagar,2024-2024,1,-,-,-,-,-,-,-,-,-,-,-,-,Sawai Mansingh Stadium
TU Deshpande,2023-2025,3,-,-,-,-,-,-,-,-,-,-,-,-,Sawai Mansingh Stadium
ND Doshi,2011-2011,1,-,-,-,-,-,-,-,-,-,-,-,-,Sawai Mansingh Stadium
CRD Fernando,2008-2008,1,-,-,-,-,-,-,-,-,-,-,-,-,Sawai Mansingh Stadium
JEC Franklin,2012-2012,1,-,-,-,-,-,-,-,-,-,-,-,-,Sawai Mansingh Stadium
HF Gurney,2019-2019,1,-,-,-,-,-,-,-,-,-,-,-,-,Sawai Mansingh Stadium
PW Hasaranga,2025-2025,3,-,-,-,-,-,-,-,-,-,-,-,-,Sawai Mansingh Stadium
JR Hazlewood,2025-2025,1,-,-,-,-,-,-,-,-,-,-,-,-,Sawai Mansingh Stadium
BW Hilfenhaus,2012-2012,1,-,-,-,-,-,-,-,-,-,-,-,-,Sawai Mansingh Stadium
JO Holder,2013-2023,3,-,-,-,-,-,-,-,-,-,-,-,-,Sawai Mansingh Stadium
Imran Tahir,2019-2019,1,-,-,-,-,-,-,-,-,-,-,-,-,Sawai Mansingh Stadium
SB Jakati,2011-2011,1,-,-,-,-,-,-,-,-,-,-,-,-,Sawai Mansingh Stadium
SH Johnson,2024-2024,1,-,-,-,-,-,-,-,-,-,-,-,-,Sawai Mansingh Stadium
Kamran Khan,2010-2010,1,-,-,-,-,-,-,-,-,-,-,-,-,Sawai Mansingh Stadium
Karim Janat,2025-2025,1,-,-,-,-,-,-,-,-,-,-,-,-,Sawai Mansingh Stadium
K Kartikeya,2025-2025,1,-,-,-,-,-,-,-,-,-,-,-,-,Sawai Mansingh Stadium
AA Kazi,2011-2011,1,-,-,-,-,-,-,-,-,-,-,-,-,Sawai Mansingh Stadium
Kuldeep Yadav,2018-2024,3,-,-,-,-,-,-,-,-,-,-,-,-,Sawai Mansingh Stadium
CK Langeveldt,2011-2011,1,-,-,-,-,-,-,-,-,-,-,-,-,Sawai Mansingh Stadium
B Laughlin,2018-2018,3,-,-,-,-,-,-,-,-,-,-,-,-,Sawai Mansingh Stadium
JB Little,2023-2023,1,-,-,-,-,-,-,-,-,-,-,-,-,Sawai Mansingh Stadium
OC McCoy,2023-2023,1,-,-,-,-,-,-,-,-,-,-,-,-,Sawai Mansingh Stadium
GD McGrath,2008-2008,1,-,-,-,-,-,-,-,-,-,-,-,-,Sawai Mansingh Stadium
KA Maharaj,2024-2024,1,-,-,-,-,-,-,-,-,-,-,-,-,Sawai Mansingh Stadium
VS Malik,2013-2013,1,-,-,-,-,-,-,-,-,-,-,-,-,Sawai Mansingh Stadium
S Midhun,2019-2019,1,-,-,-,-,-,-,-,-,-,-,-,-,Sawai Mansingh Stadium
T Mishra,2012-2012,1,-,-,-,-,-,-,-,-,-,-,-,-,Sawai Mansingh Stadium
Mohsin Khan,2024-2024,1,-,-,-,-,-,-,-,-,-,-,-,-,Sawai Mansingh Stadium
M Morkel,2011-2013,3,-,-,-,-,-,-,-,-,-,-,-,-,Sawai Mansingh Stadium
Mujeeb Ur Rahman,2018-2019,2,-,-,-,-,-,-,-,-,-,-,-,-,Sawai Mansingh Stadium
Mukesh Kumar,2024-2024,1,-,-,-,-,-,-,-,-,-,-,-,-,Sawai Mansingh Stadium
Mustafizur Rahman,2018-2018,1,-,-,-,-,-,-,-,-,-,-,-,-,Sawai Mansingh Stadium
S Nadeem,2011-2018,3,-,-,-,-,-,-,-,-,-,-,-,-,Sawai Mansingh Stadium
T Natarajan,2023-2023,1,-,-,-,-,-,-,-,-,-,-,-,-,Sawai Mansingh Stadium
Naveen-ul-Haq,2023-2024,2,-,-,-,-,-,-,-,-,-,-,-,-,Sawai Mansingh Stadium
P Negi,2012-2013,2,-,-,-,-,-,-,-,-,-,-,-,-,Sawai Mansingh Stadium
A Nortje,2024-2024,1,-,-,-,-,-,-,-,-,-,-,-,-,Sawai Mansingh Stadium
Pankaj Singh,2008-2012,8,-,-,-,-,-,-,-,-,-,-,-,-,Sawai Mansingh Stadium
WD Parnell,2013-2023,2,-,-,-,-,-,-,-,-,-,-,-,-,Sawai Mansingh Stadium
HV Patel,2012-2023,2,-,-,-,-,-,-,-,-,-,-,-,-,Sawai Mansingh Stadium
MM Patel,2008-2011,7,-,-,-,-,-,-,-,-,-,-,-,-,Sawai Mansingh Stadium
M Pathirana,2023-2023,1,-,-,-,-,-,-,-,-,-,-,-,-,Sawai Mansingh Stadium
RM Patidar,2024-2025,2,-,-,-,-,-,-,-,-,-,-,-,-,Sawai Mansingh Stadium
RR Powar,2010-2010,1,-,-,-,-,-,-,-,-,-,-,-,-,Sawai Mansingh Stadium
R Powell,2024-2024,1,-,-,-,-,-,-,-,-,-,-,-,-,Sawai Mansingh Stadium
M Prasidh Krishna,2019-2025,2,-,-,-,-,-,-,-,-,-,-,-,-,Sawai Mansingh Stadium
Prince Yadav,2025-2025,1,-,-,-,-,-,-,-,-,-,-,-,-,Sawai Mansingh Stadium
K Rabada,2019-2019,1,-,-,-,-,-,-,-,-,-,-,-,-,Sawai Mansingh Stadium
AS Rajpoot,2019-2019,1,-,-,-,-,-,-,-,-,-,-,-,-,Sawai Mansingh Stadium
DS Rathi,2025-2025,1,-,-,-,-,-,-,-,-,-,-,-,-,Sawai Mansingh Stadium
Ravi Bishnoi,2023-2025,3,-,-,-,-,-,-,-,-,-,-,-,-,Sawai Mansingh Stadium
AD Russell,2018-2019,2,-,-,-,-,-,-,-,-,-,-,-,-,Sawai Mansingh Stadium
Sachin Baby,2013-2013,3,-,-,-,-,-,-,-,-,-,-,-,-,Sawai Mansingh Stadium
Shahbaz Ahmed,2023-2023,1,-,-,-,-,-,-,-,-,-,-,-,-,Sawai Mansingh Stadium
NA Saini,2019-2019,1,-,-,-,-,-,-,-,-,-,-,-,-,Sawai Mansingh Stadium
R Sai Kishore,2025-2025,1,-,-,-,-,-,-,-,-,-,-,-,-,Sawai Mansingh Stadium
D Salunkhe,2008-2008,1,-,-,-,-,-,-,-,-,-,-,-,-,Sawai Mansingh Stadium
PJ Sangwan,2008-2008,1,-,-,-,-,-,-,-,-,-,-,-,-,Sawai Mansingh Stadium
KR Sen,2024-2024,1,-,-,-,-,-,-,-,-,-,-,-,-,Sawai Mansingh Stadium
H Sharma,2024-2024,1,-,-,-,-,-,-,-,-,-,-,-,-,Sawai Mansingh Stadium
JM Sharma,2025-2025,1,-,-,-,-,-,-,-,-,-,-,-,-,Sawai Mansingh Stadium
MM Sharma,2013-2024,4,-,-,-,-,-,-,-,-,-,-,-,-,Sawai Mansingh Stadium
Shivam Mavi,2018-2018,1,-,-,-,-,-,-,-,-,-,-,-,-,Sawai Mansingh Stadium
R Shukla,2013-2013,1,-,-,-,-,-,-,-,-,-,-,-,-,Sawai Mansingh Stadium
IS Sodhi,2018-2018,4,-,-,-,-,-,-,-,-,-,-,-,-,Sawai Mansingh Stadium
Sumit Kumar,2024-2024,1,-,-,-,-,-,-,-,-,-,-,-,-,Sawai Mansingh Stadium
Suyash Sharma,2025-2025,1,-,-,-,-,-,-,-,-,-,-,-,-,Sawai Mansingh Stadium
SW Tait,2011-2013,6,-,-,-,-,-,-,-,-,-,-,-,-,Sawai Mansingh Stadium
PV Tambe,2013-2013,1,-,-,-,-,-,-,-,-,-,-,-,-,Sawai Mansingh Stadium
JE Taylor,2011-2011,1,-,-,-,-,-,-,-,-,-,-,-,-,Sawai Mansingh Stadium
SN Thakur,2018-2025,3,-,-,-,-,-,-,-,-,-,-,-,-,Sawai Mansingh Stadium
Yash Thakur,2024-2024,1,-,-,-,-,-,-,-,-,-,-,-,-,Sawai Mansingh Stadium
M Theekshana,2023-2025,4,-,-,-,-,-,-,-,-,-,-,-,-,Sawai Mansingh Stadium
J Theron,2010-2010,1,-,-,-,-,-,-,-,-,-,-,-,-,Sawai Mansingh Stadium
AC Thomas,2011-2011,1,-,-,-,-,-,-,-,-,-,-,-,-,Sawai Mansingh Stadium
O Thomas,2019-2019,1,-,-,-,-,-,-,-,-,-,-,-,-,Sawai Mansingh Stadium
N Thushara,2024-2024,1,-,-,-,-,-,-,-,-,-,-,-,-,Sawai Mansingh Stadium
RJW Topley,2024-2024,1,-,-,-,-,-,-,-,-,-,-,-,-,Sawai Mansingh Stadium
K Upadhyay,2013-2013,1,-,-,-,-,-,-,-,-,-,-,-,-,Sawai Mansingh Stadium
DL Vettori,2012-2012,1,-,-,-,-,-,-,-,-,-,-,-,-,Sawai Mansingh Stadium
DP Vijaykumar,2008-2008,1,-,-,-,-,-,-,-,-,-,-,-,-,Sawai Mansingh Stadium
Vivrant Sharma,2023-2023,1,-,-,-,-,-,-,-,-,-,-,-,-,Sawai Mansingh Stadium
DJ Willey,2018-2018,1,-,-,-,-,-,-,-,-,-,-,-,-,Sawai Mansingh Stadium
K Yadav,2023-2023,2,-,-,-,-,-,-,-,-,-,-,-,-,Sawai Mansingh Stadium
Yash Dayal,2024-2025,2,-,-,-,-,-,-,-,-,-,-,-,-,Sawai Mansingh Stadium
,,,,,,,,,,,,,,,
Rohit Sharma,2011-2025,85,84,13,2439,105*,34.35,1765,138.18,1,17,5,224,110,Wankhede Stadium
Suryakumar Yadav,2012-2025,37,37,6,1286,103*,41.48,776,165.72,2,10,5,147,57,Wankhede Stadium
Kiren  Pollard,2011-2022,60,57,15,1226,83,29.19,787,155.78,0,7,2,78,85,Wankhede Stadium
Ambati Rayudu,2011-2023,55,52,7,1008,78,22.4,784,128.57,0,6,7,91,43,Wankhede Stadium
Dinesh Karthik,2008-2024,32,31,8,855,86,37.17,602,142.02,0,3,1,92,30,Wankhede Stadium
Hardik Pandya,2015-2025,47,42,14,768,62*,27.42,511,150.29,0,2,1,67,41,Wankhede Stadium
Jos Buttler,2016-2024,24,24,2,759,116,34.5,526,144.29,1,3,1,74,41,Wankhede Stadium
Sachin Tendulkar,2008-2013,23,23,2,726,100*,34.57,604,120.19,1,3,1,94,10,Wankhede Stadium
Faf du Plessis,2012-2024,19,19,4,701,95*,46.73,523,134.03,0,6,2,66,25,Wankhede Stadium
Ishan Kishan,2017-2025,31,29,0,659,69,22.72,453,145.47,0,2,2,66,34,Wankhede Stadium
Virat Kohli,2008-2025,19,19,5,641,92*,45.78,464,138.14,0,6,1,52,25,Wankhede Stadium
KL Rahul,2015-2024,12,12,2,634,103*,63.4,429,147.78,2,5,2,52,31,Wankhede Stadium
S Dhawan,2008-2022,17,17,2,625,92,41.66,479,130.48,0,4,1,68,16,Wankhede Stadium
Suresh Raina,2008-2021,21,20,3,577,87,33.94,388,148.71,0,4,1,51,33,Wankhede Stadium
Sanju Samson,2013-2024,18,18,2,577,119,36.06,393,146.81,1,3,0,60,24,Wankhede Stadium
PA Patel,2008-2019,24,23,1,518,52,23.54,406,127.58,0,2,3,70,9,Wankhede Stadium
Ajinkya Rahane,2011-2025,17,14,1,435,66*,33.46,320,135.93,0,3,0,52,13,Wankhede Stadium
Nithish  Rana,2017-2023,16,16,1,417,57,27.8,336,124.1,0,3,1,33,19,Wankhede Stadium
MS Dhoni,2008-2025,29,24,8,416,50*,26,347,119.88,0,1,2,33,20,Wankhede Stadium
Krunal Pandya,2016-2025,29,25,8,408,42,24,292,139.72,0,0,0,42,13,Wankhede Stadium
LMP Simmons,2014-2017,13,13,1,398,68*,33.16,331,120.24,0,4,1,36,18,Wankhede Stadium
David Miller,2012-2025,16,16,3,395,62,30.38,301,131.22,0,2,1,31,16,Wankhede Stadium
Tilak Varma,2022-2025,19,17,5,394,56,32.83,306,128.75,0,1,0,38,12,Wankhede Stadium
Quinton de Kock,2018-2025,13,13,1,374,81,31.16,283,132.15,0,2,0,33,16,Wankhede Stadium
Rishabh Pant,2017-2025,13,13,2,374,78*,34,229,163.31,0,2,1,43,16,Wankhede Stadium
Glen Maxwell,2013-2024,13,12,1,365,68,33.18,209,174.64,0,2,1,36,22,Wankhede Stadium
Harbhajan Singh,2008-2018,49,33,16,362,64,21.29,239,151.46,0,1,3,38,17,Wankhede Stadium
RV Uthappa,2008-2022,15,15,1,359,54,25.64,316,113.6,0,1,0,33,13,Wankhede Stadium
WP Saha,2008-2023,12,10,3,352,93*,50.28,251,140.23,0,4,1,43,10,Wankhede Stadium
DR Smith,2008-2017,14,14,1,345,62,26.53,289,119.37,0,3,3,37,15,Wankhede Stadium
SR Watson,2008-2019,11,11,2,342,117*,38,230,148.69,1,2,1,29,22,Wankhede Stadium
Ravindra Jadeja,2008-2025,23,17,7,331,62*,33.1,228,145.17,0,2,0,22,16,Wankhede Stadium
Devdutt Padikkal,2021-2025,10,10,1,327,101*,36.33,224,145.98,1,1,1,33,15,Wankhede Stadium
Tim David,2022-2025,17,14,6,326,46,40.75,173,188.43,0,0,1,14,28,Wankhede Stadium
Ruturaj Gaikwad,2021-2024,11,11,1,316,69,31.6,266,118.79,0,3,1,28,12,Wankhede Stadium
AB de Villiers,2011-2021,11,9,1,307,133*,38.37,189,162.43,1,1,0,33,13,Wankhede Stadium
CH Gayle,2011-2021,10,10,1,301,82*,33.44,218,138.07,0,2,0,22,23,Wankhede Stadium
YK Pathan,2008-2018,10,10,3,280,52,40,217,129.03,0,1,0,27,10,Wankhede Stadium
Shivam Dube,2021-2025,12,12,1,275,66*,25,212,129.71,0,2,1,28,10,Wankhede Stadium
David Warner,2011-2024,10,10,0,274,66,27.4,176,155.68,0,2,0,33,13,Wankhede Stadium
SE Marsh,2008-2017,6,6,1,268,81,53.6,188,142.55,0,3,0,24,10,Wankhede Stadium
Manish Pandey,2012-2025,10,10,2,266,81*,33.25,199,133.66,0,2,1,21,11,Wankhede Stadium
Deepak Hooda,2015-2024,11,11,1,262,64,26.2,188,139.36,0,3,0,23,11,Wankhede Stadium
PP Shaw,2019-2024,10,10,0,261,72,26.1,177,147.45,0,2,1,30,11,Wankhede Stadium
Rahul Tripathi,2017-2022,9,9,0,260,76,28.88,179,145.25,0,2,1,23,11,Wankhede Stadium
E Lewis,2018-2022,9,9,0,241,65,26.77,173,139.3,0,2,1,22,16,Wankhede Stadium
MA Agarwal,2011-2024,12,11,0,240,83,21.81,176,136.36,0,2,2,27,8,Wankhede Stadium
Cameron Green,2023-2023,7,7,4,229,100*,76.33,133,172.18,1,1,0,19,13,Wankhede Stadium
Yashasvi Jaiswal,2021-2024,5,5,0,228,124,45.6,132,172.72,1,1,0,32,10,Wankhede Stadium
BB McCullum,2011-2017,7,7,0,222,81,31.71,160,138.75,0,2,0,23,9,Wankhede Stadium
ST Jayasuriya,2008-2008,4,4,2,211,114*,105.5,93,226.88,1,0,0,21,17,Wankhede Stadium
Moen Ali,2019-2022,7,7,0,204,50,29.14,138,147.82,0,1,1,15,14,Wankhede Stadium
Venkatesh Iyer,2022-2025,6,6,0,202,104,33.66,147,137.41,1,1,0,14,12,Wankhede Stadium
DJ Bravo,2008-2022,19,10,2,199,68,24.87,139,143.16,0,1,0,14,13,Wankhede Stadium
Andre Russell,2015-2025,13,11,2,199,70*,22.11,118,168.64,0,2,2,13,17,Wankhede Stadium
Syres Iyer,2015-2024,9,9,2,196,42,28,162,120.98,0,0,0,23,3,Wankhede Stadium
V Sehwag,2008-2015,6,6,0,196,122,32.66,123,159.34,1,0,0,20,10,Wankhede Stadium
Ryan Rickelton,2025-2025,5,5,1,192,62*,48,125,153.6,0,2,0,22,10,Wankhede Stadium
Rahul Tewatia,2017-2023,13,10,3,191,40*,27.28,132,144.69,0,0,0,16,9,Wankhede Stadium
Nicholas Pooran,2021-2025,9,9,0,176,75,19.55,106,166.03,0,1,2,11,15,Wankhede Stadium
JEC Franklin,2011-2012,10,9,2,174,79,24.85,169,102.95,0,1,0,12,4,Wankhede Stadium
G Gambhir,2008-2018,8,8,0,173,59,21.62,151,114.56,0,1,1,21,2,Wankhede Stadium
Abhishek Sharma,2019-2025,7,7,0,170,65,24.28,134,126.86,0,1,1,19,6,Wankhede Stadium
MK Tiwary,2008-2018,7,7,1,170,58,28.33,146,116.43,0,1,1,16,5,Wankhede Stadium
Simeron Hetmyer,2021-2024,8,7,6,168,59*,168,106,158.49,0,1,0,9,13,Wankhede Stadium
CJ Anderson,2014-2018,8,8,2,163,95*,27.16,101,161.38,0,1,2,14,11,Wankhede Stadium
Rajat Patidar,2022-2025,4,3,0,162,64,54,96,168.75,0,2,0,12,10,Wankhede Stadium
Yuvraj Singh,2008-2019,10,10,0,161,57,16.1,137,117.51,0,2,1,15,7,Wankhede Stadium
S Badrinath,2008-2013,6,5,2,159,71*,53,117,135.89,0,2,1,19,4,Wankhede Stadium
MEK Hussey,2011-2015,6,6,0,157,56,26.16,118,133.05,0,1,1,16,6,Wankhede Stadium
Romen Powell,2022-2022,5,5,1,147,43,36.75,87,168.96,0,0,1,5,14,Wankhede Stadium
KM Jadhav,2011-2023,8,7,3,146,58,36.5,130,112.3,0,1,0,13,4,Wankhede Stadium
Axar Patel,2014-2024,12,9,5,137,42*,34.25,92,148.91,0,0,0,6,8,Wankhede Stadium
Rashid Khan,2017-2023,10,6,4,137,79*,68.5,62,220.96,0,1,0,4,16,Wankhede Stadium
Mitchell Marsh,2013-2025,7,6,0,136,38,22.66,102,133.33,0,0,1,10,7,Wankhede Stadium
Riyan Parag,2021-2024,11,8,2,136,54*,22.66,95,143.15,0,1,0,11,9,Wankhede Stadium
Ayush Badoni,2022-2025,6,5,1,130,54,32.5,91,142.85,0,1,0,7,8,Wankhede Stadium
AJ Finch,2013-2022,6,6,1,128,67*,25.6,118,108.47,0,1,1,11,2,Wankhede Stadium
Travis Head,2016-2025,4,4,0,125,48,31.25,98,127.55,0,0,0,13,3,Wankhede Stadium
Marcus Stoinis,2018-2024,9,9,3,125,38*,20.83,89,140.44,0,0,3,14,6,Wankhede Stadium
Pat Cummins,2017-2025,5,5,4,123,66*,123,66,186.36,0,1,0,6,10,Wankhede Stadium
Aiden Markram,2022-2025,6,6,1,122,56,24.4,106,115.09,0,1,0,7,5,Wankhede Stadium
Jitesh Sharma,2022-2025,5,4,2,122,40*,61,51,239.21,0,0,0,9,11,Wankhede Stadium
Liam Livingstone,2019-2025,7,7,1,120,49*,20,75,160,0,0,1,5,11,Wankhede Stadium
JP Duminy,2011-2018,6,6,4,119,45*,59.5,93,127.95,0,0,0,7,7,Wankhede Stadium
Kane Williamson,2018-2022,7,7,1,116,47,19.33,94,123.4,0,0,1,16,2,Wankhede Stadium
Sam Curran,2019-2023,7,5,1,115,55,28.75,57,201.75,0,1,0,12,7,Wankhede Stadium
Rinku Singh,2019-2025,6,6,1,113,42*,22.6,85,132.94,0,0,0,14,2,Wankhede Stadium
Will Jacks,2024-2025,6,5,0,111,36,22.2,88,126.13,0,0,0,10,5,Wankhede Stadium
AP Tare,2013-2017,8,8,3,111,59,22.2,68,163.23,0,1,1,14,3,Wankhede Stadium
Naman Dhir,2024-2025,9,7,2,109,62*,21.8,69,157.97,0,1,3,9,8,Wankhede Stadium
LA Pomersbach,2008-2011,2,2,1,108,79*,108,68,158.82,0,1,0,12,5,Wankhede Stadium
JJ Roy,2017-2018,2,2,2,105,91*,-,60,175,0,1,0,7,7,Wankhede Stadium
Shakib Al Hasan,2011-2018,7,7,0,105,26,15,76,138.15,0,0,0,13,1,Wankhede Stadium
Murali Vijay,2011-2015,6,6,0,103,41,17.16,88,117.04,0,0,0,12,4,Wankhede Stadium
CH Morris,2013-2021,7,6,3,101,52*,33.66,76,132.89,0,1,1,5,6,Wankhede Stadium
SPD Smith,2012-2021,7,6,0,101,39,16.83,93,108.6,0,0,0,9,0,Wankhede Stadium
Ravichandra Ashwin,2011-2025,22,11,3,100,28,12.5,87,114.94,0,0,2,5,3,Wankhede Stadium
CA Lynn,2016-2019,4,4,1,100,41,33.33,76,131.57,0,0,0,9,5,Wankhede Stadium
PBB Rajapaksa,2022-2022,3,3,0,100,42,33.33,59,169.49,0,0,0,7,7,Wankhede Stadium
Lalit Yadav,2021-2024,7,7,1,98,37,16.33,95,103.15,0,0,0,9,3,Wankhede Stadium
AC Blizzard,2011-2011,3,3,0,89,51,29.66,60,148.33,0,1,0,15,2,Wankhede Stadium
Shahbaz Ahmed,2021-2024,6,3,1,87,45,43.5,59,147.45,0,0,0,7,4,Wankhede Stadium
Shahrukh Khan,2021-2023,6,6,3,87,47,29,60,145,0,0,1,9,4,Wankhede Stadium
JM Bairstow,2022-2022,3,3,0,85,56,28.33,58,146.55,0,1,0,14,1,Wankhede Stadium
DPMD Jayawardene,2008-2013,5,5,1,85,56,21.25,74,114.86,0,1,0,11,0,Wankhede Stadium
R Dravid,2008-2013,4,4,1,82,43*,27.33,75,109.33,0,0,0,11,0,Wankhede Stadium
Shardul Thakur,2017-2024,17,9,3,81,17,13.5,59,137.28,0,0,0,5,4,Wankhede Stadium
Karun Nair,2014-2022,6,5,0,80,50,16,67,119.4,0,1,0,9,2,Wankhede Stadium
Nehal Wadhera,2023-2024,7,6,1,80,52*,16,60,133.33,0,1,1,7,4,Wankhede Stadium
BJ Hodge,2011-2014,3,3,2,79,39,79,50,158,0,0,0,11,1,Wankhede Stadium
Kagiso Rabada,2017-2022,8,3,1,78,44,39,59,132.2,0,0,0,9,2,Wankhede Stadium
Tristan Stubbs,2022-2024,4,4,1,78,71*,26,39,200,0,1,1,3,7,Wankhede Stadium
GJ Bailey,2014-2015,3,3,1,77,61*,38.5,48,160.41,0,1,0,6,3,Wankhede Stadium
M Vohra,2013-2021,7,6,0,77,34,12.83,72,106.94,0,0,0,6,4,Wankhede Stadium
OA Shah,2012-2012,1,1,0,76,76,76,42,180.95,0,1,0,5,5,Wankhede Stadium
KP Pietersen,2012-2016,3,3,1,74,44,37,53,139.62,0,0,0,7,3,Wankhede Stadium
Shubman Gill,2018-2023,9,9,0,74,22,8.22,98,75.51,0,0,2,6,1,Wankhede Stadium
Mandeep Singh,2012-2019,6,5,1,73,24,18.25,59,123.72,0,0,0,10,0,Wankhede Stadium
CM Gautam,2014-2014,3,3,0,72,33,24,65,110.76,0,0,0,6,5,Wankhede Stadium
RN ten Doeschate,2011-2011,1,1,1,70,70*,-,49,142.85,0,1,0,6,3,Wankhede Stadium
Vivrant Sharma,2023-2023,1,1,0,69,69,69,47,146.8,0,1,0,9,2,Wankhede Stadium
AM Nayar,2008-2014,7,4,0,67,27,16.75,48,139.58,0,0,0,4,3,Wankhede Stadium
Romario Shepherd,2022-2024,5,4,3,67,39*,67,28,239.28,0,0,0,5,6,Wankhede Stadium
MS Wade,2022-2022,3,3,0,66,30,22,57,115.78,0,0,0,8,1,Wankhede Stadium
TM Dilshan,2008-2013,3,3,0,65,33,21.66,65,100,0,0,0,10,1,Wankhede Stadium
CR Brathwaite,2018-2018,2,2,1,64,43*,64,40,160,0,0,0,1,7,Wankhede Stadium
Dewald Brevis,2022-2024,4,4,0,63,37,15.75,59,106.77,0,0,1,2,5,Wankhede Stadium
A Symonds,2011-2011,7,5,4,63,31*,63,70,90,0,0,0,3,2,Wankhede Stadium
DJ Hussey,2008-2014,5,5,0,59,34,11.8,52,113.46,0,0,0,7,1,Wankhede Stadium
JR Hopes,2008-2011,3,3,0,57,55,19,50,114,0,1,1,10,0,Wankhede Stadium
Henrich Klaasen,2023-2025,3,3,0,57,37,19,45,126.66,0,0,0,5,2,Wankhede Stadium
GH Vihari,2013-2015,2,2,0,57,41,28.5,47,121.27,0,0,0,7,0,Wankhede Stadium
JH Kallis,2008-2013,4,4,0,56,25,14,58,96.55,0,0,1,3,2,Wankhede Stadium
TL Suman,2011-2013,7,6,1,54,23,10.8,51,105.88,0,0,0,6,3,Wankhede Stadium
Washington Sundar,2017-2022,8,6,1,53,25,10.6,51,103.92,0,0,0,5,1,Wankhede Stadium
MJ Guptill,2017-2019,2,2,0,51,36,25.5,29,175.86,0,0,0,6,2,Wankhede Stadium
Ramandeep Singh,2022-2025,5,4,2,51,22,25.5,28,182.14,0,0,0,4,3,Wankhede Stadium
J Suchith,2015-2022,10,7,4,50,34*,16.66,39,128.2,0,0,1,4,2,Wankhede Stadium
SW Billings,2022-2022,2,2,1,49,25,49,45,108.88,0,0,0,2,2,Wankhede Stadium
MC Juneja,2013-2013,1,1,0,49,49,49,40,122.5,0,0,0,6,0,Wankhede Stadium
MJ McClenaghan,2015-2019,26,11,7,49,12*,12.25,36,136.11,0,0,2,3,4,Wankhede Stadium
Mohammad Nabi,2018-2024,5,3,1,49,31,24.5,37,132.43,0,0,0,4,2,Wankhede Stadium
CA Ingram,2011-2019,2,2,0,48,47,24,34,141.17,0,0,0,7,1,Wankhede Stadium
STR Binny,2013-2018,4,3,2,47,37*,47,37,127.02,0,0,0,4,1,Wankhede Stadium
PK Garg,2022-2022,2,2,0,46,42,23,33,139.39,0,0,0,4,2,Wankhede Stadium
Vijay Shankar,2017-2025,6,4,0,46,29,11.5,39,117.94,0,0,0,6,0,Wankhede Stadium
IK Pathan,2008-2013,5,4,1,45,23,15,47,95.74,0,0,0,4,1,Wankhede Stadium
Karn Sharma,2013-2025,9,5,1,45,19,11.25,36,125,0,0,0,4,2,Wankhede Stadium
SN Khan,2015-2022,6,4,0,44,28,11,34,129.41,0,0,0,3,3,Wankhede Stadium
PP Chawla,2008-2024,19,8,4,43,12,10.75,55,78.18,0,0,1,2,1,Wankhede Stadium
SS Tiwary,2011-2015,4,3,2,43,21,43,36,119.44,0,0,0,3,1,Wankhede Stadium
CL White,2012-2013,2,2,1,43,43*,43,24,179.16,0,0,1,3,3,Wankhede Stadium
JP Faulkner,2013-2016,3,3,0,42,23,14,33,127.27,0,0,0,3,3,Wankhede Stadium
Abishek Porel,2024-2024,1,1,0,41,41,41,31,132.25,0,0,0,5,0,Wankhede Stadium
Harpreet Singh,2023-2023,1,1,0,41,41,41,28,146.42,0,0,0,4,2,Wankhede Stadium
SA Asnodkar,2008-2008,1,1,0,39,39,39,21,185.71,0,0,0,6,1,Wankhede Stadium
MV Boucher,2008-2008,1,1,1,39,39*,-,19,205.26,0,0,0,4,2,Wankhede Stadium
N Jagadeesan,2022-2023,2,2,1,39,39*,39,38,102.63,0,0,1,3,1,Wankhede Stadium
JA Morkel,2008-2012,5,4,1,39,28*,13,21,185.71,0,0,0,2,3,Wankhede Stadium
Nitish Kumar Reddy,2023-2025,3,2,0,39,20,19.5,36,108.33,0,0,0,3,0,Wankhede Stadium
Ankrish Raghuvanshi,2024-2025,2,2,0,39,26,19.5,22,177.27,0,0,0,3,3,Wankhede Stadium
Sunil Narine,2012-2025,16,11,3,38,9*,4.75,41,92.68,0,0,2,5,1,Wankhede Stadium
P Negi,2015-2019,3,3,0,38,35,12.66,28,135.71,0,0,1,1,3,Wankhede Stadium
LRPL Taylor,2008-2013,4,3,1,38,23,19,27,140.74,0,0,0,3,2,Wankhede Stadium
R Vinay Kumar,2008-2016,12,5,3,38,26*,19,33,115.15,0,0,1,4,1,Wankhede Stadium
BCJ Cutting,2017-2019,5,4,1,37,20,12.33,28,132.14,0,0,0,4,1,Wankhede Stadium
Y Venugopal Rao,2011-2011,1,1,0,37,37,37,27,137.03,0,0,0,4,1,Wankhede Stadium
HR Shokeen,2022-2023,6,3,2,36,18*,36,36,100,0,0,0,5,0,Wankhede Stadium
Jaydev Unadkat,2013-2022,11,3,1,36,24,18,25,144,0,0,0,2,2,Wankhede Stadium
CR Woakes,2017-2021,5,3,1,35,15*,17.5,30,116.66,0,0,0,2,1,Wankhede Stadium
Bhuvaneshwar Kumar,2012-2025,14,7,3,34,8,8.5,43,79.06,0,0,0,2,0,Wankhede Stadium
S Gopal,2014-2024,9,4,2,33,13*,16.5,37,89.18,0,0,0,3,1,Wankhede Stadium
M Morkel,2011-2015,4,2,1,33,23*,33,18,183.33,0,0,0,4,0,Wankhede Stadium
Shashank Singh,2022-2022,2,2,1,33,25*,33,15,220,0,0,0,1,4,Wankhede Stadium
PC Valthaty,2011-2011,1,1,0,33,33,33,38,86.84,0,0,0,1,2,Wankhede Stadium
Anuj Rawat,2022-2023,3,3,0,32,26,10.66,30,106.66,0,0,1,5,0,Wankhede Stadium
DT Christian,2011-2021,6,4,1,32,18,10.66,38,84.21,0,0,0,2,0,Wankhede Stadium
MG Johnson,2013-2018,14,8,7,32,10*,32,30,106.66,0,0,0,1,2,Wankhede Stadium
Ayush Mhatre,2025-2025,1,1,0,32,32,32,15,213.33,0,0,0,4,2,Wankhede Stadium
NV Ojha,2011-2017,4,4,0,32,13,8,40,80,0,0,0,2,0,Wankhede Stadium
Jasprit Bumrah,2014-2025,46,8,8,31,16*,-,35,88.57,0,0,0,2,1,Wankhede Stadium
AD Mathews,2013-2015,2,2,0,31,19,15.5,28,110.71,0,0,0,0,2,Wankhede Stadium
TG Southee,2015-2022,7,3,0,31,25,10.33,17,182.35,0,0,1,1,2,Wankhede Stadium
RE Levi,2012-2012,4,4,0,30,29,7.5,29,103.44,0,0,2,4,1,Wankhede Stadium
N Saini,2012-2012,1,1,0,30,30,30,25,120,0,0,0,5,0,Wankhede Stadium
KC Sangakkara,2008-2011,2,2,0,30,27,15,32,93.75,0,0,0,1,1,Wankhede Stadium
Vishnu Vinod,2023-2023,1,1,0,30,30,30,20,150,0,0,0,2,2,Wankhede Stadium
A Taide,2023-2023,1,1,0,29,29,29,17,170.58,0,0,0,3,1,Wankhede Stadium
SM Pollock,2008-2008,4,2,0,28,28,14,13,215.38,0,0,1,3,2,Wankhede Stadium
RR Powar,2008-2011,2,1,1,28,28*,-,21,133.33,0,0,0,4,1,Wankhede Stadium
Kuldeep Yadav,2017-2022,7,4,4,27,16*,-,19,142.1,0,0,0,3,1,Wankhede Stadium
SP Fleming,2008-2008,1,1,0,26,26,26,29,89.65,0,0,0,4,0,Wankhede Stadium
P Kumar,2008-2017,8,4,1,26,24,8.66,22,118.18,0,0,2,1,2,Wankhede Stadium
Prabhsimran Singh,2023-2023,1,1,0,26,26,26,17,152.94,0,0,0,1,2,Wankhede Stadium
Rachin Ravindra,2024-2025,2,2,0,26,21,13,25,104,0,0,0,2,1,Wankhede Stadium
DB Das,2012-2013,2,2,0,25,23,12.5,20,125,0,0,0,2,2,Wankhede Stadium
Marco Jansen,2022-2024,2,2,1,25,17,25,17,147.05,0,0,0,1,2,Wankhede Stadium
M Kartik,2011-2012,2,2,1,25,14*,25,22,113.63,0,0,0,2,1,Wankhede Stadium
WA Mota,2008-2008,1,1,0,25,25,25,26,96.15,0,0,0,2,0,Wankhede Stadium
GC Smith,2008-2008,1,1,0,25,25,25,21,119.04,0,0,0,5,0,Wankhede Stadium
RR Rossouw,2014-2014,1,1,0,24,24,24,14,171.42,0,0,0,1,2,Wankhede Stadium
PR Shah,2008-2011,3,2,0,24,19,12,28,85.71,0,0,0,2,0,Wankhede Stadium
RS Bopara,2015-2015,1,1,0,23,23,23,27,85.18,0,0,0,1,0,Wankhede Stadium
R Rampaul,2013-2013,1,1,1,23,23*,-,18,127.77,0,0,0,3,0,Wankhede Stadium
R Sharma,2011-2013,3,3,1,23,13,11.5,21,109.52,0,0,1,2,1,Wankhede Stadium
AB Agarkar,2008-2012,3,2,1,22,15,22,20,110,0,0,0,3,0,Wankhede Stadium
DJ Jacobs,2011-2012,3,3,0,22,12,7.33,41,53.65,0,0,1,3,0,Wankhede Stadium
AS Joseph,2019-2023,5,2,2,22,15*,-,25,88,0,0,0,3,0,Wankhede Stadium
S Vidyut,2008-2008,2,2,0,22,16,11,18,122.22,0,0,0,4,0,Wankhede Stadium
KK Cooper,2012-2014,3,3,2,21,14,21,10,210,0,0,0,0,3,Wankhede Stadium
TK Curran,2021-2021,2,1,0,21,21,21,16,131.25,0,0,0,2,0,Wankhede Stadium
B Indrajith,2022-2022,2,2,0,21,15,10.5,24,87.5,0,0,0,2,0,Wankhede Stadium
SL Malinga,2011-2019,43,7,2,21,8,4.2,14,150,0,0,2,1,2,Wankhede Stadium
A Mishra,2008-2021,7,3,1,21,18*,10.5,17,123.52,0,0,0,4,0,Wankhede Stadium
C Bosch,2025-2025,1,1,0,20,20,20,10,200,0,0,0,2,1,Wankhede Stadium
BR Dunk,2014-2014,2,2,0,20,15,10,18,111.11,0,0,0,3,0,Wankhede Stadium
AL Menaria,2011-2012,2,1,0,20,20,20,15,133.33,0,0,0,2,1,Wankhede Stadium
Mohammed Siraj,2018-2024,9,3,3,20,12*,-,17,117.64,0,0,0,0,2,Wankhede Stadium
WD Parnell,2011-2014,3,2,0,20,11,10,22,90.9,0,0,0,3,0,Wankhede Stadium
S Sohal,2011-2011,1,1,0,20,20,20,22,90.9,0,0,0,0,2,Wankhede Stadium
Azhar Mahmood,2012-2013,2,2,0,19,10,9.5,20,95,0,0,0,1,1,Wankhede Stadium
Harpreet Brar,2022-2023,3,2,0,19,14,9.5,20,95,0,0,0,2,1,Wankhede Stadium
JO Holder,2022-2023,4,3,1,19,11,9.5,25,76,0,0,0,2,1,Wankhede Stadium
CA Pujara,2014-2014,1,1,0,19,19,19,18,105.55,0,0,0,4,0,Wankhede Stadium
SK Rasheed,2025-2025,1,1,0,19,19,19,20,95,0,0,0,1,0,Wankhede Stadium
DR Sams,2022-2022,4,4,1,19,15,6.33,25,76,0,0,0,0,1,Wankhede Stadium
R Bhatia,2011-2016,4,3,0,18,12,6,15,120,0,0,0,2,0,Wankhede Stadium
Deepak Chahar,2018-2025,15,6,2,18,10,4.5,16,112.5,0,0,2,1,1,Wankhede Stadium
UBT Chand,2013-2015,3,3,0,18,13,6,19,94.73,0,0,1,2,0,Wankhede Stadium
SC Ganguly,2008-2012,2,2,0,18,15,9,26,69.23,0,0,0,2,0,Wankhede Stadium
Mitchell Santner,2022-2025,8,4,2,18,9,9,21,85.71,0,0,0,1,1,Wankhede Stadium
Aniket Verma,2025-2025,1,1,1,18,18*,-,8,225,0,0,0,0,2,Wankhede Stadium
MS Bisla,2013-2013,1,1,0,17,17,17,19,89.47,0,0,0,3,0,Wankhede Stadium
SP Goswami,2011-2018,4,4,0,17,12,4.25,18,94.44,0,0,2,2,0,Wankhede Stadium
A Manohar,2022-2023,3,3,1,17,15*,8.5,11,154.54,0,0,1,3,0,Wankhede Stadium
Daryl Mitchell,2024-2024,1,1,0,17,17,17,14,121.42,0,0,0,1,0,Wankhede Stadium
JA Richardson,2021-2024,4,3,0,17,15,5.66,26,65.38,0,0,1,2,0,Wankhede Stadium
Ben Stokes,2017-2021,3,3,1,17,17,8.5,15,113.33,0,0,1,2,0,Wankhede Stadium
S Chanderpaul,2008-2008,1,1,0,16,16,16,11,145.45,0,0,0,3,0,Wankhede Stadium
KA Jamieson,2021-2021,2,1,0,16,16,16,13,123.07,0,0,0,1,1,Wankhede Stadium
SD Chitnis,2008-2012,2,1,0,15,15,15,6,250,0,0,0,1,1,Wankhede Stadium
SD Lad,2019-2019,1,1,0,15,15,15,13,115.38,0,0,0,1,1,Wankhede Stadium
Harshal Patel,2012-2025,12,4,2,15,9*,7.5,14,107.14,0,0,1,0,2,Wankhede Stadium
AD Nath,2016-2019,2,2,0,14,12,7,14,100,0,0,0,1,0,Wankhede Stadium
PVD Chameera,2022-2022,4,2,1,14,13,14,8,175,0,0,0,2,0,Wankhede Stadium
RT Ponting,2013-2013,2,2,0,14,14,7,23,60.86,0,0,1,2,0,Wankhede Stadium
HH Gibbs,2012-2012,1,1,0,13,13,13,24,54.16,0,0,0,1,0,Wankhede Stadium
Ravi Bishnoi,2022-2025,6,1,0,13,13,13,14,92.85,0,0,0,0,2,Wankhede Stadium
Salman Butt,2008-2008,1,1,0,13,13,13,13,100,0,0,0,1,1,Wankhede Stadium
KB Arun Karthik,2013-2013,1,1,0,12,12,12,8,150,0,0,0,0,1,Wankhede Stadium
G Coetzee,2024-2024,5,2,0,12,8,6,16,75,0,0,0,0,1,Wankhede Stadium
CJ Ferguson,2012-2012,1,1,0,12,12,12,13,92.3,0,0,0,1,0,Wankhede Stadium
PW Hasaranga,2022-2023,5,1,1,12,12*,-,8,150,0,0,0,2,0,Wankhede Stadium
M Kaif,2008-2011,2,1,0,12,12,12,11,109.09,0,0,0,0,1,Wankhede Stadium
M Markande,2018-2022,9,3,2,12,7*,12,10,120,0,0,0,1,0,Wankhede Stadium
MD Mishra,2011-2011,1,1,0,12,12,12,10,120,0,0,0,2,0,Wankhede Stadium
EJG Morgan,2013-2021,3,3,0,12,7,4,17,70.58,0,0,1,1,0,Wankhede Stadium
JD Ryder,2011-2011,1,1,0,12,12,12,15,80,0,0,0,2,0,Wankhede Stadium
Sanvir Singh,2023-2024,2,2,2,12,8*,-,10,120,0,0,0,1,0,Wankhede Stadium
RA Bawa,2022-2022,1,1,0,11,11,11,13,84.61,0,0,0,1,0,Wankhede Stadium
B Chipli,2011-2012,2,2,0,11,10,5.5,14,78.57,0,0,0,1,0,Wankhede Stadium
R Dhawan,2013-2022,6,2,1,11,6,11,8,137.5,0,0,0,2,0,Wankhede Stadium
MW Short,2023-2023,1,1,0,11,11,11,10,110,0,0,0,2,0,Wankhede Stadium
Umesh Yadav,2012-2023,11,5,4,11,5*,11,10,110,0,0,0,2,0,Wankhede Stadium
A Ashish Reddy,2012-2012,1,1,0,10,10,10,10,100,0,0,0,0,1,Wankhede Stadium
DH Yagnik,2013-2013,1,1,0,10,10,10,14,71.42,0,0,0,1,0,Wankhede Stadium
S Anirudha,2011-2011,1,1,0,9,9,9,9,100,0,0,0,0,1,Wankhede Stadium
SD Chauhan,2024-2024,1,1,0,9,9,9,8,112.5,0,0,0,1,0,Wankhede Stadium
Mohammed Shami,2018-2025,11,1,1,9,9*,-,12,75,0,0,0,0,0,Wankhede Stadium
Phil Salt,2024-2025,2,2,0,9,5,4.5,5,180,0,0,0,2,0,Wankhede Stadium
OF Smith,2022-2022,1,1,1,9,9*,-,12,75,0,0,0,0,1,Wankhede Stadium
J Syed Mohammad,2012-2013,2,1,0,9,9,9,11,81.81,0,0,0,1,0,Wankhede Stadium
Yuzvendra Chahal,2014-2024,14,1,1,8,8*,-,21,38.09,0,0,0,0,0,Wankhede Stadium
Dewon Conway,2022-2023,4,4,0,8,5,2,22,36.36,0,0,2,0,0,Wankhede Stadium
Shubam Dubey,2024-2024,1,1,1,8,8*,-,6,133.33,0,0,0,1,0,Wankhede Stadium
CJ McKay,2012-2012,1,1,0,8,8,8,15,53.33,0,0,0,0,0,Wankhede Stadium
Rahmanullah Gurbaz,2023-2023,1,1,0,8,8,8,12,66.66,0,0,0,0,0,Wankhede Stadium
L Ronchi,2008-2008,1,1,0,8,8,8,10,80,0,0,0,2,0,Wankhede Stadium
Varun Aaron,2014-2022,3,1,1,7,7*,-,8,87.5,0,0,0,1,0,Wankhede Stadium
Avesh Khan,2021-2025,7,2,1,7,7*,7,3,233.33,0,0,1,0,1,Wankhede Stadium
M Ashwin,2016-2021,3,1,0,6,6,6,14,42.85,0,0,0,0,0,Wankhede Stadium
Iqbal Abdulla,2011-2016,4,1,1,6,6*,-,11,54.54,0,0,0,0,0,Wankhede Stadium
DS Kulkarni,2008-2019,15,2,2,6,6*,-,3,200,0,0,0,1,0,Wankhede Stadium
MF Maharoof,2008-2008,1,1,0,6,6,6,6,100,0,0,0,1,0,Wankhede Stadium
NLTC Perera,2011-2013,3,2,2,6,4*,-,10,60,0,0,0,0,0,Wankhede Stadium
SS Prabhudessai,2022-2022,1,1,0,6,6,6,5,120,0,0,0,1,0,Wankhede Stadium
SK Trivedi,2008-2012,3,2,2,6,5*,-,8,75,0,0,0,0,0,Wankhede Stadium
Abdul Samad,2024-2025,2,2,0,5,3,2.5,8,62.5,0,0,0,0,0,Wankhede Stadium
Mohammad Hafeez,2008-2008,1,1,0,5,5,5,11,45.45,0,0,0,1,0,Wankhede Stadium
PP Ojha,2011-2014,16,3,1,5,3,2.5,15,33.33,0,0,0,0,0,Wankhede Stadium
Rasikh Salam,2019-2019,1,1,1,5,5*,-,4,125,0,0,0,0,0,Wankhede Stadium
Sha Rutherford,2022-2022,1,1,0,5,5,5,10,50,0,0,0,0,0,Wankhede Stadium
Shivam Mavi,2021-2022,4,1,0,5,5,5,7,71.42,0,0,0,1,0,Wankhede Stadium
Sohail Tanvir,2008-2008,1,1,0,5,5,5,5,100,0,0,0,1,0,Wankhede Stadium
Mitchell Starc,2014-2024,3,2,0,5,5,2.5,6,83.33,0,0,1,1,0,Wankhede Stadium
AA Chavan,2011-2013,3,1,0,4,4,4,2,200,0,0,0,1,0,Wankhede Stadium
A Dananjaya,2018-2018,1,1,1,4,4*,-,5,80,0,0,0,0,0,Wankhede Stadium
Harshit Rana,2022-2025,2,2,1,4,4,4,9,44.44,0,0,0,0,0,Wankhede Stadium
B Laughlin,2013-2013,1,1,1,4,4*,-,8,50,0,0,0,0,0,Wankhede Stadium
GD McGrath,2008-2008,1,1,1,4,4*,-,3,133.33,0,0,0,1,0,Wankhede Stadium
A Madhwal,2023-2024,7,1,1,4,4*,-,5,80,0,0,0,0,0,Wankhede Stadium
PN Mankad,2022-2022,1,1,1,4,4*,-,1,400,0,0,0,1,0,Wankhede Stadium
Mukesh Choudhary,2022-2022,3,1,0,4,4,4,4,100,0,0,0,1,0,Wankhede Stadium
Jamie Overton,2025-2025,1,1,1,4,4*,-,3,133.33,0,0,0,1,0,Wankhede Stadium
Prince Yadav,2025-2025,1,1,1,4,4*,-,9,44.44,0,0,0,0,0,Wankhede Stadium
MN Samuels,2012-2012,1,1,0,4,4,4,4,100,0,0,0,0,0,Wankhede Stadium
I Sharma,2008-2024,7,1,0,4,4,4,5,80,0,0,0,1,0,Wankhede Stadium
Mohit Sharma,2013-2023,9,4,3,4,3*,4,11,36.36,0,0,1,0,0,Wankhede Stadium
DJM Short,2018-2018,1,1,0,4,4,4,5,80,0,0,0,1,0,Wankhede Stadium
RP Singh,2011-2016,9,3,1,4,3,2,10,40,0,0,1,0,0,Wankhede Stadium
HE van der Dussen,2022-2022,1,1,0,4,4,4,4,100,0,0,0,1,0,Wankhede Stadium
B Akhil,2008-2008,1,1,1,3,3*,-,5,60,0,0,0,0,0,Wankhede Stadium
Basil Thampi,2017-2019,3,1,0,3,3,3,6,50,0,0,0,0,0,Wankhede Stadium
Trent Boult,2015-2025,16,3,3,3,2*,-,2,150,0,0,0,0,0,Wankhede Stadium
NM Coulter-Nile,2015-2015,1,1,1,3,3*,-,2,150,0,0,0,0,0,Wankhede Stadium
AB Dinda,2008-2014,4,2,2,3,2*,-,5,60,0,0,0,0,0,Wankhede Stadium
SP Jackson,2022-2022,1,1,1,3,3*,-,3,100,0,0,0,0,0,Wankhede Stadium
VY Mahesh,2008-2008,1,1,0,3,3,3,10,30,0,0,0,0,0,Wankhede Stadium
Mohammad Asif,2008-2008,1,1,0,3,3,3,5,60,0,0,0,0,0,Wankhede Stadium
KMA Paul,2019-2019,1,1,0,3,3,3,5,60,0,0,0,0,0,Wankhede Stadium
DW Steyn,2012-2015,3,2,0,3,3,1.5,6,50,0,0,1,0,0,Wankhede Stadium
Akash Deep,2022-2024,2,1,1,2,2*,-,2,100,0,0,0,0,0,Wankhede Stadium
Arshad Khan,2023-2024,3,2,0,2,2,1,5,40,0,0,1,0,0,Wankhede Stadium
J Botha,2011-2012,2,1,0,2,2,2,3,66.66,0,0,0,0,0,Wankhede Stadium
Fazalhaq Farooqi,2022-2022,3,1,1,2,2*,-,8,25,0,0,0,0,0,Wankhede Stadium
CRD Fernando,2008-2008,1,1,1,2,2*,-,1,200,0,0,0,0,0,Wankhede Stadium
Gurkeerat Singh,2013-2013,1,1,0,2,2,2,4,50,0,0,0,0,0,Wankhede Stadium
GB Hogg,2012-2012,1,1,0,2,2,2,5,40,0,0,0,0,0,Wankhede Stadium
Imran Tahir,2014-2021,6,1,1,2,2*,-,2,100,0,0,0,0,0,Wankhede Stadium
IR Jaggi,2012-2012,1,1,0,2,2,2,7,28.57,0,0,0,0,0,Wankhede Stadium
Druv Jurel,2023-2024,2,1,0,2,2,2,3,66.66,0,0,0,0,0,Wankhede Stadium
S Randiv,2011-2011,1,1,0,2,2,2,4,50,0,0,0,0,0,Wankhede Stadium
S Kaul,2014-2022,5,1,0,2,2,2,9,22.22,0,0,0,0,0,Wankhede Stadium
B Lee,2011-2011,1,1,1,2,2*,-,3,66.66,0,0,0,0,0,Wankhede Stadium
S Nadeem,2011-2018,5,2,0,2,2,1,4,50,0,0,1,0,0,Wankhede Stadium
TD Paine,2011-2011,1,1,0,2,2,2,9,22.22,0,0,0,0,0,Wankhede Stadium
MM Patel,2008-2017,17,4,4,2,1*,-,7,28.57,0,0,0,0,0,Wankhede Stadium
M Rawat,2008-2008,1,1,0,2,2,2,4,50,0,0,0,0,0,Wankhede Stadium
NA Saini,2019-2022,3,1,0,2,2,2,4,50,0,0,0,0,0,Wankhede Stadium
Shoaib Akhtar,2008-2008,1,1,0,2,2,2,7,28.57,0,0,0,0,0,Wankhede Stadium
Simarjeet Singh,2022-2022,2,1,0,2,2,2,3,66.66,0,0,0,0,0,Wankhede Stadium
SB Wagh,2011-2011,1,1,0,2,2,2,2,100,0,0,0,0,0,Wankhede Stadium
VS Yeligati,2008-2008,1,1,0,2,2,2,2,100,0,0,0,0,0,Wankhede Stadium
Jofra Archer,2018-2023,4,1,1,1,1*,-,2,50,0,0,0,0,0,Wankhede Stadium
Bipul Sharma,2011-2011,1,1,0,1,1,1,2,50,0,0,0,0,0,Wankhede Stadium
RD Chahar,2019-2025,11,2,1,1,1*,1,3,33.33,0,0,1,0,0,Wankhede Stadium
A Chopra,2008-2008,1,1,0,1,1,1,4,25,0,0,0,0,0,Wankhede Stadium
M de Lange,2014-2014,1,1,0,1,1,1,2,50,0,0,0,0,0,Wankhede Stadium
RJ Harris,2011-2011,1,1,0,1,1,1,2,50,0,0,0,0,0,Wankhede Stadium
SH Johnson,2025-2025,1,1,1,1,1*,-,3,33.33,0,0,0,0,0,Wankhede Stadium
MK Lomror,2022-2024,4,2,0,1,1,0.5,4,25,0,0,1,0,0,Wankhede Stadium
R McLaren,2013-2013,1,1,0,1,1,1,3,33.33,0,0,0,0,0,Wankhede Stadium
M Manhas,2011-2014,2,2,0,1,1,0.5,2,50,0,0,1,0,0,Wankhede Stadium
Mustafizur Rahman,2017-2024,15,3,2,1,1,1,7,14.28,0,0,0,0,0,Wankhede Stadium
A Nehra,2008-2017,9,4,1,1,1,0.33,7,14.28,0,0,2,0,0,Wankhede Stadium
Noor Ahmad,2023-2025,2,1,0,1,1,1,3,33.33,0,0,0,0,0,Wankhede Stadium
RJ Peterson,2012-2012,2,2,1,1,1*,1,7,14.28,0,0,1,0,0,Wankhede Stadium
GD Phillips,2023-2023,1,1,0,1,1,1,4,25,0,0,0,0,0,Wankhede Stadium
D Pretorius,2022-2023,2,1,1,1,1*,-,1,100,0,0,0,0,0,Wankhede Stadium
Digvesh Rathi,2025-2025,1,1,0,1,1,1,3,33.33,0,0,0,0,0,Wankhede Stadium
KW Richardson,2016-2021,2,1,1,1,1*,-,1,100,0,0,0,0,0,Wankhede Stadium
J Theron,2015-2015,1,1,1,1,1*,-,1,100,0,0,0,0,0,Wankhede Stadium
DJ Thornely,2008-2008,3,2,2,1,1*,-,11,9.09,0,0,0,0,0,Wankhede Stadium
MA Wood,2018-2018,1,1,0,1,1,1,3,33.33,0,0,0,0,0,Wankhede Stadium
S Aravind,2011-2017,3,1,0,0,0,0,0,-,0,0,1,0,0,Wankhede Stadium
Vaibhav Arora,2024-2024,1,1,1,0,0*,-,0,-,0,0,0,0,0,Wankhede Stadium
Arshdeep Singh,2021-2023,8,1,0,0,0,0,1,0,0,0,1,0,0,Wankhede Stadium
P Awana,2012-2014,3,1,1,0,0*,-,2,0,0,0,0,0,0,Wankhede Stadium
L Balaji,2008-2014,6,1,0,0,0,0,3,0,0,0,1,0,0,Wankhede Stadium
DE Bollinger,2011-2011,2,1,1,0,0*,-,1,0,0,0,0,0,0,Wankhede Stadium
Harry Brook,2023-2023,1,1,0,0,0,0,1,0,0,0,1,0,0,Wankhede Stadium
AC Gilchrist,2011-2011,1,1,0,0,0,0,2,0,0,0,1,0,0,Wankhede Stadium
MS Gony,2008-2013,3,1,0,0,0,0,3,0,0,0,1,0,0,Wankhede Stadium
K Gowtham,2018-2022,4,2,1,0,0*,0,2,0,0,0,1,0,0,Wankhede Stadium
Joginder Sharma,2008-2011,2,1,0,0,0,0,1,0,0,0,1,0,0,Wankhede Stadium
CK Kapugedera,2008-2008,2,1,0,0,0,0,2,0,0,0,1,0,0,Wankhede Stadium
Kartik Tyagi,2022-2023,2,1,0,0,0,0,1,0,0,0,1,0,0,Wankhede Stadium
K Kushagra,2024-2024,1,1,0,0,0,0,1,0,0,0,1,0,0,Wankhede Stadium
MJ Lumb,2011-2011,1,1,0,0,0,0,2,0,0,0,1,0,0,Wankhede Stadium
BMAJ Mendis,2013-2013,1,1,0,0,0,0,1,0,0,0,1,0,0,Wankhede Stadium
RP Meredith,2021-2023,9,1,1,0,0*,-,0,-,0,0,0,0,0,Wankhede Stadium
AF Milne,2017-2022,2,1,1,0,0*,-,1,0,0,0,0,0,0,Wankhede Stadium
Y Nagar,2011-2012,2,1,0,0,0,0,1,0,0,0,1,0,0,Wankhede Stadium
KL Nagarkoti,2021-2021,1,1,0,0,0,0,2,0,0,0,1,0,0,Wankhede Stadium
Prasidh Krishna,2018-2022,9,2,1,0,0*,0,1,0,0,0,1,0,0,Wankhede Stadium
V Pratap Singh,2012-2012,1,1,0,0,0,0,1,0,0,0,1,0,0,Wankhede Stadium
C Sakariya,2021-2022,7,2,1,0,0*,0,1,0,0,0,1,0,0,Wankhede Stadium
Sandeep Sharma,2014-2023,10,1,1,0,0*,-,1,0,0,0,0,0,0,Wankhede Stadium
R Sanjay Yadav,2022-2022,1,1,0,0,0,0,2,0,0,0,1,0,0,Wankhede Stadium
R Sathish,2011-2016,4,1,0,0,0,0,7,0,0,0,1,0,0,Wankhede Stadium
LR Shukla,2008-2008,1,1,0,0,0,0,4,0,0,0,1,0,0,Wankhede Stadium
A Singh,2011-2012,2,1,0,0,0,0,3,0,0,0,1,0,0,Wankhede Stadium
S Sreesanth,2008-2008,2,1,1,0,0*,-,2,0,0,0,0,0,0,Wankhede Stadium
M Theekshana,2022-2022,2,1,0,0,0,0,3,0,0,0,1,0,0,Wankhede Stadium
AC Thomas,2011-2011,1,1,1,0,0*,-,2,0,0,0,0,0,0,Wankhede Stadium
Umran Malik,2022-2023,5,2,1,0,0*,0,2,0,0,0,1,0,0,Wankhede Stadium
CV Varun,2021-2025,7,1,0,0,0,0,1,0,0,0,1,0,0,Wankhede Stadium
V Vyshak,2023-2024,2,1,0,0,0,0,1,0,0,0,1,0,0,Wankhede Stadium
SK Warne,2008-2011,2,1,0,0,0,0,1,0,0,0,1,0,0,Wankhede Stadium
DJ Willey,2022-2022,1,1,0,0,0,0,2,0,0,0,1,0,0,Wankhede Stadium
AN Ahmed,2011-2013,4,-,-,-,-,-,-,-,-,-,-,-,-,Wankhede Stadium
KK Ahmed,2019-2025,6,-,-,-,-,-,-,-,-,-,-,-,-,Wankhede Stadium
Anand Rajan,2011-2011,1,-,-,-,-,-,-,-,-,-,-,-,-,Wankhede Stadium
Ankit Sharma,2014-2015,2,-,-,-,-,-,-,-,-,-,-,-,-,Wankhede Stadium
Anureet Singh,2015-2015,1,-,-,-,-,-,-,-,-,-,-,-,-,Wankhede Stadium
Ashwani Kumar,2025-2025,2,-,-,-,-,-,-,-,-,-,-,-,-,Wankhede Stadium
S Badree,2014-2014,1,-,-,-,-,-,-,-,-,-,-,-,-,Wankhede Stadium
JP Behrendorff,2019-2023,9,-,-,-,-,-,-,-,-,-,-,-,-,Wankhede Stadium
BA Bhatt,2011-2012,2,-,-,-,-,-,-,-,-,-,-,-,-,Wankhede Stadium
N Burger,2024-2024,1,-,-,-,-,-,-,-,-,-,-,-,-,Wankhede Stadium
A Choudhary,2017-2017,1,-,-,-,-,-,-,-,-,-,-,-,-,Wankhede Stadium
MJ Dagar,2023-2023,1,-,-,-,-,-,-,-,-,-,-,-,-,Wankhede Stadium
TU Deshpande,2022-2024,3,-,-,-,-,-,-,-,-,-,-,-,-,Wankhede Stadium
NT Ellis,2022-2023,2,-,-,-,-,-,-,-,-,-,-,-,-,Wankhede Stadium
LH Ferguson,2017-2023,5,-,-,-,-,-,-,-,-,-,-,-,-,Wankhede Stadium
RV Gomez,2011-2011,1,-,-,-,-,-,-,-,-,-,-,-,-,Wankhede Stadium
HF Gurney,2019-2019,1,-,-,-,-,-,-,-,-,-,-,-,-,Wankhede Stadium
JR Hazlewood,2022-2025,5,-,-,-,-,-,-,-,-,-,-,-,-,Wankhede Stadium
MJ Henry,2017-2024,2,-,-,-,-,-,-,-,-,-,-,-,-,Wankhede Stadium
BW Hilfenhaus,2012-2012,1,-,-,-,-,-,-,-,-,-,-,-,-,Wankhede Stadium
SB Jakati,2011-2016,3,-,-,-,-,-,-,-,-,-,-,-,-,Wankhede Stadium
D Jansen,2023-2023,1,-,-,-,-,-,-,-,-,-,-,-,-,Wankhede Stadium
CJ Jordan,2023-2023,3,-,-,-,-,-,-,-,-,-,-,-,-,Wankhede Stadium
SB Joshi,2008-2008,1,-,-,-,-,-,-,-,-,-,-,-,-,Wankhede Stadium
A Kamboj,2024-2024,2,-,-,-,-,-,-,-,-,-,-,-,-,Wankhede Stadium
Karanveer Singh,2014-2014,1,-,-,-,-,-,-,-,-,-,-,-,-,Wankhede Stadium
K Kartikeya,2022-2023,6,-,-,-,-,-,-,-,-,-,-,-,-,Wankhede Stadium
U Kaul,2008-2008,1,-,-,-,-,-,-,-,-,-,-,-,-,Wankhede Stadium
Z Khan,2008-2017,6,-,-,-,-,-,-,-,-,-,-,-,-,Wankhede Stadium
MA Khote,2008-2008,1,-,-,-,-,-,-,-,-,-,-,-,-,Wankhede Stadium
OC McCoy,2022-2022,1,-,-,-,-,-,-,-,-,-,-,-,-,Wankhede Stadium
SSB Magala,2023-2023,1,-,-,-,-,-,-,-,-,-,-,-,-,Wankhede Stadium
E Malinga,2025-2025,1,-,-,-,-,-,-,-,-,-,-,-,-,Wankhede Stadium
KT Maphaka,2024-2024,1,-,-,-,-,-,-,-,-,-,-,-,-,Wankhede Stadium
LI Meriwala,2021-2021,1,-,-,-,-,-,-,-,-,-,-,-,-,Wankhede Stadium
A Mithun,2011-2011,1,-,-,-,-,-,-,-,-,-,-,-,-,Wankhede Stadium
Mohsin Khan,2022-2024,4,-,-,-,-,-,-,-,-,-,-,-,-,Wankhede Stadium
M Muralidaran,2008-2012,3,-,-,-,-,-,-,-,-,-,-,-,-,Wankhede Stadium
AG Murtaza,2011-2011,2,-,-,-,-,-,-,-,-,-,-,-,-,Wankhede Stadium
T Natarajan,2022-2024,3,-,-,-,-,-,-,-,-,-,-,-,-,Wankhede Stadium
Naveen-ul-Haq,2024-2024,1,-,-,-,-,-,-,-,-,-,-,-,-,Wankhede Stadium
L Ngidi,2018-2021,3,-,-,-,-,-,-,-,-,-,-,-,-,Wankhede Stadium
A Nortje,2022-2024,2,-,-,-,-,-,-,-,-,-,-,-,-,Wankhede Stadium
M Ntini,2008-2008,1,-,-,-,-,-,-,-,-,-,-,-,-,Wankhede Stadium
IC Pandey,2014-2015,3,-,-,-,-,-,-,-,-,-,-,-,-,Wankhede Stadium
M Pathirana,2022-2025,3,-,-,-,-,-,-,-,-,-,-,-,-,Wankhede Stadium
RV Pawar,2008-2008,1,-,-,-,-,-,-,-,-,-,-,-,-,Wankhede Stadium
V Puthur,2025-2025,2,-,-,-,-,-,-,-,-,-,-,-,-,Wankhede Stadium
RR Raje,2008-2008,2,-,-,-,-,-,-,-,-,-,-,-,-,Wankhede Stadium
AS Rajpoot,2017-2019,3,-,-,-,-,-,-,-,-,-,-,-,-,Wankhede Stadium
AS Roy,2022-2022,1,-,-,-,-,-,-,-,-,-,-,-,-,Wankhede Stadium
R Sai Kishore,2022-2022,2,-,-,-,-,-,-,-,-,-,-,-,-,Wankhede Stadium
BB Samantray,2013-2013,1,-,-,-,-,-,-,-,-,-,-,-,-,Wankhede Stadium
Sameer Rizvi,2024-2024,1,-,-,-,-,-,-,-,-,-,-,-,-,Wankhede Stadium
DJG Sammy,2013-2013,1,-,-,-,-,-,-,-,-,-,-,-,-,Wankhede Stadium
S Sandeep Warrier,2019-2019,1,-,-,-,-,-,-,-,-,-,-,-,-,Wankhede Stadium
Jalaj S Saxena,2021-2021,1,-,-,-,-,-,-,-,-,-,-,-,-,Wankhede Stadium
KR Sen,2022-2023,4,-,-,-,-,-,-,-,-,-,-,-,-,Wankhede Stadium
VRV Singh,2008-2008,2,-,-,-,-,-,-,-,-,-,-,-,-,Wankhede Stadium
PH Solanki,2022-2022,1,-,-,-,-,-,-,-,-,-,-,-,-,Wankhede Stadium
BB Sran,2019-2019,1,-,-,-,-,-,-,-,-,-,-,-,-,Wankhede Stadium
TM Srivastava,2008-2008,1,-,-,-,-,-,-,-,-,-,-,-,-,Wankhede Stadium
P Suyal,2013-2015,4,-,-,-,-,-,-,-,-,-,-,-,-,Wankhede Stadium
Suyash Sharma,2023-2025,2,-,-,-,-,-,-,-,-,-,-,-,-,Wankhede Stadium
YV Takawale,2008-2008,2,-,-,-,-,-,-,-,-,-,-,-,-,Wankhede Stadium
PV Tambe,2013-2016,3,-,-,-,-,-,-,-,-,-,-,-,-,Wankhede Stadium
AS Tendulkar,2023-2024,3,-,-,-,-,-,-,-,-,-,-,-,-,Wankhede Stadium
N Thushara,2024-2024,3,-,-,-,-,-,-,-,-,-,-,-,-,Wankhede Stadium
RJW Topley,2024-2024,1,-,-,-,-,-,-,-,-,-,-,-,-,Wankhede Stadium
AJ Tye,2017-2018,2,-,-,-,-,-,-,-,-,-,-,-,-,Wankhede Stadium
DL Vettori,2011-2011,1,-,-,-,-,-,-,-,-,-,-,-,-,Wankhede Stadium
GC Viljoen,2019-2019,1,-,-,-,-,-,-,-,-,-,-,-,-,Wankhede Stadium
D Wiese,2015-2015,1,-,-,-,-,-,-,-,-,-,-,-,-,Wankhede Stadium
MP Yadav,2025-2025,1,-,-,-,-,-,-,-,-,-,-,-,-,Wankhede Stadium
Yash Dayal,2022-2025,4,-,-,-,-,-,-,-,-,-,-,-,-,Wankhede Stadium
A Zampa,2017-2017,1,-,-,-,-,-,-,-,-,-,-,-,-,Wankhede Stadium
Zeeshan Ansari,2025-2025,1,-,-,-,-,-,-,-,-,-,-,-,-,Wankhede Stadium
