Player,Span,Mat,Inns,NO,Runs,HS,Ave,BF,SR,100,50,0,4s,6s
MS Dhoni,2008-2025,75,65,27,1547,75*,40.71,1072,144.3,0,7,2,99,78
SK Raina,2008-2019,56,55,5,1498,100*,29.96,1107,135.32,1,8,1,140,49
M Vijay,2010-2019,30,30,2,928,127,33.14,693,133.91,2,3,1,82,40
MEK Hussey,2008-2013,22,21,3,848,95,47.11,674,125.81,0,7,0,90,14
RD Gaikwad,2023-2025,18,18,3,764,108*,50.93,539,141.74,1,6,1,79,22
F du Plessis,2012-2024,20,18,2,588,73,36.75,486,120.98,0,4,0,43,19
RA Jadeja,2011-2025,55,41,10,518,38*,16.7,430,120.46,0,0,3,31,18
S Dube,2019-2025,22,21,5,496,66,31,323,153.56,0,2,1,26,38
JA Morkel,2008-2015,31,26,9,486,73*,28.58,330,147.27,0,3,2,32,26
S Badrinath,2008-2013,39,26,8,438,64,24.33,375,116.8,0,3,1,45,7
SR Watson,2010-2019,13,13,0,433,101,33.3,296,146.28,1,2,2,40,23
DP Conway,2023-2025,10,10,2,415,92*,51.87,318,130.5,0,3,0,54,4
V Kohli,2008-2025,14,14,0,414,58,29.57,375,110.4,0,2,0,29,10
BB McCullum,2008-2015,12,12,1,378,100*,34.36,271,139.48,1,2,1,39,20
RG Sharma,2008-2025,16,16,1,364,67,24.26,298,122.14,0,2,3,28,15
AB de Villiers,2008-2021,11,11,3,353,76*,44.12,216,163.42,0,3,0,37,9
AT Rayudu,2010-2023,22,21,6,333,42*,22.2,310,107.41,0,0,2,19,14
SA Yadav,2015-2025,11,10,1,329,71*,36.55,255,129.01,0,2,0,37,8
DJ Bravo,2008-2019,37,26,11,325,33*,21.66,237,137.13,0,0,0,20,14
DA Warner,2010-2023,13,13,0,322,57,24.76,289,111.41,0,3,2,21,10
S Dhawan,2008-2023,10,10,2,299,63*,37.37,250,119.6,0,1,0,35,3
ML Hayden,2008-2010,9,9,1,283,81,35.37,203,139.4,0,2,1,29,12
PA Patel,2008-2019,11,11,0,276,57,25.09,270,102.22,0,2,0,31,4
AM Rahane,2011-2025,19,17,1,271,31,16.93,226,119.91,0,0,1,21,7
MK Pandey,2010-2023,10,10,2,265,83*,33.12,218,121.55,0,2,0,18,11
JM Bairstow,2019-2024,7,7,1,257,63*,42.83,181,141.98,0,2,1,22,15
R Ravindra,2024-2025,8,8,1,238,65*,34,152,156.57,0,1,0,20,12
KL Rahul,2015-2025,7,7,1,237,77,39.5,196,120.91,0,3,0,16,8
CH Gayle,2010-2021,8,8,1,231,89,33,158,146.2,0,2,1,20,14
N Rana,2018-2023,6,6,1,228,80,45.6,175,130.28,0,3,1,25,8
JH Kallis,2008-2013,6,6,0,225,69,37.5,196,114.79,0,3,0,23,3
MS Bisla,2010-2013,4,4,0,215,92,53.75,147,146.25,0,2,0,26,7
AD Russell,2012-2025,11,9,3,215,88*,35.83,147,146.25,0,2,0,15,16
RA Tripathi,2019-2025,10,10,0,212,53,21.2,155,136.77,0,1,0,24,6
V Shankar,2019-2025,10,9,1,200,69*,25,161,124.22,0,1,0,9,8
WP Saha,2008-2024,15,12,2,193,46*,19.3,172,112.2,0,0,0,17,8
MA Agarwal,2011-2023,10,10,0,191,45,19.1,159,120.12,0,0,1,22,8
KD Karthik,2008-2024,11,9,3,188,38*,31.33,158,118.98,0,0,0,19,5
G Gambhir,2008-2015,7,7,1,187,63,31.16,160,116.87,0,3,1,19,2
MP Stoinis,2021-2024,5,4,2,187,124*,93.5,110,170,1,0,0,18,8
RV Uthappa,2008-2019,8,8,0,177,43,22.12,133,133.08,0,0,1,21,7
GJ Maxwell,2021-2024,4,4,0,176,78,44,119,147.89,0,2,1,17,8
SE Marsh,2008-2015,4,4,0,173,73,43.25,121,142.97,0,2,0,16,7
Ishan Kishan,2019-2025,9,9,0,167,44,18.55,174,95.97,0,0,0,13,4
SM Curran,2019-2025,7,7,2,164,88,32.8,120,136.66,0,1,0,14,5
SS Iyer,2015-2025,5,5,1,163,72,40.75,114,142.98,0,1,0,14,5
SPD Smith,2012-2021,6,6,2,161,39*,40.25,127,126.77,0,0,0,12,4
DJ Mitchell,2024-2024,7,7,2,157,52,31.4,113,138.93,0,1,0,15,4
DR Smith,2013-2015,8,8,0,148,34,18.5,144,102.77,0,0,1,21,4
R Dravid,2008-2013,5,4,0,145,66,36.25,127,114.17,0,1,0,18,1
NV Ojha,2010-2015,5,5,1,144,94*,36,96,150,0,1,0,11,10
KA Pollard,2010-2021,12,10,4,144,57*,24,122,118.03,0,1,0,9,9
IK Pathan,2008-2013,5,5,2,140,44*,46.66,106,132.07,0,0,0,11,6
Shubman Gill,2019-2024,6,6,0,128,42,21.33,101,126.73,0,0,0,12,6
D Padikkal,2021-2025,5,5,0,114,38,22.8,100,114,0,0,0,11,2
CL White,2010-2013,4,4,1,113,77,37.66,87,129.88,0,1,0,12,3
H Klaasen,2023-2025,5,5,0,110,50,22,96,114.58,0,1,0,3,5
Prabhsimran Singh,2023-2025,3,3,0,109,54,36.33,70,155.71,0,1,0,10,6
KS Williamson,2015-2021,3,3,3,108,66*,-,88,122.72,0,1,0,9,1
DA Miller,2012-2024,6,6,1,104,51*,20.8,77,135.06,0,1,0,11,2
HH Pandya,2015-2023,9,9,3,101,23*,16.83,81,124.69,0,0,1,8,4
SR Tendulkar,2010-2013,4,4,1,101,45,33.66,75,134.66,0,0,1,14,1
Harbhajan Singh,2008-2021,17,7,3,100,33,25,72,138.88,0,0,0,5,8
Q de Kock,2013-2025,9,9,0,97,40,10.77,97,100,0,0,1,9,4
R Ashwin,2010-2025,47,14,5,95,30,10.55,90,105.55,0,0,2,8,2
SP Narine,2012-2025,9,5,0,95,44,19,49,193.87,0,0,0,5,10
MM Ali,2019-2025,14,10,2,93,19,11.62,83,112.04,0,0,0,7,3
DJ Hooda,2015-2025,12,10,1,93,22,10.33,91,102.19,0,0,1,7,3
AC Gilchrist,2008-2010,2,2,0,92,54,46,53,173.58,0,1,0,11,5
N Wadhera,2023-2025,3,3,0,92,64,30.66,66,139.39,0,1,0,11,3
GC Smith,2008-2008,1,1,0,91,91,91,51,178.43,0,1,0,9,4
DC Jurel,2023-2024,3,3,1,88,56*,44,59,149.15,0,1,0,8,4
Yuvraj Singh,2008-2015,4,4,0,88,43,22,82,107.31,0,0,0,7,2
SS Tiwary,2010-2012,5,5,2,86,42*,28.66,83,103.61,0,0,0,3,3
V Sehwag,2008-2015,6,6,0,81,71,13.5,57,142.1,0,1,1,8,4
SP Fleming,2008-2008,5,5,0,80,45,16,77,103.89,0,0,0,7,3
RK Singh,2018-2025,5,4,1,80,54,26.66,73,109.58,0,1,0,5,4
JC Buttler,2019-2024,3,3,0,79,52,26.33,68,116.17,0,1,0,4,3
KM Jadhav,2011-2021,12,9,4,78,20,15.6,85,91.76,0,0,0,7,1
RR Rossouw,2023-2024,2,2,0,78,43,39,60,130,0,0,0,7,3
YBK Jaiswal,2023-2024,3,3,0,76,42,25.33,50,152,0,0,0,9,4
EJG Morgan,2011-2021,5,5,1,76,32*,19,61,124.59,0,0,0,5,4
LR Shukla,2008-2012,5,5,1,76,42,19,59,128.81,0,0,0,6,3
MK Tiwary,2010-2012,4,4,1,76,27,25.33,62,122.58,0,0,0,6,2
S Anirudha,2008-2013,10,6,2,75,64,18.75,73,102.73,0,1,1,6,2
SN Khan,2015-2019,2,2,0,75,67,37.5,67,111.94,0,1,0,5,2
AD Mathews,2010-2012,2,2,0,75,48,37.5,70,107.14,0,0,0,4,2
D Brevis,2025-2025,2,2,0,74,42,37,51,145.09,0,0,0,3,5
DPMD Jayawardene,2008-2012,4,4,0,74,55,18.5,59,125.42,0,1,0,5,3
Mandeep Singh,2012-2019,4,4,1,72,56,24,66,109.09,0,1,1,7,1
CA Lynn,2018-2021,3,3,0,71,49,23.66,56,126.78,0,0,1,8,3
KR Mayers,2023-2023,2,2,0,71,53,35.5,35,202.85,0,1,0,11,2
Abhishek Sharma,2021-2025,8,7,0,70,34,10,57,122.8,0,0,1,5,3
Sameer Rizvi,2024-2025,6,4,1,70,21,23.33,52,134.61,0,0,0,5,3
AJ Finch,2013-2013,1,1,0,67,67,67,45,148.88,0,1,0,10,2
Y Venugopal Rao,2008-2012,4,3,0,67,30,22.33,51,131.37,0,0,0,2,5
TM Head,2024-2025,4,4,0,66,34,16.5,52,126.92,0,0,1,8,2
N Pooran,2021-2024,5,4,0,66,34,16.5,34,194.11,0,0,2,5,5
C Green,2023-2024,3,3,0,65,41,21.66,49,132.65,0,0,0,8,1
AK Markram,2023-2024,4,4,0,65,32,16.25,63,103.17,0,0,0,8,0
VR Iyer,2023-2025,4,3,1,64,52*,32,38,168.42,0,1,0,6,3
PP Shaw,2019-2021,3,3,0,64,53,21.33,49,130.61,0,1,0,9,1
BJ Hodge,2011-2013,3,3,3,63,51*,-,53,118.86,0,1,0,4,2
S Vidyut,2008-2008,3,3,0,62,54,20.66,44,140.9,0,1,1,9,1
AR Patel,2015-2025,5,4,0,60,21,15,45,133.33,0,0,0,5,3
RM Patidar,2021-2025,4,4,0,60,51,15,45,133.33,0,1,1,5,3
P Negi,2012-2015,4,4,1,59,36,19.66,33,178.78,0,0,0,5,3
SV Samson,2015-2024,5,5,0,59,26,11.8,59,100,0,0,1,3,2
NT Tilak Varma,2023-2025,2,2,0,57,31,28.5,47,121.27,0,0,0,2,4
SW Billings,2018-2018,1,1,0,56,56,56,23,243.47,0,1,0,2,5
S Sohal,2011-2011,1,1,0,56,56,56,30,186.66,0,1,0,6,4
HH Gibbs,2008-2010,2,2,0,55,45,27.5,46,119.56,0,0,0,6,2
YK Pathan,2008-2019,8,8,2,55,13,9.16,57,96.49,0,0,0,2,1
OA Shah,2011-2012,2,2,0,55,52,27.5,46,119.56,0,1,0,4,3
BA Stokes,2019-2023,2,2,0,54,46,27,34,158.82,0,0,0,2,3
Kamran Akmal,2008-2008,1,1,1,53,53*,-,28,189.28,0,1,0,4,3
R Parag,2024-2024,2,2,1,53,47*,53,45,117.77,0,0,0,1,3
K Nitish Kumar Reddy,2024-2025,4,4,1,52,19*,17.33,48,108.33,0,0,0,3,1
LRPL Taylor,2011-2013,3,3,0,52,24,17.33,41,126.82,0,0,0,3,2
RE Levi,2012-2012,1,1,0,50,50,50,35,142.85,0,1,0,6,3
LS Livingstone,2023-2025,2,2,0,50,40,25,33,151.51,0,0,0,1,5
A Symonds,2010-2010,1,1,0,50,50,50,43,116.27,0,1,0,3,3
Abdul Samad,2021-2024,6,6,1,49,19*,9.8,41,119.51,0,0,2,2,3
SO Hetmyer,2019-2024,5,5,2,49,30*,16.33,41,119.51,0,0,1,4,2
RR Pant,2019-2021,3,3,0,49,37,16.33,38,128.94,0,0,0,6,1
PD Salt,2023-2025,3,3,0,49,32,16.33,28,175,0,0,1,6,3
Shakib Al Hasan,2012-2021,5,4,1,49,26,16.33,46,106.52,0,0,0,3,1
Anuj Rawat,2024-2024,1,1,0,48,48,48,25,192,0,0,0,4,3
Rashid Khan,2019-2024,8,5,0,48,30,9.6,29,165.51,0,0,2,4,3
Shahbaz Ahmed,2021-2024,6,5,0,48,18,9.6,42,114.28,0,0,0,1,3
Shashank Singh,2024-2025,2,2,1,48,25*,48,38,126.31,0,0,0,2,3
KH Pandya,2019-2025,11,10,1,47,15,5.22,54,87.03,0,0,2,5,1
SC Ganguly,2008-2012,3,3,0,46,24,15.33,57,80.7,0,0,0,7,0
M Manhas,2010-2011,2,2,1,45,25*,45,55,81.81,0,0,0,2,1
Y Nagar,2011-2012,2,2,2,45,44*,-,49,91.83,0,0,0,1,1
AM Nayar,2008-2013,2,2,2,45,45*,-,21,214.28,0,0,0,6,1
T Stubbs,2023-2025,2,2,1,44,24*,44,33,133.33,0,0,0,4,1
STR Binny,2011-2013,3,2,2,43,36*,-,29,148.27,0,0,0,3,1
SA Asnodkar,2008-2008,1,1,0,41,41,41,27,151.85,0,0,0,5,2
JEC Franklin,2011-2012,2,2,1,41,25*,41,47,87.23,0,0,0,2,1
SB Styris,2008-2011,2,2,2,41,36*,-,43,95.34,0,0,0,4,1
PJ Cummins,2015-2025,8,6,1,40,24,8,36,111.11,0,0,2,4,2
Rahmanullah Gurbaz,2023-2024,2,2,0,40,39,20,36,111.11,0,0,0,5,2
A Ashish Reddy,2012-2013,2,2,1,39,36*,39,19,205.26,0,0,0,2,3
AL Menaria,2011-2012,2,2,0,38,36,19,42,90.47,0,0,0,2,1
LMP Simmons,2015-2015,1,1,0,38,38,38,31,122.58,0,0,0,3,2
RN ten Doeschate,2015-2015,1,1,1,38,38*,-,28,135.71,0,0,0,3,2
TH David,2023-2025,3,3,1,37,22*,18.5,25,148,0,0,0,2,3
MJ Lumb,2010-2010,1,1,0,37,37,37,26,142.3,0,0,0,6,1
A Mhatre,2025-2025,2,2,0,37,30,18.5,25,148,0,0,0,7,0
B Sai Sudharsan,2024-2024,1,1,0,37,37,37,31,119.35,0,0,0,3,0
PP Chawla,2008-2023,9,6,2,35,17,8.75,38,92.1,0,0,2,3,2
MJ Santner,2019-2025,4,3,1,34,22,17,34,100,0,0,0,1,2
Lalit Yadav,2021-2023,2,2,1,34,22*,34,30,113.33,0,0,0,4,0
Abishek Porel,2025-2025,1,1,0,33,33,33,20,165,0,0,0,4,1
JM Sharma,2023-2025,3,2,0,33,21,16.5,16,206.25,0,0,0,3,2
DT Christian,2011-2021,5,5,1,32,27*,8,32,100,0,0,0,2,1
E Lewis,2019-2019,1,1,0,32,32,32,30,106.66,0,0,0,3,1
PHKD Mendis,2025-2025,1,1,1,32,32*,-,22,145.45,0,0,0,3,0
J Botha,2011-2013,2,2,0,31,23,15.5,26,119.23,0,0,0,4,1
KC Sangakkara,2010-2012,3,3,0,31,15,10.33,33,93.93,0,0,0,3,1
DL Chahar,2018-2025,20,3,2,29,28*,29,19,152.63,0,0,1,2,2
DJ Hussey,2008-2013,4,4,0,29,22,7.25,25,116,0,0,2,3,1
A Mishra,2010-2021,8,4,0,29,15,7.25,41,70.73,0,0,0,3,0
CH Morris,2013-2019,8,6,5,29,16*,29,22,131.81,0,0,1,0,1
K Gowtham,2019-2023,3,3,1,28,17*,14,22,127.27,0,0,0,0,2
JC Archer,2019-2023,2,2,2,27,24*,-,13,207.69,0,0,0,1,2
KA Jamieson,2021-2021,3,3,1,27,12,13.5,17,158.82,0,0,0,3,1
P Kumar,2008-2013,4,2,1,27,21,27,17,158.82,0,0,0,2,1
Washington Sundar,2021-2023,4,3,0,27,10,9,33,81.81,0,0,0,2,0
MN Samuels,2012-2012,1,1,0,26,26,26,24,108.33,0,0,0,2,1
A Badoni,2023-2024,3,2,0,24,23,12,25,96,0,0,0,0,0
M Kaif,2008-2010,2,2,0,24,14,12,23,104.34,0,0,0,1,0
A Raghuvanshi,2024-2024,1,1,0,24,24,24,18,133.33,0,0,0,3,1
JD Ryder,2011-2012,2,2,0,24,15,12,21,114.28,0,0,0,3,1
M Shahrukh Khan,2021-2023,3,2,1,24,22,24,20,120,0,0,0,0,2
UT Yadav,2010-2024,7,5,2,24,12*,8,35,68.57,0,0,1,0,2
P Arya,2025-2025,1,1,0,23,23,23,15,153.33,0,0,0,5,0
RS Bopara,2010-2015,2,2,0,23,22,11.5,23,100,0,0,0,0,2
MS Gony,2008-2013,10,5,3,23,15*,11.5,21,109.52,0,0,0,1,2
KP Pietersen,2010-2010,1,1,1,23,23*,-,14,164.28,0,0,0,2,1
J Yadav,2019-2021,3,2,1,23,23,23,22,104.54,0,0,0,1,0
AN Ahmed,2010-2012,3,2,2,22,18*,-,20,110,0,0,0,1,1
JP Duminy,2011-2015,2,2,0,22,17,11,16,137.5,0,0,0,2,0
JR Hopes,2008-2011,2,2,0,22,14,11,13,169.23,0,0,0,1,1
JM Kemp,2010-2010,2,1,0,22,22,22,16,137.5,0,0,0,1,1
R Sathish,2010-2013,3,3,1,22,18*,11,27,81.48,0,0,1,1,0
M Jansen,2021-2025,4,4,2,21,17*,10.5,27,77.77,0,0,2,2,0
Z Khan,2011-2012,4,2,1,21,21,21,21,100,0,0,0,2,0
AB Agarkar,2008-2011,3,2,1,20,11,20,14,142.85,0,0,0,3,0
ST Jayasuriya,2008-2008,1,1,0,20,20,20,11,181.81,0,0,0,4,0
RR Sarwan,2008-2008,1,1,0,20,20,20,22,90.9,0,0,0,0,0
Shahid Afridi,2008-2008,1,1,1,20,20*,-,6,333.33,0,0,0,2,2
J Suchith,2015-2021,3,2,1,20,14*,20,21,95.23,0,0,0,2,1
DE Bollinger,2010-2012,14,2,1,19,16*,19,19,100,0,0,0,1,1
Y Gnaneswara Rao,2011-2011,1,1,0,19,19,19,17,111.76,0,0,0,3,0
DJG Sammy,2013-2013,1,1,0,19,19,19,12,158.33,0,0,0,2,1
AU Verma,2025-2025,1,1,0,19,19,19,19,100,0,0,0,0,2
Azhar Mahmood,2012-2012,1,1,0,18,18,18,12,150,0,0,0,0,2
L Balaji,2008-2013,8,3,0,18,15,6,22,81.81,0,0,1,1,1
HC Brook,2023-2023,1,1,0,18,18,18,13,138.46,0,0,0,3,0
MV Boucher,2008-2008,1,1,0,17,17,17,15,113.33,0,0,0,3,0
B Chipli,2011-2011,1,1,0,17,17,17,15,113.33,0,0,0,0,0
Naman Dhir,2025-2025,1,1,0,17,17,17,12,141.66,0,0,0,1,0
SM Pollock,2008-2008,1,1,0,17,17,17,15,113.33,0,0,0,0,1
MD Shanaka,2023-2023,1,1,0,17,17,17,16,106.25,0,0,0,1,1
D Wiese,2015-2015,1,1,0,17,17,17,14,121.42,0,0,0,2,0
UBT Chand,2013-2013,1,1,0,16,16,16,12,133.33,0,0,0,2,1
JP Faulkner,2013-2015,2,1,0,16,16,16,13,123.07,0,0,0,2,0
Joginder Sharma,2008-2008,4,2,1,16,16,16,10,160,0,0,0,1,1
Mohammad Hafeez,2008-2008,1,1,0,16,16,16,24,66.66,0,0,0,1,0
NL McCullum,2011-2011,1,1,0,15,15,15,16,93.75,0,0,0,0,0
Virat Singh,2021-2021,3,2,0,15,11,7.5,26,57.69,0,0,0,1,0
RD Chahar,2019-2024,9,3,0,14,8,4.66,13,107.69,0,0,1,1,0
MC Henriques,2021-2021,2,1,0,14,14,14,17,82.35,0,0,0,0,0
Mohammad Nabi,2021-2021,1,1,0,14,14,14,11,127.27,0,0,0,2,0
AUK Pathan,2011-2011,1,1,0,14,14,14,5,280,0,0,0,2,1
RE van der Merwe,2012-2013,2,1,0,14,14,14,16,87.5,0,0,0,1,0
JJ van der Wath,2011-2011,1,1,1,14,14*,-,10,140,0,0,0,1,1
LA Pomersbach,2011-2013,3,3,0,13,7,4.33,16,81.25,0,0,0,1,0
Ramandeep Singh,2024-2025,3,1,0,13,13,13,12,108.33,0,0,0,0,1
RD Rickelton,2025-2025,1,1,0,13,13,13,7,185.71,0,0,0,3,0
Sikandar Raza,2023-2023,1,1,1,13,13*,-,7,185.71,0,0,0,1,0
A Taide,2023-2023,1,1,0,13,13,13,17,76.47,0,0,0,0,0
VVS Laxman,2010-2010,1,1,0,12,12,12,11,109.09,0,0,0,2,0
JJ Roy,2023-2023,1,1,0,12,12,12,15,80,0,0,0,1,0
Azmatullah Omarzai,2024-2025,2,1,0,11,11,11,10,110,0,0,0,1,0
DB Das,2012-2013,2,1,1,11,11*,-,4,275,0,0,0,2,0
WG Jacks,2025-2025,1,1,0,11,11,11,7,157.14,0,0,0,2,0
A Mithun,2011-2011,2,1,0,11,11,11,8,137.5,0,0,0,2,0
SK Rasheed,2025-2025,2,2,0,11,11,5.5,13,84.61,0,0,1,1,1
Anureet Singh,2015-2015,1,1,0,10,10,10,20,50,0,0,0,0,0
AC Blizzard,2011-2011,1,1,0,10,10,10,11,90.9,0,0,0,2,0
SP Goswami,2008-2012,2,1,0,10,10,10,19,52.63,0,0,0,1,0
T Kohler-Cadmore,2024-2024,1,1,0,10,10,10,16,62.5,0,0,0,1,0
KK Nair,2015-2015,1,1,0,10,10,10,12,83.33,0,0,0,1,0
Noor Ahmad,2023-2025,7,5,2,10,7*,3.33,19,52.63,0,0,1,1,0
RV Patel,2023-2023,1,1,0,10,10,10,16,62.5,0,0,0,0,0
TL Suman,2010-2013,2,1,1,10,10*,-,5,200,0,0,0,2,0
X Thalaivan Sargunam,2013-2013,1,1,0,10,10,10,17,58.82,0,0,0,0,0
JD Unadkat,2019-2025,5,4,1,10,5,3.33,15,66.66,0,0,0,1,0
MA Wood,2023-2023,1,1,1,10,10*,-,3,333.33,0,0,0,1,1
M Ashwin,2019-2021,2,1,0,9,9,9,10,90,0,0,0,1,0
MA Khote,2008-2008,1,1,0,9,9,9,5,180,0,0,0,0,1
B Kumar,2012-2025,13,6,5,9,4*,9,14,64.28,0,0,0,0,0
MD Mishra,2011-2011,1,1,0,9,9,9,9,100,0,0,0,1,0
R Tewatia,2023-2024,2,2,0,9,6,4.5,16,56.25,0,0,0,1,0
CA Ingram,2011-2019,2,2,0,8,7,4,17,47.05,0,0,0,1,0
AA Jhunjhunwala,2010-2012,2,2,1,8,7,8,5,160,0,0,0,0,1
M Kartik,2008-2013,4,3,2,8,4*,8,8,100,0,0,0,0,0
AB McDonald,2011-2011,1,1,0,8,8,8,7,114.28,0,0,0,0,0
Mohammed Shami,2013-2025,6,2,0,8,5,4,8,100,0,0,0,1,0
DH Yagnik,2011-2013,2,2,1,8,7,8,9,88.88,0,0,0,1,0
Bipul Sharma,2012-2012,1,1,0,7,7,7,5,140,0,0,0,1,0
S Kaul,2013-2021,3,1,1,7,7*,-,9,77.77,0,0,0,0,0
SL Malinga,2010-2019,5,1,0,7,7,7,5,140,0,0,0,0,1
MR Marsh,2013-2023,2,2,0,7,5,3.5,8,87.5,0,0,0,1,0
B Akhil,2008-2008,1,1,1,6,6*,-,7,85.71,0,0,0,1,0
FA Allen,2021-2021,2,1,0,6,6,6,11,54.54,0,0,0,0,0
JP Inglis,2025-2025,1,1,1,6,6*,-,6,100,0,0,0,1,0
SB Jakati,2010-2012,23,1,1,6,6*,-,10,60,0,0,0,0,0
RT Ponting,2008-2013,2,2,0,6,6,3,11,54.54,0,0,1,0,0
R Powell,2024-2024,1,1,0,6,6,6,12,50,0,0,0,0,0
N Saini,2012-2012,1,1,0,6,6,6,4,150,0,0,0,1,0
R Vinay Kumar,2008-2018,7,2,1,6,6*,6,2,300,0,0,1,0,1
KB Arun Karthik,2013-2013,1,1,1,5,5*,-,5,100,0,0,0,0,0
NM Coulter-Nile,2015-2015,1,1,0,5,5,5,4,125,0,0,0,1,0
SH Johnson,2024-2024,1,1,1,5,5*,-,5,100,0,0,0,1,0
A Kamboj,2025-2025,3,3,1,5,3*,2.5,8,62.5,0,0,1,0,0
KMDN Kulasekara,2012-2012,3,1,1,5,5*,-,3,166.66,0,0,0,1,0
JDP Oram,2008-2008,2,1,1,5,5*,-,2,250,0,0,0,1,0
I Sharma,2008-2023,5,2,2,5,4*,-,4,125,0,0,0,0,0
DR Shorey,2019-2019,1,1,0,5,5,5,8,62.5,0,0,0,0,0
JJ Bumrah,2019-2021,7,3,2,4,3*,4,6,66.66,0,0,1,0,0
YS Chahal,2015-2025,9,2,1,4,4,4,12,33.33,0,0,0,0,0
C de Grandhomme,2019-2019,1,1,0,4,4,4,6,66.66,0,0,0,1,0
FY Fazal,2010-2010,1,1,0,4,4,4,5,80,0,0,0,0,0
CM Gautam,2015-2015,1,1,0,4,4,4,5,80,0,0,0,0,0
JO Holder,2013-2023,5,2,0,4,4,2,6,66.66,0,0,1,0,0
CJ Jordan,2023-2023,1,1,0,4,4,4,7,57.14,0,0,0,0,0
NJ Maddinson,2015-2015,1,1,0,4,4,4,7,57.14,0,0,0,1,0
Misbah-ul-Haq,2008-2008,1,1,0,4,4,4,6,66.66,0,0,0,0,0
HV Patel,2015-2025,6,3,2,4,4*,4,4,100,0,0,1,0,0
BJ Rohrer,2013-2013,1,1,0,4,4,4,5,80,0,0,0,0,0
KV Sharma,2013-2024,3,1,0,4,4,4,6,66.66,0,0,0,0,0
TA Boult,2015-2025,10,5,4,3,1*,3,7,42.85,0,0,0,0,0
Iqbal Abdulla,2010-2015,5,3,2,3,3*,3,7,42.85,0,0,1,0,0
T Kohli,2008-2008,1,1,0,3,3,3,3,100,0,0,0,0,0
PN Mankad,2023-2023,1,1,0,3,3,3,6,50,0,0,0,0,0
R Minz,2025-2025,1,1,0,3,3,3,9,33.33,0,0,0,0,0
Ravi Bishnoi,2021-2024,4,1,0,3,3,3,6,50,0,0,0,0,0
AS Roy,2019-2024,2,1,1,3,3*,-,3,100,0,0,0,0,0
S Tyagi,2010-2010,3,1,1,3,3*,-,4,75,0,0,0,0,0
DL Vettori,2011-2012,4,3,1,3,2*,1.5,4,75,0,0,1,0,0
KK Ahmed,2019-2025,11,3,2,2,1*,2,4,50,0,0,0,0,0
Aman Hakim Khan,2023-2023,1,1,1,2,2*,-,3,66.66,0,0,0,0,0
TK Curran,2018-2018,1,1,1,2,2*,-,5,40,0,0,0,0,0
GB Hogg,2012-2015,2,1,1,2,2*,-,1,200,0,0,0,0,0
Imran Tahir,2015-2019,10,2,1,2,2,2,2,100,0,0,0,0,0
Karanveer Singh,2015-2015,1,1,1,2,2*,-,5,40,0,0,0,0,0
A Kumble,2008-2010,2,1,1,2,2*,-,1,200,0,0,0,0,0
Parvez Rasool,2015-2015,1,1,1,2,2*,-,2,100,0,0,0,0,0
RR Powar,2010-2010,1,1,1,2,2*,-,1,200,0,0,0,0,0
CA Pujara,2011-2012,2,2,0,2,2,1,5,40,0,0,1,0,0
AS Rajpoot,2013-2013,1,1,1,2,2*,-,6,33.33,0,0,0,0,0
AS Raut,2010-2010,1,1,1,2,2*,-,4,50,0,0,0,0,0
L Ronchi,2008-2008,1,1,0,2,2,2,3,66.66,0,0,0,0,0
SE Rutherford,2019-2019,1,1,0,2,2,2,4,50,0,0,0,0,0
NA Saini,2019-2019,1,1,0,2,2,2,3,66.66,0,0,0,0,0
MM Sharma,2013-2025,16,2,1,2,2*,2,1,200,0,0,1,0,0
J Syed Mohammad,2011-2013,3,1,1,2,2*,-,2,100,0,0,0,0,0
JE Taylor,2011-2011,1,1,0,2,2,2,1,200,0,0,0,0,0
CV Varun,2021-2025,7,1,1,2,2*,-,3,66.66,0,0,0,0,0
GH Vihari,2013-2013,1,1,0,2,2,2,3,66.66,0,0,0,0,0
VG Arora,2023-2025,4,1,1,1,1*,-,1,100,0,0,0,0,0
Arshad Khan,2023-2023,1,1,0,1,1,1,2,50,0,0,0,0,0
Arshdeep Singh,2021-2025,5,1,1,1,1*,-,2,50,0,0,0,0,0
GJ Bailey,2015-2015,1,1,0,1,1,1,3,33.33,0,0,0,0,0
TM Dilshan,2010-2011,2,2,0,1,1,0.5,3,33.33,0,0,1,0,0
K Goel,2008-2008,1,1,0,1,1,1,7,14.28,0,0,0,0,0
HF Gurney,2019-2019,1,1,1,1,1*,-,5,20,0,0,0,0,0
MG Johnson,2013-2015,2,1,0,1,1,1,2,50,0,0,0,0,0
R McLaren,2010-2010,1,1,0,1,1,1,3,33.33,0,0,0,0,0
Mujeeb Ur Rahman,2021-2021,1,1,1,1,1*,-,1,100,0,0,0,0,0
M Muralidaran,2008-2012,14,1,0,1,1,1,2,50,0,0,0,0,0
Naveen-ul-Haq,2023-2023,1,1,1,1,1*,-,5,20,0,0,0,0,0
A Nehra,2008-2015,11,3,2,1,1*,1,4,25,0,0,1,0,0
V Nigam,2025-2025,1,1,1,1,1*,-,2,50,0,0,0,0,0
PVSN Raju,2025-2025,1,1,1,1,1*,-,1,100,0,0,0,0,0
Sandeep Sharma,2015-2024,6,1,1,1,1*,-,4,25,0,0,0,0,0
AR Sharma,2024-2025,2,1,0,1,1,1,1,100,0,0,0,0,0
R Sharma,2011-2013,3,1,0,1,1,1,1,100,0,0,0,0,0
MA Starc,2015-2025,4,2,0,1,1,0.5,10,10,0,0,1,0,0
Suryansh Shedge,2025-2025,1,1,0,1,1,1,3,33.33,0,0,0,0,0
PV Tambe,2015-2015,1,1,1,1,1*,-,1,100,0,0,0,0,0
AC Thomas,2011-2011,1,1,1,1,1*,-,2,50,0,0,0,0,0
A Zampa,2023-2023,1,1,0,1,1,1,1,100,0,0,0,0,0
VR Aaron,2011-2012,3,1,0,0,0,0,2,0,0,0,1,0,0
Ankit Sharma,2012-2015,2,1,0,0,0,0,1,0,0,0,1,0,0
Anmolpreet Singh,2024-2024,1,1,0,0,0,0,1,0,0,0,1,0,0
P Awana,2012-2013,2,1,1,0,0*,-,0,-,0,0,0,0,0
R Bhatia,2008-2015,6,2,1,0,0*,0,2,0,0,0,1,0,0
RR Bhatkal,2012-2012,1,1,0,0,0,0,2,0,0,0,1,0,0
TU Deshpande,2023-2024,14,1,1,0,0*,-,1,0,0,0,0,0,0
AB Dinda,2008-2013,3,1,1,0,0*,-,0,-,0,0,0,0,0
SB Dubey,2024-2024,1,1,0,0,0,0,1,0,0,0,1,0,0
J Fraser-McGurk,2025-2025,1,1,0,0,0,0,5,0,0,0,1,0,0
C Ganapathy,2010-2010,1,1,1,0,0*,-,0,-,0,0,0,0,0
S Gopal,2019-2019,1,1,0,0,0,0,3,0,0,0,1,0,0
Sunny Gupta,2012-2012,1,1,0,0,0,0,1,0,0,0,1,0,0
Gurkeerat Singh,2013-2013,1,1,0,0,0,0,1,0,0,0,1,0,0
U Kaul,2008-2008,1,1,1,0,0*,-,1,0,0,0,0,0,0
Kuldeep Yadav,2018-2025,4,2,1,0,0*,0,2,0,0,0,1,0,0
B Laughlin,2013-2013,1,1,0,0,0,0,1,0,0,0,1,0,0
Mohammed Siraj,2019-2024,5,2,2,0,0*,-,2,0,0,0,0,0,0
Mohsin Khan,2023-2024,2,1,0,0,0,0,7,0,0,0,1,0,0
A Mukund,2008-2008,1,1,0,0,0,0,1,0,0,0,1,0,0
DJ Muthuswami,2015-2015,1,1,1,0,0*,-,0,-,0,0,0,0,0
S Nadeem,2011-2021,2,1,0,0,0,0,1,0,0,0,1,0,0
DG Nalkande,2023-2023,1,1,0,0,0,0,1,0,0,0,1,0,0
DP Nannes,2010-2013,5,1,1,0,0*,-,0,-,0,0,0,0,0
T Natarajan,2021-2024,5,1,1,0,0*,-,0,-,0,0,0,0,0
M Ntini,2008-2008,4,1,1,0,0*,-,6,0,0,0,0,0,0
M Prasidh Krishna,2019-2021,4,1,0,0,0,0,2,0,0,0,1,0,0
R Rampaul,2013-2013,1,1,0,0,0,0,4,0,0,0,1,0,0
HR Shokeen,2023-2023,1,1,1,0,0*,-,1,0,0,0,0,0,0
VRV Singh,2008-2008,1,1,0,0,0,0,1,0,0,0,1,0,0
S Sreesanth,2008-2011,2,1,1,0,0*,-,0,-,0,0,0,0,0
J Theron,2010-2010,1,1,0,0,0,0,1,0,0,0,1,0,0
P Amarnath,2008-2008,3,-,-,-,-,-,-,-,-,-,-,-,-
S Ladda,2011-2011,1,-,-,-,-,-,-,-,-,-,-,-,-
Akash Singh,2023-2023,3,-,-,-,-,-,-,-,-,-,-,-,-
Anirudh Singh,2010-2010,1,-,-,-,-,-,-,-,-,-,-,-,-
S Aravind,2011-2011,2,-,-,-,-,-,-,-,-,-,-,-,-
Avesh Khan,2021-2024,5,-,-,-,-,-,-,-,-,-,-,-,-
SB Bangar,2008-2008,1,-,-,-,-,-,-,-,-,-,-,-,-
JP Behrendorff,2023-2023,1,-,-,-,-,-,-,-,-,-,-,-,-
BA Bhatt,2012-2012,1,-,-,-,-,-,-,-,-,-,-,-,-
N Burger,2024-2024,1,-,-,-,-,-,-,-,-,-,-,-,-
A Chandila,2013-2013,1,-,-,-,-,-,-,-,-,-,-,-,-
PD Collingwood,2010-2010,1,-,-,-,-,-,-,-,-,-,-,-,-
KK Cooper,2012-2013,2,-,-,-,-,-,-,-,-,-,-,-,-
MJ Dagar,2023-2024,2,-,-,-,-,-,-,-,-,-,-,-,-
M de Lange,2015-2015,1,-,-,-,-,-,-,-,-,-,-,-,-
ND Doshi,2011-2011,1,-,-,-,-,-,-,-,-,-,-,-,-
NT Ellis,2025-2025,1,-,-,-,-,-,-,-,-,-,-,-,-
RJ Gleeson,2024-2024,1,-,-,-,-,-,-,-,-,-,-,-,-
R Goyal,2023-2023,1,-,-,-,-,-,-,-,-,-,-,-,-
RS Hangargekar,2023-2023,1,-,-,-,-,-,-,-,-,-,-,-,-
Harmeet Singh,2011-2011,1,-,-,-,-,-,-,-,-,-,-,-,-
Harpreet Brar,2023-2025,3,-,-,-,-,-,-,-,-,-,-,-,-
Harshit Rana,2023-2025,3,-,-,-,-,-,-,-,-,-,-,-,-
JR Hazlewood,2025-2025,1,-,-,-,-,-,-,-,-,-,-,-,-
MJ Henry,2024-2024,1,-,-,-,-,-,-,-,-,-,-,-,-
BW Hilfenhaus,2012-2012,4,-,-,-,-,-,-,-,-,-,-,-,-
Jaskaran Singh,2010-2010,1,-,-,-,-,-,-,-,-,-,-,-,-
AS Joseph,2024-2024,1,-,-,-,-,-,-,-,-,-,-,-,-
S Randiv,2011-2011,5,-,-,-,-,-,-,-,-,-,-,-,-
CK Kapugedera,2008-2008,1,-,-,-,-,-,-,-,-,-,-,-,-
SC Kuggeleijn,2019-2019,2,-,-,-,-,-,-,-,-,-,-,-,-
DS Kulkarni,2008-2019,2,-,-,-,-,-,-,-,-,-,-,-,-
B Lee,2012-2012,2,-,-,-,-,-,-,-,-,-,-,-,-
MJ McClenaghan,2015-2015,1,-,-,-,-,-,-,-,-,-,-,-,-
GD McGrath,2008-2008,1,-,-,-,-,-,-,-,-,-,-,-,-
SSB Magala,2023-2023,1,-,-,-,-,-,-,-,-,-,-,-,-
VY Mahesh,2008-2012,2,-,-,-,-,-,-,-,-,-,-,-,-
A Madhwal,2023-2023,2,-,-,-,-,-,-,-,-,-,-,-,-
M Markande,2023-2023,1,-,-,-,-,-,-,-,-,-,-,-,-
AF Milne,2021-2021,1,-,-,-,-,-,-,-,-,-,-,-,-
Mohammad Asif,2008-2008,1,-,-,-,-,-,-,-,-,-,-,-,-
M Morkel,2012-2012,1,-,-,-,-,-,-,-,-,-,-,-,-
Mukesh Choudhary,2025-2025,1,-,-,-,-,-,-,-,-,-,-,-,-
Mukesh Kumar,2025-2025,1,-,-,-,-,-,-,-,-,-,-,-,-
Mustafizur Rahman,2024-2024,6,-,-,-,-,-,-,-,-,-,-,-,-
S Narwal,2010-2010,1,-,-,-,-,-,-,-,-,-,-,-,-
R Ninan,2011-2011,1,-,-,-,-,-,-,-,-,-,-,-,-
PP Ojha,2008-2013,5,-,-,-,-,-,-,-,-,-,-,-,-
IC Pandey,2015-2015,5,-,-,-,-,-,-,-,-,-,-,-,-
Pankaj Singh,2008-2008,1,-,-,-,-,-,-,-,-,-,-,-,-
MM Patel,2008-2013,3,-,-,-,-,-,-,-,-,-,-,-,-
M Pathirana,2023-2025,13,-,-,-,-,-,-,-,-,-,-,-,-
V Pratap Singh,2012-2012,1,-,-,-,-,-,-,-,-,-,-,-,-
V Puthur,2025-2025,1,-,-,-,-,-,-,-,-,-,-,-,-
K Rabada,2021-2024,4,-,-,-,-,-,-,-,-,-,-,-,-
R Sai Kishore,2024-2024,1,-,-,-,-,-,-,-,-,-,-,-,-
D Salunkhe,2008-2008,1,-,-,-,-,-,-,-,-,-,-,-,-
PJ Sangwan,2008-2008,1,-,-,-,-,-,-,-,-,-,-,-,-
KR Sen,2023-2023,1,-,-,-,-,-,-,-,-,-,-,-,-
Shoaib Malik,2008-2008,1,-,-,-,-,-,-,-,-,-,-,-,-
R Shukla,2013-2013,1,-,-,-,-,-,-,-,-,-,-,-,-
Simarjeet Singh,2024-2024,1,-,-,-,-,-,-,-,-,-,-,-,-
RP Singh,2008-2013,4,-,-,-,-,-,-,-,-,-,-,-,-
A Singh,2012-2012,1,-,-,-,-,-,-,-,-,-,-,-,-
Sohail Tanvir,2008-2008,1,-,-,-,-,-,-,-,-,-,-,-,-
TG Southee,2011-2011,2,-,-,-,-,-,-,-,-,-,-,-,-
SJ Srivastava,2010-2010,1,-,-,-,-,-,-,-,-,-,-,-,-
DW Steyn,2008-2013,4,-,-,-,-,-,-,-,-,-,-,-,-
Suyash Sharma,2023-2025,2,-,-,-,-,-,-,-,-,-,-,-,-
SW Tait,2010-2010,1,-,-,-,-,-,-,-,-,-,-,-,-
SN Thakur,2018-2024,9,-,-,-,-,-,-,-,-,-,-,-,-
Yash Thakur,2023-2024,3,-,-,-,-,-,-,-,-,-,-,-,-
M Theekshana,2023-2024,10,-,-,-,-,-,-,-,-,-,-,-,-
T Thushara,2010-2010,2,-,-,-,-,-,-,-,-,-,-,-,-
SK Trivedi,2011-2013,3,-,-,-,-,-,-,-,-,-,-,-,-
AJ Tye,2019-2019,1,-,-,-,-,-,-,-,-,-,-,-,-
Umran Malik,2023-2023,1,-,-,-,-,-,-,-,-,-,-,-,-
WPUJC Vaas,2010-2010,1,-,-,-,-,-,-,-,-,-,-,-,-
DP Vijaykumar,2008-2008,1,-,-,-,-,-,-,-,-,-,-,-,-
SB Wagh,2010-2010,1,-,-,-,-,-,-,-,-,-,-,-,-
SK Warne,2008-2011,3,-,-,-,-,-,-,-,-,-,-,-,-
AS Yadav,2008-2008,1,-,-,-,-,-,-,-,-,-,-,-,-
Yash Dayal,2024-2025,2,-,-,-,-,-,-,-,-,-,-,-,-
VS Yeligati,2008-2008,1,-,-,-,-,-,-,-,-,-,-,-,-
Zeeshan Ansari,2025-2025,1,-,-,-,-,-,-,-,-,-,-,-,-
Player,Span,Mat,Inns,NO,Runs,HS,Ave,BF,SR,100,50,0,4s,6s
V Kohli,2008-2025,92,90,11,3140,113,39.74,2197,142.92,4,23,5,287,132
AB de Villiers,2008-2019,60,58,13,1960,129*,43.55,1216,161.18,1,15,2,155,118
CH Gayle,2010-2019,44,44,6,1561,175*,41.07,976,159.93,3,8,3,121,127
F du Plessis,2014-2025,18,18,3,653,79*,43.53,409,159.65,0,8,0,63,35
KD Karthik,2008-2024,33,30,3,505,83,18.7,340,148.52,0,2,4,41,24
MS Dhoni,2008-2024,12,12,6,489,84*,81.5,270,181.11,0,5,0,38,33
KL Rahul,2013-2025,18,15,4,475,93*,43.18,330,143.93,0,3,1,40,22
Q de Kock,2014-2024,11,11,0,465,108,42.27,318,146.22,1,3,0,52,19
Mandeep Singh,2012-2019,22,19,4,413,52,27.53,299,138.12,0,1,3,38,15
MK Pandey,2008-2023,15,13,3,402,94,40.2,313,128.43,0,3,0,39,14
RV Uthappa,2008-2019,18,17,4,401,69,30.84,261,153.63,0,4,1,39,22
AT Rayudu,2010-2023,11,11,2,394,82,43.77,303,130.03,0,3,1,29,20
JH Kallis,2008-2013,16,16,2,388,89*,27.71,317,122.39,0,2,1,47,10
GJ Maxwell,2012-2024,18,18,1,354,77,20.82,207,171.01,0,3,2,23,28
AM Rahane,2012-2024,9,8,1,351,103*,50.14,230,152.6,1,1,0,42,12
DA Warner,2010-2024,9,9,0,350,69,38.88,216,162.03,0,4,0,34,19
Yuvraj Singh,2008-2019,14,14,1,345,83,26.53,220,156.81,0,2,0,23,26
TM Dilshan,2008-2013,11,11,2,326,71,36.22,299,109.03,0,3,1,40,6
BB McCullum,2008-2018,11,11,1,323,158*,32.3,212,152.35,1,0,1,30,19
PA Patel,2008-2019,21,20,1,308,53,16.21,261,118,0,1,1,37,8
G Gambhir,2008-2018,11,11,1,302,64,30.2,239,126.35,0,2,0,36,5
S Dhawan,2008-2024,10,10,3,286,73*,40.85,243,117.69,0,2,1,29,8
R Dravid,2008-2013,16,14,0,283,66,20.21,248,114.11,0,2,2,30,6
KM Jadhav,2010-2019,13,13,4,283,69,31.44,192,147.39,0,2,1,25,11
SR Watson,2008-2019,17,17,2,271,61*,18.06,203,133.49,0,1,1,28,14
MA Agarwal,2011-2019,15,14,1,270,64*,20.76,188,143.61,0,1,1,25,17
WP Saha,2008-2024,11,10,1,258,115*,28.66,195,132.3,1,0,0,24,12
SS Tiwary,2010-2016,18,15,6,243,52,27,215,113.02,0,1,0,21,8
RG Sharma,2008-2023,13,12,0,235,57,19.58,193,121.76,0,1,2,23,9
KA Pollard,2010-2019,11,10,4,230,70,38.33,154,149.35,0,2,0,16,14
YK Pathan,2008-2019,11,11,3,221,60*,27.62,147,150.34,0,1,1,17,14
RM Patidar,2024-2025,11,11,0,215,52,19.54,162,132.71,0,1,0,12,13
MP Stoinis,2018-2025,9,9,3,210,65,35,134,156.71,0,1,1,12,15
DR Smith,2008-2016,7,6,0,197,73,32.83,120,164.16,0,1,0,19,12
AR Patel,2014-2025,10,9,3,192,57,32,118,162.71,0,1,0,20,8
JP Duminy,2010-2018,5,5,3,187,67*,93.5,126,148.41,0,1,0,14,9
SS Iyer,2015-2025,6,6,1,185,67,37,137,135.03,0,2,1,15,8
TM Head,2016-2024,4,4,2,183,102,91.5,98,186.73,1,1,1,12,13
CA Lynn,2016-2019,6,6,1,180,62*,36,127,141.73,0,2,0,16,9
KS Williamson,2015-2019,4,4,1,180,81,60,120,150,0,2,0,14,10
SV Samson,2014-2023,6,6,1,177,92*,35.4,107,165.42,0,1,0,8,15
AJ Finch,2012-2018,7,7,0,169,72,24.14,126,134.12,0,1,1,17,8
SK Raina,2008-2019,11,11,1,167,62,16.7,131,127.48,0,1,3,14,10
RR Pant,2017-2019,3,3,0,160,85,53.33,98,163.26,0,2,0,11,11
MM Ali,2018-2023,7,7,2,159,65,31.8,91,174.72,0,1,0,10,12
MS Bisla,2010-2015,5,5,0,159,75,31.8,115,138.26,0,1,0,15,8
MK Lomror,2019-2024,12,10,2,151,34,18.87,91,165.93,0,0,1,7,12
SP Narine,2013-2024,10,7,2,151,54,30.2,81,186.41,0,1,0,13,11
N Pooran,2019-2024,3,3,1,148,62,74,68,217.64,0,1,0,6,17
N Rana,2016-2025,6,6,1,148,48,29.6,103,143.68,0,0,0,10,8
SR Tendulkar,2008-2013,6,6,2,148,55*,37,138,107.24,0,1,1,20,1
TH David,2023-2025,5,5,2,146,50*,48.66,86,169.76,0,1,0,12,10
KK Nair,2013-2018,5,5,1,143,56,35.75,113,126.54,0,2,1,18,1
CL White,2008-2013,8,7,1,143,52,23.83,94,152.12,0,1,1,8,9
M Vohra,2013-2018,7,6,0,141,67,23.5,120,117.5,0,1,1,9,7
DA Miller,2013-2024,8,8,1,139,66,19.85,102,136.27,0,1,0,15,5
AD Russell,2015-2024,6,5,1,133,48*,33.25,57,233.33,0,0,1,7,14
SPD Smith,2012-2019,5,4,1,132,48*,44,90,146.66,0,0,0,13,5
RA Jadeja,2008-2024,13,11,2,131,42*,14.55,113,115.92,0,0,0,9,5
KH Pandya,2016-2025,11,9,3,130,45*,21.66,108,120.37,0,0,1,14,2
Shubman Gill,2018-2025,5,5,3,128,104*,64,78,164.1,1,0,0,7,9
JC Buttler,2016-2025,5,5,2,127,73*,42.33,71,178.87,0,1,1,8,10
AC Gilchrist,2008-2013,4,4,1,127,85*,42.33,85,149.41,0,1,1,15,5
SN Khan,2015-2018,9,7,4,125,45*,41.66,56,223.21,0,0,1,15,5
C de Grandhomme,2017-2019,8,8,3,121,40,24.2,80,151.25,0,0,1,3,10
C Green,2023-2024,7,7,2,121,38*,24.2,82,147.56,0,0,0,10,7
V Sehwag,2008-2014,6,6,0,121,47,20.16,88,137.5,0,0,1,21,1
LRPL Taylor,2008-2010,5,5,1,121,53,30.25,73,165.75,0,1,0,10,7
STR Binny,2013-2019,14,8,1,120,33,17.14,78,153.84,0,0,0,10,6
D Padikkal,2023-2025,5,5,0,113,52,22.6,83,136.14,0,2,0,12,4
V Shankar,2017-2024,5,4,0,112,53,28,77,145.45,0,1,0,11,6
PD Salt,2024-2025,5,5,0,111,37,22.2,77,144.15,0,0,0,12,6
SA Yadav,2014-2023,8,7,2,108,38,21.6,87,124.13,0,0,0,11,2
HH Pandya,2015-2023,6,4,3,107,50,107,66,162.12,0,1,0,7,7
MEK Hussey,2008-2013,4,4,0,106,49,26.5,88,120.45,0,0,0,12,3
D Wiese,2015-2023,8,6,4,106,47*,53,67,158.2,0,0,0,10,5
P Negi,2016-2019,13,11,1,103,32,10.3,88,117.04,0,0,2,7,4
W Jaffer,2008-2008,4,4,0,100,50,25,90,111.11,0,1,1,11,2
YBK Jaiswal,2023-2025,2,2,0,96,49,48,56,171.42,0,0,0,12,5
R Vinay Kumar,2008-2013,24,10,3,95,25,13.57,89,106.74,0,0,0,5,2
SO Hetmyer,2019-2025,4,4,0,94,75,23.5,70,134.28,0,1,0,5,6
P Kumar,2008-2016,18,12,3,93,34,10.33,86,108.13,0,0,2,8,6
LS Livingstone,2019-2025,5,5,1,90,54,22.5,72,125,0,1,0,4,7
Gurkeerat Singh,2016-2019,3,3,0,89,65,29.66,69,128.98,0,1,0,11,1
Anuj Rawat,2023-2024,7,6,3,88,25*,29.33,89,98.87,0,0,0,8,1
NV Ojha,2010-2017,7,6,0,87,33,14.5,79,110.12,0,0,1,7,3
JD Ryder,2011-2012,2,2,0,85,51,42.5,56,151.78,0,1,0,8,3
JM Sharma,2024-2025,5,5,1,85,33,21.25,69,123.18,0,0,0,10,3
NT Tilak Varma,2023-2023,1,1,1,84,84*,-,46,182.6,0,1,0,9,4
DP Conway,2023-2023,1,1,0,83,83,83,45,184.44,0,1,0,6,6
DJ Bravo,2011-2019,8,8,2,82,33*,13.66,51,160.78,0,0,0,7,4
VR Iyer,2023-2024,2,2,0,81,50,40.5,56,144.64,0,1,0,6,4
DC Jurel,2023-2025,2,2,1,81,47,81,50,162,0,0,0,5,5
R Ashwin,2010-2023,10,7,2,79,33,15.8,51,154.9,0,0,0,7,3
SE Marsh,2008-2017,5,5,0,79,39,15.8,73,108.21,0,0,0,10,1
S Badrinath,2008-2013,5,4,1,78,47,26,66,118.18,0,0,1,11,2
TL Suman,2010-2010,1,1,1,78,78*,-,57,136.84,0,1,0,6,3
RS Bopara,2010-2015,2,1,0,77,77,77,50,154,0,1,0,9,2
DPMD Jayawardene,2008-2013,4,4,2,74,28,37,73,101.36,0,0,0,7,1
H Klaasen,2019-2024,2,2,0,73,67,36.5,38,192.1,0,1,0,2,7
SP Goswami,2008-2018,4,2,0,72,52,36,66,109.09,0,1,0,8,1
MK Tiwary,2010-2017,5,5,1,71,27,17.75,58,122.41,0,0,1,6,2
R McLaren,2010-2013,3,3,0,70,40,23.33,77,90.9,0,0,0,5,0
S Dube,2019-2024,3,3,1,68,52,34,47,144.68,0,1,0,2,6
IK Pathan,2008-2014,5,5,4,67,24,67,43,155.81,0,0,0,6,3
Azhar Mahmood,2012-2013,2,2,0,63,61,31.5,45,140,0,1,0,8,1
MV Boucher,2008-2011,10,8,2,63,18,10.5,66,95.45,0,0,0,6,1
Iqbal Abdulla,2011-2017,6,4,3,62,33*,62,49,126.53,0,0,0,8,1
LMP Simmons,2015-2017,2,2,0,62,59,31,50,124,0,1,0,9,2
R Ravindra,2024-2024,1,1,0,61,61,61,37,164.86,0,1,0,5,3
JJ Roy,2018-2023,2,2,0,61,56,30.5,45,135.55,0,1,0,4,5
M Vijay,2010-2016,7,7,0,61,32,8.71,57,107.01,0,0,0,5,3
OA Shah,2012-2012,1,1,0,60,60,60,26,230.76,0,1,0,5,5
Sachin Baby,2016-2016,7,4,2,59,25*,29.5,34,173.52,0,0,1,5,4
UBT Chand,2015-2015,1,1,0,58,58,58,37,156.75,0,1,0,8,2
Misbah-ul-Haq,2008-2008,4,4,1,58,47*,19.33,38,152.63,0,0,1,3,4
Washington Sundar,2018-2019,7,5,2,58,35,19.33,31,187.09,0,0,1,4,4
DJ Hussey,2008-2014,3,2,0,57,45,28.5,41,139.02,0,0,0,3,4
AB McDonald,2010-2013,4,4,1,57,30,19,43,132.55,0,0,1,6,3
B Sai Sudharsan,2024-2025,2,2,0,55,49,27.5,50,110,0,0,0,7,1
ST Jayasuriya,2008-2008,1,1,0,54,54,54,37,145.94,0,1,0,4,4
NLTC Perera,2013-2016,2,2,0,54,40,27,32,168.75,0,0,0,2,5
KP Pietersen,2010-2014,2,2,0,54,33,27,45,120,0,0,0,3,2
N Wadhera,2023-2025,2,2,1,54,33*,54,32,168.75,0,0,0,4,5
A Symonds,2010-2010,1,1,1,53,53*,-,24,220.83,0,1,0,5,3
R Tewatia,2014-2025,6,4,3,53,35,53,37,143.24,0,0,0,8,1
VVS Laxman,2008-2008,1,1,0,52,52,52,44,118.18,0,1,0,7,0
CA Pujara,2010-2013,6,4,0,52,19,13,49,106.12,0,0,0,4,3
BCJ Cutting,2016-2018,2,2,2,51,39*,-,21,242.85,0,0,0,4,5
N Saini,2012-2012,1,1,0,50,50,50,36,138.88,0,1,0,5,0
AD Nath,2016-2019,5,4,0,49,24,12.25,45,108.88,0,0,0,5,1
SC Ganguly,2008-2012,3,3,0,49,33,16.33,52,94.23,0,0,0,4,2
WG Jacks,2024-2024,3,3,0,49,41,16.33,36,136.11,0,0,0,4,2
GC Smith,2008-2008,1,1,0,49,49,49,42,116.66,0,0,0,8,0
RT Ponting,2008-2013,2,2,0,48,28,24,53,90.56,0,0,0,2,2
DJ Harris,2012-2012,1,1,0,47,47,47,41,114.63,0,0,0,2,4
ML Hayden,2008-2010,2,2,0,45,32,22.5,47,95.74,0,0,0,7,0
Z Khan,2008-2017,25,10,6,45,17*,11.25,48,93.75,0,0,2,5,0
MA Starc,2014-2025,12,4,2,45,29,22.5,39,115.38,0,0,0,5,0
RA Tripathi,2017-2018,2,2,1,45,31,45,28,160.71,0,0,0,4,2
JP Faulkner,2013-2017,3,2,1,44,41*,44,24,183.33,0,0,0,3,3
M Kaif,2008-2012,8,5,2,44,15,14.66,44,100,0,0,0,4,0
EJG Morgan,2010-2016,7,5,1,44,22*,11,45,97.77,0,0,0,4,0
MC Henriques,2013-2016,6,5,3,42,19,21,41,102.43,0,0,0,6,0
JA Morkel,2008-2014,6,4,1,41,19,13.66,37,110.81,0,0,0,1,3
T Stubbs,2024-2025,2,2,1,41,38*,41,27,151.85,0,0,0,4,1
MJ Guptill,2017-2019,2,2,0,39,30,19.5,33,118.18,0,0,0,3,2
Prabhsimran Singh,2024-2025,2,2,0,38,25,19,26,146.15,0,0,0,4,2
S Rana,2014-2014,3,3,2,38,18,38,36,105.55,0,0,0,3,1
Abdul Samad,2024-2024,1,1,1,37,37*,-,10,370,0,0,0,4,3
AD Hales,2018-2018,1,1,0,37,37,37,24,154.16,0,0,0,2,3
M Shahrukh Khan,2024-2025,2,1,0,37,37,37,24,154.16,0,0,0,5,1
Shahbaz Ahmed,2023-2024,7,4,1,36,20*,12,31,116.12,0,0,0,3,1
A Ashish Reddy,2012-2016,4,2,0,35,32,17.5,22,159.09,0,0,0,2,3
Abhishek Sharma,2024-2024,1,1,0,34,34,34,22,154.54,0,0,0,2,2
SW Billings,2017-2018,2,2,0,34,25,17,26,130.76,0,0,0,3,1
MN Samuels,2012-2012,1,1,0,34,34,34,20,170,0,0,0,1,2
S Aravind,2011-2017,19,5,3,33,14*,16.5,37,89.18,0,0,0,3,0
IR Jaggi,2017-2017,2,2,1,33,28,33,39,84.61,0,0,0,3,0
KC Sangakkara,2010-2013,3,2,1,33,23,33,27,122.22,0,0,0,3,1
KV Sharma,2014-2024,9,3,2,33,26*,33,22,150,0,0,0,4,1
AK Markram,2024-2024,1,1,1,32,32*,-,17,188.23,0,0,0,2,2
HV Patel,2012-2024,23,8,1,31,10,4.42,24,129.16,0,0,2,2,2
RR Sarwan,2008-2008,1,1,0,31,31,31,29,106.89,0,0,0,4,1
A Badoni,2023-2024,2,2,0,30,30,15,27,111.11,0,0,1,4,0
SE Rutherford,2025-2025,1,1,1,30,30*,-,18,166.66,0,0,0,1,3
SD Hope,2024-2024,1,1,0,29,29,29,23,126.08,0,0,0,4,0
SS Prabhudessai,2023-2023,3,3,0,29,19,9.66,22,131.81,0,0,1,1,2
RR Rossouw,2014-2015,4,4,0,29,14,7.25,37,78.37,0,0,1,2,1
BA Stokes,2017-2018,2,2,0,29,27,14.5,24,120.83,0,0,0,2,1
VH Zol,2014-2014,3,2,0,29,16,14.5,26,111.53,0,0,0,3,1
J Fraser-McGurk,2024-2025,2,2,0,28,21,14,14,200,0,0,0,3,2
PP Shaw,2019-2023,2,2,0,28,28,14,24,116.66,0,0,1,5,0
N Jagadeesan,2023-2023,1,1,0,27,27,27,29,93.1,0,0,0,4,0
S Sriram,2010-2010,1,1,0,27,27,27,29,93.1,0,0,0,3,0
R Bhatia,2008-2016,6,3,2,26,13,26,12,216.66,0,0,0,3,1
MG Bracewell,2023-2023,2,1,0,26,26,26,16,162.5,0,0,0,5,0
PP Chawla,2008-2023,14,4,2,26,13*,13,19,136.84,0,0,0,1,2
Ishan Kishan,2017-2023,3,3,0,26,16,8.66,25,104,0,0,1,6,0
KB Arun Karthik,2011-2013,8,3,1,25,19*,12.5,26,96.15,0,0,0,3,0
M Klinger,2011-2011,1,1,0,24,24,24,25,96,0,0,0,3,0
B Kumar,2012-2025,13,7,5,24,8,12,37,64.86,0,0,0,3,0
MR Marsh,2010-2023,3,2,0,24,24,12,27,88.88,0,0,1,0,2
DL Vettori,2011-2012,10,3,0,24,20,8,18,133.33,0,0,0,3,1
VR Aaron,2014-2019,14,4,3,23,17*,23,19,121.05,0,0,0,1,2
SM Curran,2024-2024,1,1,0,23,23,23,17,135.29,0,0,0,3,0
A Nortje,2023-2023,1,1,1,23,23*,-,14,164.28,0,0,0,4,0
MM Sharma,2013-2025,9,5,1,23,14,5.75,25,92,0,0,1,3,0
RK Singh,2023-2024,2,2,2,23,18*,-,15,153.33,0,0,0,2,1
GJ Bailey,2010-2016,5,5,0,22,18,4.4,42,52.38,0,0,1,2,0
CA Ingram,2019-2019,1,1,0,22,22,22,21,104.76,0,0,0,2,1
DJ Jacobs,2011-2011,1,1,0,22,22,22,16,137.5,0,0,0,2,2
DS Kulkarni,2008-2018,5,3,1,22,10*,11,12,183.33,0,0,0,4,0
R Parag,2019-2025,2,1,0,22,22,22,10,220,0,0,0,2,2
Shashank Singh,2024-2025,2,2,1,22,21*,22,13,169.23,0,0,0,1,2
PC Valthaty,2011-2011,1,1,0,21,21,21,16,131.25,0,0,0,4,0
B Chipli,2008-2008,3,3,0,20,10,6.66,28,71.42,0,0,0,3,0
M Manhas,2010-2014,5,3,2,20,11*,20,22,90.9,0,0,0,2,0
A Choudhary,2017-2017,3,2,1,19,15*,19,18,105.55,0,0,0,1,0
ER Dwivedi,2016-2016,1,1,0,19,19,19,9,211.11,0,0,0,1,2
BJ Hodge,2011-2013,3,3,1,19,13,9.5,31,61.29,0,0,0,1,0
DJ Hooda,2016-2023,4,4,1,19,9,6.33,23,82.6,0,0,0,2,0
DR Martyn,2010-2010,1,1,0,19,19,19,24,79.16,0,0,0,1,0
Rashid Khan,2017-2025,6,2,0,19,18,9.5,16,118.75,0,0,0,2,1
YV Takawale,2008-2014,2,1,0,19,19,19,17,111.76,0,0,0,4,0
RN ten Doeschate,2012-2015,3,3,0,19,12,6.33,14,135.71,0,0,0,2,1
Aman Hakim Khan,2023-2023,1,1,0,18,18,18,10,180,0,0,0,1,1
AP Tare,2010-2017,2,1,0,18,18,18,17,105.88,0,0,0,3,0
Y Venugopal Rao,2010-2012,2,1,0,18,18,18,23,78.26,0,0,0,1,0
CJ Anderson,2018-2018,2,2,0,17,15,8.5,21,80.95,0,0,0,0,1
SB Bangar,2008-2008,1,1,1,17,17*,-,7,242.85,0,0,0,0,2
RJ Harris,2010-2012,3,1,0,17,17,17,25,68,0,0,0,1,0
MG Johnson,2013-2018,6,2,1,17,16*,17,16,106.25,0,0,0,1,1
MC Juneja,2013-2013,1,1,0,17,17,17,16,106.25,0,0,0,2,0
SL Malinga,2011-2019,6,1,0,17,17,17,16,106.25,0,0,0,1,1
P Arya,2025-2025,1,1,0,16,16,16,11,145.45,0,0,0,1,1
UT Khawaja,2016-2016,1,1,0,16,16,16,6,266.66,0,0,0,2,1
Y Nagar,2012-2012,1,1,0,16,16,16,15,106.66,0,0,0,2,0
LA Pomersbach,2011-2011,2,1,0,16,16,16,14,114.28,0,0,0,2,0
Shakib Al Hasan,2012-2018,3,2,0,16,12,8,11,145.45,0,0,0,2,0
V Suryavanshi,2025-2025,1,1,0,16,16,16,12,133.33,0,0,0,0,2
Arshad Khan,2023-2025,2,1,1,15,15*,-,9,166.66,0,0,0,0,1
Swapnil Singh,2024-2024,3,2,1,15,15*,15,10,150,0,0,1,2,1
DJ Willey,2023-2023,3,2,2,15,11*,-,12,125,0,0,0,2,0
SA Abbott,2015-2015,1,1,0,14,14,14,9,155.55,0,0,0,1,1
Abishek Porel,2023-2025,3,3,0,14,7,4.66,18,77.77,0,0,0,1,0
PW Hasaranga,2023-2025,5,4,1,14,6,4.66,16,87.5,0,0,0,0,0
JP Inglis,2025-2025,1,1,0,14,14,14,17,82.35,0,0,0,2,0
Mohammed Siraj,2018-2025,22,5,2,14,12,4.66,14,100,0,0,1,0,2
BJ Rohrer,2013-2013,1,1,0,14,14,14,14,100,0,0,0,2,0
DJG Sammy,2014-2015,2,2,0,14,8,7,17,82.35,0,0,0,0,1
V Vyshak,2023-2024,8,3,2,14,13*,14,11,127.27,0,0,1,0,1
JEC Franklin,2011-2012,2,1,0,13,13,13,13,100,0,0,0,0,1
Kuldeep Yadav,2018-2025,5,2,1,13,7*,13,16,81.25,0,0,0,1,0
MF Maharoof,2008-2008,1,1,1,13,13*,-,8,162.5,0,0,0,1,1
UT Yadav,2010-2023,22,6,5,13,9*,13,11,118.18,0,0,1,2,0
DAJ Bracewell,2012-2012,1,1,1,12,12*,-,9,133.33,0,0,0,1,0
KC Cariappa,2016-2016,1,1,1,12,12*,-,8,150,0,0,0,0,1
SB Dubey,2025-2025,1,1,0,12,12,12,7,171.42,0,0,0,1,1
AD Mathews,2010-2015,3,3,0,12,10,4,12,100,0,0,0,0,1
AM Nayar,2008-2012,4,3,1,12,9*,6,14,85.71,0,0,0,1,0
R Rampaul,2013-2014,5,2,1,12,12*,12,8,150,0,0,1,0,1
PA Reddy,2012-2013,2,1,0,12,12,12,11,109.09,0,0,0,2,0
Sandeep Sharma,2013-2025,8,2,1,12,7,12,14,85.71,0,0,0,1,0
R Sathish,2011-2013,2,1,1,12,12*,-,6,200,0,0,0,1,1
S Badree,2014-2017,6,3,0,11,8,3.66,13,84.61,0,0,1,0,0
DJM Short,2018-2018,1,1,0,11,11,11,17,64.7,0,0,0,1,0
TG Southee,2016-2019,8,3,2,11,9*,11,12,91.66,0,0,0,0,0
JD Unadkat,2011-2024,14,2,1,11,9,11,12,91.66,0,0,0,1,0
B Akhil,2008-2008,4,4,1,10,5,3.33,12,83.33,0,0,1,1,0
HM Amla,2016-2017,2,2,0,10,9,5,9,111.11,0,0,0,0,1
MJ Lumb,2010-2010,1,1,0,10,10,10,18,55.55,0,0,0,1,0
Rasikh Salam,2024-2025,2,1,0,10,10,10,12,83.33,0,0,0,1,0
DW Steyn,2008-2019,16,5,2,10,8,3.33,16,62.5,0,0,1,1,0
YS Chahal,2014-2025,43,6,5,9,4*,9,11,81.81,0,0,0,0,0
MD Mishra,2010-2010,1,1,0,9,9,9,11,81.81,0,0,0,2,0
AA Noffke,2008-2008,1,1,0,9,9,9,10,90,0,0,0,1,0
Vishnu Vinod,2017-2017,1,1,0,9,9,9,5,180,0,0,0,0,1
JM Bairstow,2024-2024,1,1,0,8,8,8,6,133.33,0,0,0,2,0
B Lee,2011-2012,2,1,1,8,8*,-,4,200,0,0,0,0,1
A Mishra,2010-2023,6,1,1,8,8*,-,14,57.14,0,0,0,0,0
TD Paine,2011-2011,1,1,0,8,8,8,17,47.05,0,0,0,0,0
RR Powar,2011-2011,1,1,1,8,8*,-,6,133.33,0,0,0,0,0
Bipul Sharma,2010-2017,3,2,1,7,5,7,6,116.66,0,0,0,1,0
HH Gibbs,2008-2012,2,2,0,7,5,3.5,13,53.84,0,0,0,1,0
RV Gomez,2011-2011,1,1,0,7,7,7,15,46.66,0,0,0,1,0
PV Tambe,2014-2016,2,1,1,7,7*,-,19,36.84,0,0,0,1,0
AJ Tye,2017-2018,2,1,0,7,7,7,7,100,0,0,0,0,0
LJ Wright,2013-2013,1,1,0,7,7,7,3,233.33,0,0,0,0,1
AB Agarkar,2008-2010,2,1,1,6,6*,-,6,100,0,0,0,0,0
NM Coulter-Nile,2017-2017,2,1,0,6,6,6,4,150,0,0,0,0,1
PJ Cummins,2015-2024,3,1,0,6,6,6,6,100,0,0,0,1,0
P Dogra,2010-2012,2,2,1,6,3*,6,14,42.85,0,0,0,0,0
SB Joshi,2008-2008,2,2,0,6,3,3,14,42.85,0,0,0,0,0
M Markande,2018-2024,3,1,0,6,6,6,5,120,0,0,0,1,0
A Mithun,2011-2012,7,3,3,6,6*,-,3,200,0,0,0,1,0
M Muralidaran,2010-2014,11,1,0,6,6,6,8,75,0,0,0,0,0
AUK Pathan,2011-2012,4,4,1,6,4,2,10,60,0,0,2,0,0
AN Ahmed,2014-2015,3,2,1,5,4,5,3,166.66,0,0,0,1,0
DT Christian,2013-2017,2,2,0,5,4,2.5,16,31.25,0,0,0,0,0
JR Hopes,2008-2008,1,1,0,5,5,5,4,125,0,0,0,1,0
AA Jhunjhunwala,2010-2010,1,1,0,5,5,5,7,71.42,0,0,0,1,0
A Kumble,2008-2010,12,4,3,5,3,5,11,45.45,0,0,0,0,0
Mohammad Hafeez,2008-2008,1,1,1,5,5*,-,3,166.66,0,0,0,1,0
AG Murtaza,2011-2013,2,1,0,5,5,5,4,125,0,0,0,1,0
HR Shokeen,2023-2023,1,1,0,5,5,5,3,166.66,0,0,0,1,0
LR Shukla,2008-2012,2,1,0,5,5,5,8,62.5,0,0,0,0,0
J Syed Mohammad,2011-2013,3,2,1,5,4*,5,3,166.66,0,0,0,1,0
DH Yagnik,2013-2013,1,1,0,5,5,5,4,125,0,0,0,1,0
A Chandila,2013-2013,1,1,1,4,4*,-,6,66.66,0,0,0,0,0
Karanveer Singh,2014-2015,2,1,0,4,4,4,7,57.14,0,0,0,0,0
DJ Mitchell,2024-2024,1,1,0,4,4,4,6,66.66,0,0,0,0,0
Mohammad Nabi,2019-2019,1,1,0,4,4,4,3,133.33,0,0,0,1,0
M Morkel,2010-2016,5,2,1,4,2*,4,12,33.33,0,0,0,0,0
CH Morris,2013-2019,5,3,1,4,4,2,8,50,0,0,1,0,0
DT Patil,2008-2008,1,1,0,4,4,4,1,400,0,0,0,1,0
AS Rajpoot,2017-2019,3,1,0,4,4,4,7,57.14,0,0,0,1,0
PJ Sangwan,2008-2013,3,1,1,4,4*,-,2,200,0,0,0,1,0
Shivam Sharma,2014-2014,1,1,0,4,4,4,2,200,0,0,0,1,0
Sunny Singh,2011-2011,1,1,0,4,4,4,5,80,0,0,0,0,0
GH Vihari,2013-2013,1,1,1,4,4*,-,3,133.33,0,0,0,0,0
SK Warne,2008-2010,2,1,0,4,4,4,7,57.14,0,0,0,0,0
Lalit Yadav,2023-2023,1,1,0,4,4,4,7,57.14,0,0,0,0,0
RD Gaikwad,2023-2024,2,2,0,3,3,1.5,7,42.85,0,0,1,0,0
CJ Jordan,2016-2017,7,2,0,3,3,1.5,5,60,0,0,1,0,0
Mukesh Kumar,2024-2025,2,1,0,3,3,3,7,42.85,0,0,0,0,0
Ravi Bishnoi,2023-2024,2,1,1,3,3*,-,2,150,0,0,0,0,0
MJ Santner,2024-2024,1,1,0,3,3,3,4,75,0,0,0,0,0
RJW Topley,2023-2024,3,1,1,3,3*,-,6,50,0,0,0,0,0
SK Trivedi,2008-2013,4,2,1,3,3,3,7,42.85,0,0,0,0,0
AS Yadav,2008-2008,1,1,1,3,3*,-,4,75,0,0,0,0,0
S Chanderpaul,2008-2008,1,1,0,2,2,2,9,22.22,0,0,0,0,0
Fazalhaq Farooqi,2025-2025,1,1,1,2,2*,-,2,100,0,0,0,0,0
Harbhajan Singh,2010-2018,9,3,1,2,1*,1,6,33.33,0,0,1,0,0
Harpreet Brar,2024-2025,2,1,1,2,2*,-,2,100,0,0,0,0,0
K Kushagra,2024-2024,1,1,0,2,2,2,3,66.66,0,0,0,0,0
AF Milne,2016-2017,2,1,0,2,2,2,3,66.66,0,0,0,0,0
WD Parnell,2023-2023,4,1,0,2,2,2,5,40,0,0,0,0,0
BB Samantray,2013-2013,1,1,1,2,2*,-,2,100,0,0,0,0,0
R Shukla,2014-2014,1,1,1,2,2*,-,6,33.33,0,0,0,0,0
SB Styris,2008-2008,1,1,0,2,2,2,3,66.66,0,0,0,0,0
Abdul Basith,2023-2023,1,1,1,1,1*,-,1,100,0,0,0,0,0
M Ashwin,2018-2019,2,1,1,1,1*,-,2,50,0,0,0,0,0
L Balaji,2010-2014,6,2,2,1,1*,-,3,33.33,0,0,0,0,0
MS Bhandage,2025-2025,1,1,0,1,1,1,4,25,0,0,0,0,0
CR Brathwaite,2016-2017,2,1,0,1,1,1,5,20,0,0,0,0,0
TU Deshpande,2023-2025,3,1,1,1,1*,-,2,50,0,0,0,0,0
YV Dhull,2023-2023,1,1,0,1,1,1,4,25,0,0,0,0,0
AB Dinda,2008-2016,8,2,1,1,1*,1,2,50,0,0,1,0,0
Harpreet Singh,2011-2011,1,1,1,1,1*,-,1,100,0,0,0,0,0
SB Jakati,2011-2016,4,2,2,1,1*,-,2,50,0,0,0,0,0
MJ McClenaghan,2015-2019,5,3,1,1,1,0.5,5,20,0,0,1,0,0
BAW Mendis,2010-2010,1,1,1,1,1*,-,1,100,0,0,0,0,0
Mohammed Shami,2014-2023,4,1,1,1,1*,-,1,100,0,0,0,0,0
Pankaj Singh,2010-2012,2,1,0,1,1,1,2,50,0,0,0,0,0
P Parameswaran,2011-2012,2,1,1,1,1*,-,1,100,0,0,0,0,0
Shahid Afridi,2008-2008,1,1,0,1,1,1,2,50,0,0,0,0,0
RP Singh,2008-2016,12,2,1,1,1*,1,1,100,0,0,1,0,0
MJ Suthar,2024-2024,1,1,0,1,1,1,2,50,0,0,0,0,0
SW Tait,2013-2013,1,1,0,1,1,1,3,33.33,0,0,0,0,0
SN Thakur,2017-2024,4,3,1,1,1*,0.5,3,33.33,0,0,2,0,0
CR Woakes,2017-2018,4,2,2,1,1*,-,3,33.33,0,0,0,0,0
MA Wood,2023-2023,1,1,0,1,1,1,2,50,0,0,0,0,0
KJ Abbott,2016-2016,1,1,0,0,0,0,1,0,0,0,1,0,0
L Ablish,2011-2011,1,1,1,0,0*,-,2,0,0,0,0,0,0
Anureet Singh,2015-2015,1,1,0,0,0,0,2,0,0,0,1,0,0
JC Archer,2023-2025,2,1,0,0,0,0,1,0,0,0,1,0,0
Avesh Khan,2023-2023,1,1,1,0,0*,-,1,0,0,0,0,0,0
F Behardien,2016-2016,1,1,0,0,0,0,1,0,0,0,1,0,0
JJ Bumrah,2013-2019,7,1,1,0,0*,-,1,0,0,0,0,0,0
SD Chauhan,2024-2024,1,1,0,0,0,0,1,0,0,0,1,0,0
MJ Dagar,2024-2024,3,1,0,0,0,0,1,0,0,0,1,0,0
JR Hazlewood,2025-2025,4,1,1,0,0*,-,1,0,0,0,0,0,0
S Kaushik,2016-2016,1,1,0,0,0,0,1,0,0,0,1,0,0
KR Mayers,2023-2023,1,1,0,0,0,0,3,0,0,0,1,0,0
TS Mills,2017-2017,2,1,0,0,0,0,3,0,0,0,1,0,0
Mujeeb Ur Rahman,2018-2018,1,1,0,0,0,0,2,0,0,0,1,0,0
S Nadeem,2012-2018,5,1,0,0,0,0,2,0,0,0,1,0,0
S Narwal,2010-2010,1,1,0,0,0,0,1,0,0,0,1,0,0
A Nehra,2008-2016,6,1,1,0,0*,-,1,0,0,0,0,0,0
Noor Ahmad,2023-2024,2,1,1,0,0*,-,0,-,0,0,0,0,0
JDP Oram,2008-2013,2,1,1,0,0*,-,0,-,0,0,0,0,0
IC Pandey,2013-2015,2,1,0,0,0,0,2,0,0,0,1,0,0
MM Patel,2008-2013,5,1,0,0,0,0,2,0,0,0,1,0,0
M Rawat,2008-2008,1,1,0,0,0,0,2,0,0,0,1,0,0
NA Saini,2019-2019,7,1,1,0,0*,-,1,0,0,0,0,0,0
MD Shanaka,2023-2023,1,1,0,0,0,0,3,0,0,0,1,0,0
I Sharma,2008-2025,7,2,1,0,0*,0,6,0,0,0,1,0,0
S Sreesanth,2008-2013,3,1,0,0,0,0,2,0,0,0,1,0,0
GC Viljoen,2019-2019,1,1,0,0,0,0,1,0,0,0,1,0,0
Yash Dayal,2023-2025,12,1,0,0,0,0,1,0,0,0,1,0,0
P Amarnath,2008-2008,1,-,-,-,-,-,-,-,-,-,-,-,-
YA Abdulla,2010-2010,1,-,-,-,-,-,-,-,-,-,-,-,-
KK Ahmed,2019-2024,2,-,-,-,-,-,-,-,-,-,-,-,-
Akash Deep,2023-2023,1,-,-,-,-,-,-,-,-,-,-,-,-
Akash Singh,2023-2023,1,-,-,-,-,-,-,-,-,-,-,-,-
Anand Rajan,2012-2012,1,-,-,-,-,-,-,-,-,-,-,-,-
Ankit Soni,2017-2017,1,-,-,-,-,-,-,-,-,-,-,-,-
KP Appanna,2012-2012,3,-,-,-,-,-,-,-,-,-,-,-,-
VG Arora,2023-2023,1,-,-,-,-,-,-,-,-,-,-,-,-
Arshdeep Singh,2024-2025,2,-,-,-,-,-,-,-,-,-,-,-,-
P Awana,2012-2014,3,-,-,-,-,-,-,-,-,-,-,-,-
XC Bartlett,2025-2025,1,-,-,-,-,-,-,-,-,-,-,-,-
Basil Thampi,2017-2019,3,-,-,-,-,-,-,-,-,-,-,-,-
JP Behrendorff,2023-2023,1,-,-,-,-,-,-,-,-,-,-,-,-
DE Bollinger,2011-2011,1,-,-,-,-,-,-,-,-,-,-,-,-
J Botha,2012-2012,1,-,-,-,-,-,-,-,-,-,-,-,-
TA Boult,2015-2023,4,-,-,-,-,-,-,-,-,-,-,-,-
DL Chahar,2018-2019,2,-,-,-,-,-,-,-,-,-,-,-,-
RD Chahar,2017-2024,2,-,-,-,-,-,-,-,-,-,-,-,-
LH Ferguson,2019-2024,4,-,-,-,-,-,-,-,-,-,-,-,-
CRD Fernando,2008-2010,2,-,-,-,-,-,-,-,-,-,-,-,-
Gagandeep Singh,2008-2008,1,-,-,-,-,-,-,-,-,-,-,-,-
MS Gony,2008-2013,2,-,-,-,-,-,-,-,-,-,-,-,-
S Gopal,2018-2019,2,-,-,-,-,-,-,-,-,-,-,-,-
K Gowtham,2018-2018,1,-,-,-,-,-,-,-,-,-,-,-,-
Harmeet Singh,2010-2010,1,-,-,-,-,-,-,-,-,-,-,-,-
Harshit Rana,2024-2024,1,-,-,-,-,-,-,-,-,-,-,-,-
BW Hilfenhaus,2012-2012,1,-,-,-,-,-,-,-,-,-,-,-,-
GB Hogg,2012-2015,2,-,-,-,-,-,-,-,-,-,-,-,-
JO Holder,2013-2023,2,-,-,-,-,-,-,-,-,-,-,-,-
Imran Tahir,2014-2019,4,-,-,-,-,-,-,-,-,-,-,-,-
SP Jackson,2017-2017,1,-,-,-,-,-,-,-,-,-,-,-,-
M Jansen,2025-2025,1,-,-,-,-,-,-,-,-,-,-,-,-
Joginder Sharma,2008-2008,1,-,-,-,-,-,-,-,-,-,-,-,-
AS Joseph,2024-2024,2,-,-,-,-,-,-,-,-,-,-,-,-
Kamran Khan,2011-2011,1,-,-,-,-,-,-,-,-,-,-,-,-
M Kartik,2008-2013,5,-,-,-,-,-,-,-,-,-,-,-,-
S Kaul,2014-2018,3,-,-,-,-,-,-,-,-,-,-,-,-
U Kaul,2008-2008,1,-,-,-,-,-,-,-,-,-,-,-,-
K Khejroliya,2018-2019,4,-,-,-,-,-,-,-,-,-,-,-,-
S Lamichhane,2019-2019,1,-,-,-,-,-,-,-,-,-,-,-,-
CK Langeveldt,2011-2011,1,-,-,-,-,-,-,-,-,-,-,-,-
B Laughlin,2018-2018,1,-,-,-,-,-,-,-,-,-,-,-,-
JB Little,2024-2024,1,-,-,-,-,-,-,-,-,-,-,-,-
GD McGrath,2008-2008,1,-,-,-,-,-,-,-,-,-,-,-,-
VY Mahesh,2008-2008,1,-,-,-,-,-,-,-,-,-,-,-,-
AL Menaria,2012-2012,1,-,-,-,-,-,-,-,-,-,-,-,-
Mustafizur Rahman,2016-2023,3,-,-,-,-,-,-,-,-,-,-,-,-
DP Nannes,2010-2011,2,-,-,-,-,-,-,-,-,-,-,-,-
T Natarajan,2017-2024,2,-,-,-,-,-,-,-,-,-,-,-,-
Naveen-ul-Haq,2024-2024,1,-,-,-,-,-,-,-,-,-,-,-,-
V Nigam,2025-2025,1,-,-,-,-,-,-,-,-,-,-,-,-
K Nitish Kumar Reddy,2024-2024,1,-,-,-,-,-,-,-,-,-,-,-,-
PP Ojha,2008-2010,2,-,-,-,-,-,-,-,-,-,-,-,-
Parvez Rasool,2016-2016,3,-,-,-,-,-,-,-,-,-,-,-,-
M Pathirana,2023-2023,1,-,-,-,-,-,-,-,-,-,-,-,-
SM Pollock,2008-2008,1,-,-,-,-,-,-,-,-,-,-,-,-
M Prasidh Krishna,2019-2025,2,-,-,-,-,-,-,-,-,-,-,-,-
V Pratap Singh,2012-2012,1,-,-,-,-,-,-,-,-,-,-,-,-
K Rabada,2019-2024,2,-,-,-,-,-,-,-,-,-,-,-,-
A Raghuvanshi,2024-2024,1,-,-,-,-,-,-,-,-,-,-,-,-
Ramandeep Singh,2024-2024,1,-,-,-,-,-,-,-,-,-,-,-,-
KW Richardson,2014-2014,1,-,-,-,-,-,-,-,-,-,-,-,-
AS Roy,2024-2024,1,-,-,-,-,-,-,-,-,-,-,-,-
R Sai Kishore,2025-2025,1,-,-,-,-,-,-,-,-,-,-,-,-
D Salunkhe,2008-2008,1,-,-,-,-,-,-,-,-,-,-,-,-
GS Sandhu,2015-2015,1,-,-,-,-,-,-,-,-,-,-,-,-
T Shamsi,2016-2016,1,-,-,-,-,-,-,-,-,-,-,-,-
AR Sharma,2025-2025,1,-,-,-,-,-,-,-,-,-,-,-,-
H Sharma,2023-2023,1,-,-,-,-,-,-,-,-,-,-,-,-
R Sharma,2011-2012,2,-,-,-,-,-,-,-,-,-,-,-,-
R Shepherd,2025-2025,1,-,-,-,-,-,-,-,-,-,-,-,-
Shivam Mavi,2018-2018,1,-,-,-,-,-,-,-,-,-,-,-,-
M Siddharth,2024-2024,1,-,-,-,-,-,-,-,-,-,-,-,-
Simarjeet Singh,2024-2024,1,-,-,-,-,-,-,-,-,-,-,-,-
NB Singh,2017-2017,1,-,-,-,-,-,-,-,-,-,-,-,-
VRV Singh,2008-2008,1,-,-,-,-,-,-,-,-,-,-,-,-
A Singh,2012-2012,1,-,-,-,-,-,-,-,-,-,-,-,-
Sohail Tanvir,2008-2008,1,-,-,-,-,-,-,-,-,-,-,-,-
BB Sran,2016-2016,1,-,-,-,-,-,-,-,-,-,-,-,-
B Stanlake,2017-2017,1,-,-,-,-,-,-,-,-,-,-,-,-
Suyash Sharma,2023-2025,4,-,-,-,-,-,-,-,-,-,-,-,-
JE Taylor,2011-2011,1,-,-,-,-,-,-,-,-,-,-,-,-
Yash Thakur,2024-2024,1,-,-,-,-,-,-,-,-,-,-,-,-
M Theekshana,2023-2024,2,-,-,-,-,-,-,-,-,-,-,-,-
AC Thomas,2011-2011,1,-,-,-,-,-,-,-,-,-,-,-,-
O Thomas,2019-2019,1,-,-,-,-,-,-,-,-,-,-,-,-
S Tyagi,2010-2010,1,-,-,-,-,-,-,-,-,-,-,-,-
CV Varun,2023-2024,2,-,-,-,-,-,-,-,-,-,-,-,-
DP Vijaykumar,2008-2008,1,-,-,-,-,-,-,-,-,-,-,-,-
J Yadav,2015-2015,1,-,-,-,-,-,-,-,-,-,-,-,-
MP Yadav,2024-2024,1,-,-,-,-,-,-,-,-,-,-,-,-
A Zampa,2016-2016,1,-,-,-,-,-,-,-,-,-,-,-,-
Player,Span,Mat,Inns,NO,Runs,HS,Ave,BF,SR,100,50,0,4s,6s
Shubman Gill,2021-2025,22,22,3,1033,129,54.36,647,159.65,3,4,0,90,41
B Sai Sudharsan,2023-2025,16,16,1,858,103,57.2,547,156.85,1,6,0,77,35
JC Buttler,2022-2025,7,7,2,371,106*,74.2,236,157.2,1,2,1,40,13
AM Rahane,2014-2024,9,9,1,336,76*,42,253,132.8,0,3,1,31,9
DA Miller,2015-2024,15,13,6,308,54,44,198,155.55,0,1,1,20,16
WP Saha,2010-2024,17,17,1,290,81,18.12,222,130.63,0,2,2,37,9
SV Samson,2014-2025,13,12,1,276,60,25.09,207,133.33,0,1,0,20,15
HH Pandya,2022-2025,11,11,3,246,59*,30.75,194,126.8,0,1,0,20,9
V Kohli,2015-2024,6,6,2,219,70*,54.75,167,131.13,0,2,0,15,9
SO Hetmyer,2021-2025,8,8,5,216,56*,72,117,184.61,0,3,0,14,15
KK Nair,2014-2025,9,8,1,196,48,28,128,153.12,0,0,0,16,9
SR Watson,2014-2015,6,6,0,191,73,31.83,140,136.42,0,1,0,19,9
SPD Smith,2014-2021,10,8,1,169,79*,24.14,151,111.92,0,1,1,12,1
MA Agarwal,2014-2024,4,4,1,163,99*,54.33,119,136.97,0,1,0,14,6
NV Ojha,2010-2014,5,5,0,162,80,32.4,117,138.46,0,1,0,17,7
KL Rahul,2014-2025,4,4,1,156,91*,52,109,143.11,0,1,0,15,7
S Dhawan,2014-2024,5,5,1,155,69*,38.75,123,126.01,0,1,0,18,3
SS Iyer,2024-2025,2,2,2,155,97*,-,66,234.84,0,2,0,10,13
R Tewatia,2014-2025,22,12,6,155,24*,25.83,85,182.35,0,0,1,10,13
RM Patidar,2021-2024,5,4,0,154,58,38.5,116,132.75,0,1,0,8,8
RG Sharma,2010-2025,7,7,0,150,49,21.42,107,140.18,0,0,1,15,8
PP Shaw,2021-2024,4,4,0,149,82,37.25,87,171.26,0,1,0,18,6
V Shankar,2023-2024,10,7,3,143,63*,35.75,96,148.95,0,1,0,10,7
SA Yadav,2014-2025,4,4,1,141,61,47,95,148.42,0,1,0,11,7
AB de Villiers,2010-2021,4,4,2,140,75*,70,109,128.44,0,1,0,9,5
VR Iyer,2023-2024,2,2,1,134,83,134,68,197.05,0,2,0,13,9
M Shahrukh Khan,2021-2025,10,9,1,128,58,16,84,152.38,0,1,2,7,10
H Klaasen,2023-2024,3,3,0,120,64,40,78,153.84,0,1,0,8,6
RD Gaikwad,2023-2024,3,3,0,118,92,39.33,69,171.01,0,1,1,7,10
A Manohar,2023-2024,6,5,0,117,42,23.4,89,131.46,0,0,0,7,7
RA Tripathi,2021-2024,4,4,0,116,55,29,86,134.88,0,1,0,16,1
SE Rutherford,2025-2025,4,4,0,114,46,28.5,76,150,0,0,0,5,9
AA Jhunjhunwala,2010-2010,4,3,1,109,53*,54.5,87,125.28,0,1,0,12,1
NT Tilak Varma,2023-2025,4,4,0,109,43,27.25,72,151.38,0,0,0,9,5
Shashank Singh,2024-2025,2,2,2,105,61*,-,45,233.33,0,1,0,12,6
RR Pant,2021-2024,4,4,2,104,58*,52,78,133.33,0,1,0,10,3
WG Jacks,2024-2024,1,1,1,100,100*,-,41,243.9,1,0,0,5,10
YK Pathan,2010-2014,5,5,1,96,73*,24,60,160,0,1,2,5,8
YBK Jaiswal,2022-2025,5,5,0,95,45,19,73,130.13,0,0,0,11,4
MS Dhoni,2010-2024,5,5,3,92,31*,46,75,122.66,0,0,1,8,4
C Green,2023-2024,4,3,0,90,33,30,67,134.32,0,0,0,4,6
KA Pollard,2014-2015,2,2,1,84,70,84,46,182.6,0,1,0,7,6
R Parag,2022-2025,5,4,0,82,36,20.5,62,132.25,0,0,0,4,5
MM Ali,2023-2024,3,2,0,79,56,39.5,53,149.05,0,1,0,8,5
CH Gayle,2015-2021,4,4,0,79,46,19.75,51,154.9,0,0,1,10,4
AR Patel,2015-2025,7,3,1,78,39,39,69,113.04,0,0,0,4,3
BJ Hodge,2010-2014,2,2,0,76,40,38,64,118.75,0,0,0,3,3
V Sehwag,2010-2015,2,2,0,76,75,38,38,200,0,1,0,8,5
MJ Lumb,2010-2010,3,3,0,75,45,25,49,153.06,0,0,1,10,2
Rashid Khan,2022-2025,20,11,5,74,31,12.33,47,157.44,0,0,2,5,4
S Dube,2023-2024,3,3,1,72,32*,36,52,138.46,0,0,0,2,4
MK Tiwary,2010-2014,2,2,1,72,61*,72,57,126.31,0,1,0,7,2
Q de Kock,2023-2023,1,1,0,70,70,70,41,170.73,0,1,0,7,3
JP Faulkner,2014-2015,8,7,4,70,31*,23.33,50,140,0,0,0,1,5
KD Karthik,2010-2024,8,6,2,69,23*,17.25,70,98.57,0,0,0,6,1
AR Sharma,2024-2025,2,2,0,68,37,34,36,188.88,0,0,0,5,4
F du Plessis,2015-2024,4,4,0,67,25,16.75,56,119.64,0,0,0,6,4
SE Marsh,2015-2015,1,1,0,65,65,65,40,162.5,0,1,0,5,3
RV Uthappa,2014-2014,1,1,0,65,65,65,52,125,0,1,0,5,3
G Gambhir,2010-2014,2,2,0,63,54,31.5,42,150,0,1,0,7,1
DJ Mitchell,2024-2024,1,1,0,63,63,63,34,185.29,0,1,0,7,3
M Vijay,2010-2015,2,2,0,63,42,31.5,46,136.95,0,0,0,4,4
DJ Bravo,2015-2015,1,1,1,62,62*,-,36,172.22,0,1,0,8,1
LMP Simmons,2014-2014,1,1,0,62,62,62,51,121.56,0,1,0,6,2
D Padikkal,2021-2023,5,5,0,61,26,12.2,67,91.04,0,0,0,5,3
N Rana,2021-2025,4,4,0,61,45,15.25,45,135.55,0,0,1,5,4
Prabhsimran Singh,2021-2025,4,4,0,59,35,14.75,55,107.27,0,0,0,7,2
STR Binny,2014-2015,8,6,1,57,20,11.4,64,89.06,0,0,1,3,2
AD Russell,2014-2024,5,4,1,57,45*,19,41,139.02,0,0,0,4,4
AC Voges,2010-2010,3,2,1,57,37*,57,41,139.02,0,0,0,3,2
FY Fazal,2010-2010,3,3,1,56,31,28,52,107.69,0,0,0,8,0
MEK Hussey,2014-2014,1,1,0,56,56,56,39,143.58,0,1,0,3,2
MP Stoinis,2021-2025,5,4,1,52,22,17.33,44,118.18,0,0,0,5,2
Aman Hakim Khan,2023-2023,1,1,0,51,51,51,44,115.9,0,1,0,3,3
DJ Hooda,2015-2023,8,7,0,51,19,7.28,41,124.39,0,0,0,1,4
CJ Anderson,2015-2015,1,1,0,50,50,50,38,131.57,0,1,0,5,3
GJ Maxwell,2015-2025,7,6,0,50,25,8.33,42,119.04,0,0,3,2,4
Abdul Samad,2023-2024,3,3,0,49,29,16.33,29,168.96,0,0,0,4,3
DP Conway,2023-2023,2,2,0,48,47,24,31,154.83,0,0,0,4,2
KR Mayers,2023-2023,1,1,0,48,48,48,32,150,0,0,0,7,2
RK Singh,2023-2024,2,1,1,48,48*,-,21,228.57,0,0,0,1,6
P Arya,2025-2025,1,1,0,47,47,47,23,204.34,0,0,0,7,2
EJG Morgan,2021-2021,2,2,1,47,47*,47,42,111.9,0,0,1,4,2
D Brevis,2024-2024,1,1,0,46,46,46,38,121.05,0,0,0,2,3
N Wadhera,2023-2023,2,2,0,44,40,22,24,183.33,0,0,0,4,3
PJ Cummins,2021-2024,4,3,2,43,30,43,39,110.25,0,0,0,3,2
Shahbaz Ahmed,2021-2024,4,4,1,42,22,14,40,105,0,0,1,3,2
MK Lomror,2022-2024,2,2,0,40,32,20,27,148.14,0,0,0,2,2
DR Smith,2015-2015,1,1,0,40,40,40,29,137.93,0,0,0,3,2
Naman Dhir,2024-2025,2,2,1,38,20,38,21,180.95,0,0,0,6,1
Rahmanullah Gurbaz,2023-2024,2,2,0,38,23,19,26,146.15,0,0,0,3,3
Abhishek Sharma,2023-2024,3,3,0,37,29,12.33,29,127.58,0,0,0,3,2
KK Cooper,2014-2014,2,2,0,37,32,18.5,24,154.16,0,0,0,2,3
P Dogra,2010-2010,4,3,0,34,29,11.33,30,113.33,0,0,1,2,2
RA Jadeja,2015-2024,4,3,1,34,18,17,18,188.88,0,0,0,3,2
CJ Jordan,2021-2023,4,3,0,34,30,11.33,26,130.76,0,0,0,1,3
Abishek Porel,2024-2025,2,2,0,33,18,16.5,16,206.25,0,0,0,5,2
Azmatullah Omarzai,2024-2025,5,2,0,33,17,16.5,26,126.92,0,0,0,3,2
SC Ganguly,2010-2010,1,1,0,33,33,33,29,113.79,0,0,0,3,0
HV Patel,2015-2024,5,2,0,32,31,16,15,213.33,0,0,0,3,2
DC Jurel,2023-2025,3,3,0,31,18,10.33,22,140.9,0,0,0,4,1
AT Rayudu,2014-2023,3,2,0,31,19,15.5,20,155,0,0,0,1,3
T Stubbs,2024-2025,2,1,0,31,31,31,21,147.61,0,0,0,2,1
Harpreet Brar,2021-2024,3,3,3,30,25*,-,21,142.85,0,0,0,2,2
CA Pujara,2010-2010,1,1,0,29,29,29,25,116,0,0,0,4,0
JA Morkel,2010-2010,1,1,0,28,28,28,12,233.33,0,0,0,1,3
B Kumar,2014-2024,4,3,1,27,27,13.5,31,87.09,0,0,1,3,0
AK Markram,2023-2024,2,2,0,27,17,13.5,29,93.1,0,0,0,1,0
DJ Malan,2021-2021,1,1,0,26,26,26,26,100,0,0,0,1,1
KS Williamson,2023-2024,2,1,0,26,26,26,22,118.18,0,0,0,4,0
S Badrinath,2010-2010,1,1,0,25,25,25,27,92.59,0,0,0,2,0
HH Gibbs,2010-2010,1,1,0,25,25,25,14,178.57,0,0,0,2,2
RV Patel,2023-2023,1,1,0,23,23,23,13,176.92,0,0,0,2,1
JM Bairstow,2024-2024,1,1,0,22,22,22,13,169.23,0,0,0,4,0
N Pooran,2021-2023,3,3,0,22,19,7.33,28,78.57,0,0,1,1,1
A Symonds,2010-2010,1,1,0,22,22,22,14,157.14,0,0,0,3,0
A Badoni,2023-2023,1,1,0,21,21,21,11,190.9,0,0,0,1,2
SP Narine,2014-2024,5,4,0,21,21,5.25,22,95.45,0,0,3,4,0
IK Pathan,2014-2014,1,1,1,21,21*,-,21,100,0,0,0,2,0
Shakib Al Hasan,2014-2014,1,1,1,21,21*,-,14,150,0,0,0,1,1
J Fraser-McGurk,2024-2024,1,1,0,20,20,20,10,200,0,0,0,2,2
T Kohler-Cadmore,2024-2024,1,1,0,20,20,20,15,133.33,0,0,0,4,0
AJ Finch,2014-2015,2,2,1,19,10*,19,24,79.16,0,0,0,3,0
ML Hayden,2010-2010,1,1,0,19,19,19,14,135.71,0,0,0,1,1
TM Head,2024-2024,2,2,0,19,19,9.5,16,118.75,0,0,1,3,0
SD Hope,2024-2024,1,1,0,19,19,19,10,190,0,0,0,1,2
MJ Santner,2023-2025,3,3,2,19,18*,19,14,135.71,0,0,1,1,2
OA Shah,2010-2010,1,1,1,19,19*,-,17,111.76,0,0,0,0,2
PP Chawla,2023-2024,3,3,0,18,18,6,15,120,0,0,2,1,1
M Markande,2023-2024,2,1,1,18,18*,-,9,200,0,0,0,2,1
SK Raina,2010-2015,2,2,0,18,14,9,20,90,0,0,0,1,0
GC Smith,2010-2010,1,1,0,18,18,18,17,105.88,0,0,0,3,0
R Ashwin,2015-2024,5,3,1,16,10,8,12,133.33,0,0,0,1,1
R Bhatia,2014-2014,4,3,2,16,6*,16,13,123.07,0,0,0,1,1
KA Jamieson,2021-2021,2,1,1,16,16*,-,11,145.45,0,0,0,1,1
PA Patel,2015-2015,1,1,0,16,16,16,11,145.45,0,0,0,2,0
R Powell,2024-2024,1,1,1,16,16*,-,8,200,0,0,0,2,1
JM Sharma,2024-2024,1,1,0,16,16,16,8,200,0,0,0,0,2
Sikandar Raza,2024-2024,1,1,0,15,15,15,16,93.75,0,0,0,0,0
UBT Chand,2014-2015,2,2,0,14,12,7,26,53.84,0,0,0,1,0
R Shukla,2014-2014,1,1,0,14,14,14,12,116.66,0,0,0,2,0
TH David,2023-2024,3,3,0,13,11,4.33,15,86.66,0,0,1,1,0
Ishan Kishan,2023-2024,3,2,0,13,13,6.5,25,52,0,0,1,1,0
MG Johnson,2015-2015,1,1,1,13,13*,-,7,185.71,0,0,0,1,0
KP Pietersen,2014-2014,1,1,0,13,13,13,18,72.22,0,0,0,1,0
AS Tendulkar,2023-2023,1,1,0,13,13,13,9,144.44,0,0,0,0,1
BB McCullum,2015-2015,1,1,0,12,12,12,7,171.42,0,0,0,3,0
TA Boult,2022-2025,5,2,1,11,11,11,8,137.5,0,0,0,0,1
MC Henriques,2014-2021,2,2,0,11,9,5.5,16,68.75,0,0,0,1,0
M Manhas,2010-2010,1,1,1,11,11*,-,10,110,0,0,0,1,0
Swapnil Singh,2023-2024,3,2,2,11,9*,-,8,137.5,0,0,0,0,1
PK Garg,2023-2023,1,1,0,10,10,10,14,71.42,0,0,0,0,0
VVS Laxman,2010-2010,1,1,0,10,10,10,12,83.33,0,0,0,1,0
R Sharma,2010-2010,1,1,0,10,10,10,5,200,0,0,0,0,1
K Nitish Kumar Reddy,2024-2024,1,1,0,9,9,9,10,90,0,0,0,1,0
MD Shanaka,2023-2023,1,1,1,9,9*,-,7,128.57,0,0,0,1,0
DW Steyn,2014-2014,1,1,0,9,9,9,8,112.5,0,0,0,1,0
TL Suman,2010-2010,1,1,0,9,9,9,15,60,0,0,0,0,0
Sumit Kumar,2024-2024,1,1,1,9,9*,-,9,100,0,0,0,2,0
BCJ Cutting,2014-2014,1,1,0,8,8,8,6,133.33,0,0,0,0,1
JP Duminy,2014-2014,1,1,0,8,8,8,8,100,0,0,0,0,1
DS Kulkarni,2014-2015,5,2,1,8,7*,8,8,100,0,0,0,1,0
OC McCoy,2022-2022,2,1,0,8,8,8,5,160,0,0,0,0,1
RR Rossouw,2023-2023,1,1,0,8,8,8,6,133.33,0,0,0,2,0
WPUJC Vaas,2010-2010,1,1,0,8,8,8,13,61.53,0,0,0,0,0
MS Wade,2022-2024,2,1,0,8,8,8,10,80,0,0,0,0,1
DA Warner,2014-2023,2,2,0,8,6,4,9,88.88,0,0,0,0,0
K Rabada,2021-2025,6,1,1,7,7*,-,5,140,0,0,0,0,1
Sanvir Singh,2023-2024,2,2,0,7,7,3.5,7,100,0,0,1,0,1
BA Stokes,2023-2023,1,1,0,7,7,7,6,116.66,0,0,0,1,0
V Viyaskanth,2024-2024,1,1,1,7,7*,-,5,140,0,0,0,0,0
JP Behrendorff,2023-2023,2,2,2,6,3*,-,9,66.66,0,0,0,0,0
N Jagadeesan,2023-2023,1,1,0,6,6,6,8,75,0,0,0,1,0
K Kartikeya,2023-2023,2,1,0,6,6,6,7,85.71,0,0,0,1,0
RD Rickelton,2025-2025,1,1,0,6,6,6,9,66.66,0,0,0,1,0
DR Sams,2021-2021,2,2,1,6,3*,6,6,100,0,0,0,0,0
Sandeep Sharma,2015-2025,4,1,1,6,6*,-,5,120,0,0,0,0,0
Washington Sundar,2021-2024,2,2,0,6,6,3,10,60,0,0,1,0,0
Anmolpreet Singh,2023-2023,1,1,0,5,5,5,4,125,0,0,0,1,0
SA Asnodkar,2010-2010,1,1,0,5,5,5,4,125,0,0,0,1,0
SM Curran,2024-2024,1,1,0,5,5,5,8,62.5,0,0,0,0,0
Ravi Bishnoi,2021-2023,4,2,1,5,4*,5,9,55.55,0,0,0,1,0
KV Sharma,2014-2024,3,2,0,5,5,2.5,5,100,0,0,1,1,0
PV Tambe,2014-2015,7,2,1,5,3,5,11,45.45,0,0,0,0,0
M Theekshana,2023-2025,2,1,0,5,5,5,13,38.46,0,0,0,0,0
Vishnu Vinod,2023-2023,1,1,0,5,5,5,7,71.42,0,0,0,0,0
UT Yadav,2014-2024,6,1,1,5,5*,-,6,83.33,0,0,0,0,0
Ankit Sharma,2014-2015,2,1,0,4,4,4,3,133.33,0,0,0,0,0
JC Archer,2025-2025,1,1,0,4,4,4,4,100,0,0,0,0,0
Imran Tahir,2014-2014,1,1,0,4,4,4,6,66.66,0,0,0,1,0
Kuldeep Yadav,2023-2025,3,2,2,4,4*,-,2,200,0,0,0,1,0
MM Patel,2010-2010,2,1,1,4,4*,-,3,133.33,0,0,0,0,0
LRPL Taylor,2014-2014,1,1,0,4,4,4,5,80,0,0,0,0,0
A Uniyal,2010-2010,1,1,1,4,4*,-,6,66.66,0,0,0,0,0
KB Arun Karthik,2010-2010,1,1,1,3,3*,-,5,60,0,0,0,0,0
TU Deshpande,2023-2025,4,1,0,3,3,3,3,100,0,0,0,0,0
KM Jadhav,2014-2014,1,1,0,3,3,3,3,100,0,0,0,0,0
M Jansen,2023-2025,2,1,0,3,3,3,6,50,0,0,0,0,0
AD Mascarenhas,2010-2010,1,1,0,3,3,3,3,100,0,0,0,0,0
R Minz,2025-2025,1,1,0,3,3,3,6,50,0,0,0,0,0
CH Morris,2015-2015,4,1,1,3,3*,-,3,100,0,0,0,0,0
A Nortje,2023-2023,1,1,1,3,3*,-,6,50,0,0,0,0,0
SN Thakur,2023-2024,2,2,1,3,3*,3,5,60,0,0,1,0,0
S Kaul,2014-2014,1,1,1,2,2*,-,2,100,0,0,0,0,0
S Narwal,2010-2010,2,1,1,2,2*,-,2,100,0,0,0,0,0
MM Sharma,2015-2025,15,2,1,2,2,2,15,13.33,0,0,0,0,0
MA Starc,2015-2025,3,1,1,2,2*,-,2,100,0,0,0,0,0
T Thushara,2010-2010,1,1,1,2,2*,-,3,66.66,0,0,0,0,0
Y Venugopal Rao,2010-2010,1,1,0,2,2,2,5,40,0,0,0,0,0
Arshad Khan,2025-2025,3,2,2,1,1*,-,1,100,0,0,0,0,0
Arshdeep Singh,2021-2025,3,1,1,1,1*,-,1,100,0,0,0,0,0
JJ Bumrah,2014-2024,2,1,1,1,1*,-,1,100,0,0,0,0,0
G Coetzee,2024-2024,1,1,0,1,1,1,3,33.33,0,0,0,0,0
SB Dubey,2025-2025,1,1,0,1,1,1,3,33.33,0,0,0,0,0
Fazalhaq Farooqi,2023-2025,2,1,1,1,1*,-,5,20,0,0,0,0,0
D Ferreira,2025-2025,1,1,0,1,1,1,3,33.33,0,0,0,0,0
AC Gilchrist,2010-2010,1,1,0,1,1,1,3,33.33,0,0,0,0,0
S Gopal,2014-2015,2,1,1,1,1*,-,1,100,0,0,0,0,0
JR Hazlewood,2022-2022,1,1,1,1,1*,-,2,50,0,0,0,0,0
SH Johnson,2024-2024,2,1,1,1,1*,-,1,100,0,0,0,0,0
Mohammed Shami,2021-2023,13,2,1,1,1*,1,3,33.33,0,0,1,0,0
SZ Mulani,2024-2024,1,1,1,1,1*,-,1,100,0,0,0,0,0
S Nadeem,2014-2014,1,1,0,1,1,1,4,25,0,0,0,0,0
Noor Ahmad,2023-2024,12,2,0,1,1,0.5,8,12.5,0,0,1,0,0
MK Pandey,2014-2023,2,2,0,1,1,0.5,4,25,0,0,1,0,0
R Ravindra,2024-2024,1,1,0,1,1,1,2,50,0,0,0,0,0
KW Richardson,2014-2014,1,1,0,1,1,1,2,50,0,0,0,0,0
R Sai Kishore,2022-2025,7,1,0,1,1,1,1,100,0,0,0,0,0
RP Singh,2010-2010,1,1,1,1,1*,-,4,25,0,0,0,0,0
SW Tait,2010-2010,4,1,1,1,1*,-,1,100,0,0,0,0,0
SK Warne,2010-2010,4,2,0,1,1,0.5,2,50,0,0,1,0,0
TM Dilshan,2010-2010,1,1,0,0,0,0,1,0,0,0,1,0,0
PW Hasaranga,2022-2022,1,1,0,0,0,0,1,0,0,0,1,0,0
AS Joseph,2023-2023,4,1,1,0,0*,-,0,-,0,0,0,0,0
AD Mathews,2010-2010,1,1,0,0,0,0,0,-,0,0,1,0,0
RP Meredith,2021-2023,3,1,1,0,0*,-,2,0,0,0,0,0,0
A Mishra,2010-2021,3,1,0,0,0,0,2,0,0,0,1,0,0
Mohammed Siraj,2021-2025,9,1,1,0,0*,-,1,0,0,0,0,0,0
V Nigam,2025-2025,1,1,0,0,0,0,1,0,0,0,1,0,0
PP Ojha,2010-2014,2,1,1,0,0*,-,0,-,0,0,0,0,0
KH Pandya,2023-2023,1,1,0,0,0,0,1,0,0,0,1,0,0
M Prasidh Krishna,2021-2025,8,1,1,0,0*,-,0,-,0,0,0,0,0
PD Salt,2023-2023,1,1,0,0,0,0,1,0,0,0,1,0,0
J Suchith,2015-2015,1,1,1,0,0*,-,1,0,0,0,0,0,0
RN ten Doeschate,2014-2014,1,1,0,0,0,0,1,0,0,0,1,0,0
S Ladda,2010-2010,1,-,-,-,-,-,-,-,-,-,-,-,-
KK Ahmed,2023-2024,2,-,-,-,-,-,-,-,-,-,-,-,-
Anureet Singh,2015-2015,1,-,-,-,-,-,-,-,-,-,-,-,-
VG Arora,2024-2024,1,-,-,-,-,-,-,-,-,-,-,-,-
Avesh Khan,2021-2024,5,-,-,-,-,-,-,-,-,-,-,-,-
SE Bond,2010-2010,1,-,-,-,-,-,-,-,-,-,-,-,-
YS Chahal,2015-2025,8,-,-,-,-,-,-,-,-,-,-,-,-
DL Chahar,2023-2025,3,-,-,-,-,-,-,-,-,-,-,-,-
AB Dinda,2010-2010,1,-,-,-,-,-,-,-,-,-,-,-,-
LH Ferguson,2022-2024,3,-,-,-,-,-,-,-,-,-,-,-,-
RS Hangargekar,2023-2023,1,-,-,-,-,-,-,-,-,-,-,-,-
Harbhajan Singh,2014-2014,1,-,-,-,-,-,-,-,-,-,-,-,-
Harshit Rana,2024-2024,1,-,-,-,-,-,-,-,-,-,-,-,-
Iqbal Abdulla,2015-2015,1,-,-,-,-,-,-,-,-,-,-,-,-
SB Jakati,2010-2010,1,-,-,-,-,-,-,-,-,-,-,-,-
Joginder Sharma,2010-2010,1,-,-,-,-,-,-,-,-,-,-,-,-
M Kartik,2010-2010,1,-,-,-,-,-,-,-,-,-,-,-,-
Kartik Tyagi,2024-2024,1,-,-,-,-,-,-,-,-,-,-,-,-
SN Khan,2015-2015,1,-,-,-,-,-,-,-,-,-,-,-,-
K Khejroliya,2025-2025,1,-,-,-,-,-,-,-,-,-,-,-,-
JB Little,2023-2023,6,-,-,-,-,-,-,-,-,-,-,-,-
MF Maharoof,2010-2010,1,-,-,-,-,-,-,-,-,-,-,-,-
SL Malinga,2015-2015,1,-,-,-,-,-,-,-,-,-,-,-,-
Mandeep Singh,2015-2015,1,-,-,-,-,-,-,-,-,-,-,-,-
A Madhwal,2023-2023,1,-,-,-,-,-,-,-,-,-,-,-,-
Mohsin Khan,2023-2023,1,-,-,-,-,-,-,-,-,-,-,-,-
Mujeeb Ur Rahman,2025-2025,1,-,-,-,-,-,-,-,-,-,-,-,-
Mukesh Kumar,2024-2025,2,-,-,-,-,-,-,-,-,-,-,-,-
M Muralidaran,2010-2010,1,-,-,-,-,-,-,-,-,-,-,-,-
DG Nalkande,2024-2024,2,-,-,-,-,-,-,-,-,-,-,-,-
DP Nannes,2010-2010,1,-,-,-,-,-,-,-,-,-,-,-,-
T Natarajan,2023-2024,2,-,-,-,-,-,-,-,-,-,-,-,-
A Nehra,2015-2015,1,-,-,-,-,-,-,-,-,-,-,-,-
IC Pandey,2015-2015,1,-,-,-,-,-,-,-,-,-,-,-,-
M Pathirana,2023-2023,1,-,-,-,-,-,-,-,-,-,-,-,-
PVSN Raju,2025-2025,1,-,-,-,-,-,-,-,-,-,-,-,-
Ramandeep Singh,2024-2024,1,-,-,-,-,-,-,-,-,-,-,-,-
S Sandeep Warrier,2024-2024,3,-,-,-,-,-,-,-,-,-,-,-,-
PJ Sangwan,2010-2010,1,-,-,-,-,-,-,-,-,-,-,-,-
K Santokie,2014-2014,1,-,-,-,-,-,-,-,-,-,-,-,-
I Sharma,2010-2025,8,-,-,-,-,-,-,-,-,-,-,-,-
Shivam Mavi,2021-2021,2,-,-,-,-,-,-,-,-,-,-,-,-
Shivam Sharma,2015-2015,1,-,-,-,-,-,-,-,-,-,-,-,-
Simarjeet Singh,2024-2024,1,-,-,-,-,-,-,-,-,-,-,-,-
TG Southee,2014-2015,2,-,-,-,-,-,-,-,-,-,-,-,-
Suryansh Shedge,2025-2025,1,-,-,-,-,-,-,-,-,-,-,-,-
P Suyal,2015-2015,1,-,-,-,-,-,-,-,-,-,-,-,-
Suyash Sharma,2023-2023,1,-,-,-,-,-,-,-,-,-,-,-,-
AP Tare,2014-2014,1,-,-,-,-,-,-,-,-,-,-,-,-
Yash Thakur,2023-2023,1,-,-,-,-,-,-,-,-,-,-,-,-
SK Trivedi,2010-2010,3,-,-,-,-,-,-,-,-,-,-,-,-
JD Unadkat,2024-2024,1,-,-,-,-,-,-,-,-,-,-,-,-
CV Varun,2021-2024,4,-,-,-,-,-,-,-,-,-,-,-,-
R Vinay Kumar,2014-2015,2,-,-,-,-,-,-,-,-,-,-,-,-
V Vyshak,2025-2025,1,-,-,-,-,-,-,-,-,-,-,-,-
D Wiese,2015-2015,1,-,-,-,-,-,-,-,-,-,-,-,-
L Wood,2024-2024,1,-,-,-,-,-,-,-,-,-,-,-,-
Lalit Yadav,2021-2021,2,-,-,-,-,-,-,-,-,-,-,-,-
Yash Dayal,2022-2024,6,-,-,-,-,-,-,-,-,-,-,-,-
A Zampa,2023-2023,1,-,-,-,-,-,-,-,-,-,-,-,-
Player,Span,Mat,Inns,NO,Runs,HS,Ave,BF,SR,100,50,0,4s,6s
DA Warner,2010-2024,36,36,4,1048,107*,32.75,823,127.33,1,9,2,119,31
RR Pant,2016-2024,29,29,3,978,128*,37.61,611,160.06,1,6,2,82,58
V Sehwag,2008-2015,33,33,2,933,95*,30.09,563,165.71,0,7,2,116,38
SS Iyer,2015-2019,29,29,3,855,93*,32.88,673,127.04,0,7,2,59,42
S Dhawan,2008-2023,22,22,3,726,92*,38.21,554,131.04,0,8,1,83,19
G Gambhir,2008-2018,20,19,1,672,86,37.33,501,134.13,0,6,0,76,11
KD Karthik,2008-2023,29,25,2,647,69,28.13,477,135.63,0,6,1,58,27
AR Patel,2014-2025,26,26,10,570,66,35.62,397,143.57,0,2,0,41,32
SV Samson,2013-2025,21,21,1,544,86,27.2,417,130.45,0,3,2,45,25
V Kohli,2008-2025,11,11,3,534,99,66.75,379,140.89,0,7,0,55,14
KK Nair,2014-2025,19,18,1,532,89,31.29,382,139.26,0,4,2,71,11
RG Sharma,2008-2025,16,16,1,454,73,30.26,338,134.31,0,3,0,39,19
PP Shaw,2018-2024,20,20,0,431,99,21.55,299,144.14,0,2,0,59,11
JP Duminy,2012-2016,15,13,5,403,78*,50.37,323,124.76,0,1,0,23,16
DPMD Jayawardene,2008-2013,17,17,3,389,59,27.78,333,116.81,0,3,0,47,6
SK Raina,2008-2021,13,13,4,370,82*,41.11,259,142.85,0,2,0,32,16
CH Gayle,2010-2019,7,7,2,367,128*,73.4,219,167.57,1,2,0,29,28
KP Pietersen,2010-2014,11,11,3,353,103*,44.12,242,145.86,1,1,1,30,21
Abishek Porel,2023-2025,11,10,0,336,65,33.6,207,162.31,0,2,0,33,15
Q de Kock,2014-2024,12,12,2,312,70*,31.2,246,126.82,0,2,0,36,9
AT Rayudu,2010-2023,12,10,2,309,72*,38.62,197,156.85,0,3,0,25,18
KM Jadhav,2010-2023,23,19,7,294,33,24.5,241,121.99,0,0,2,21,11
AM Rahane,2012-2025,11,9,2,280,84*,40,223,125.56,0,2,1,27,6
MK Pandey,2012-2023,14,11,2,278,69*,30.88,220,126.36,0,2,2,23,7
KA Pollard,2010-2021,12,11,5,271,87*,45.16,153,177.12,0,2,0,18,19
JC Buttler,2016-2024,5,5,0,253,124,50.6,145,174.48,1,1,0,20,19
T Stubbs,2024-2025,9,9,4,252,57*,50.4,131,192.36,0,1,0,22,14
F du Plessis,2012-2025,7,6,0,250,62,41.66,181,138.12,0,3,0,25,8
DA Miller,2012-2024,12,12,4,248,55,31,200,124,0,1,0,20,8
KH Pandya,2016-2025,7,7,2,239,73*,47.8,160,149.37,0,1,0,21,10
NV Ojha,2010-2017,21,20,5,236,34,15.73,207,114,0,0,0,16,14
DR Smith,2008-2017,7,7,0,235,79,33.57,145,162.06,0,3,0,20,16
Y Venugopal Rao,2008-2013,12,10,2,235,40,29.37,188,125,0,0,0,26,5
Yuvraj Singh,2008-2018,11,10,2,232,70*,29,179,129.6,0,1,0,26,9
J Fraser-McGurk,2024-2025,7,7,0,231,84,33,88,262.5,0,3,2,27,18
MK Tiwary,2008-2017,12,10,5,227,61*,45.4,178,127.52,0,2,1,21,6
RV Uthappa,2008-2019,10,10,1,227,72,25.22,161,140.99,0,1,0,24,6
BB McCullum,2011-2017,6,6,0,218,60,36.33,166,131.32,0,2,0,28,5
AD Russell,2012-2025,9,7,1,216,62,36,131,164.88,0,1,0,13,19
PA Patel,2010-2019,10,10,1,207,45,23,159,130.18,0,0,0,30,3
PD Collingwood,2010-2010,5,5,2,199,75*,66.33,148,134.45,0,3,0,9,13
SA Yadav,2014-2025,12,11,0,198,40,18,139,142.44,0,0,1,18,8
IK Pathan,2008-2014,24,18,7,193,36,17.54,181,106.62,0,0,2,13,7
SR Tendulkar,2008-2013,5,5,1,188,63,47,152,123.68,0,2,0,20,4
LRPL Taylor,2008-2012,9,9,0,187,55,20.77,146,128.08,0,1,1,12,9
MS Dhoni,2008-2023,12,9,3,186,44,31,166,112.04,0,0,0,13,5
MA Agarwal,2012-2023,11,10,1,177,52*,19.66,156,113.46,0,1,0,21,4
Abhishek Sharma,2018-2024,5,5,2,176,67,58.66,81,217.28,0,1,0,17,12
PD Salt,2023-2023,5,5,0,175,87,35,106,165.09,0,2,0,21,6
CH Morris,2013-2021,15,8,3,170,82*,34,88,193.18,0,1,1,11,13
V Shankar,2018-2023,10,9,5,170,43*,42.5,136,125,0,0,0,14,5
R Dravid,2008-2013,5,5,0,169,65,33.8,138,122.46,0,1,0,20,3
YK Pathan,2008-2019,11,9,3,166,59,27.66,129,128.68,0,1,0,18,5
NT Tilak Varma,2023-2025,3,3,0,163,63,54.33,94,173.4,0,2,0,11,11
RA Jadeja,2008-2023,14,9,6,159,29,53,122,130.32,0,0,0,10,7
JH Kallis,2008-2014,5,5,1,159,54,39.75,130,122.3,0,2,0,18,2
HH Pandya,2015-2025,10,9,2,159,46,22.71,88,180.68,0,0,1,10,12
RD Gaikwad,2021-2023,3,3,0,158,79,52.66,98,161.22,0,2,0,16,7
SW Billings,2016-2018,5,5,0,155,55,31,111,139.63,0,2,0,15,4
Y Nagar,2011-2012,12,10,2,155,27,19.37,119,130.25,0,0,1,12,7
KS Williamson,2017-2021,4,4,2,153,83*,76.5,108,141.66,0,1,0,14,4
MEK Hussey,2013-2013,2,2,2,151,86*,-,108,139.81,0,2,0,16,4
KL Rahul,2014-2025,8,7,0,141,41,20.14,116,121.55,0,0,0,12,4
AB de Villiers,2008-2019,9,7,2,139,72*,27.8,90,154.44,0,1,1,9,9
M Vijay,2010-2016,9,9,1,133,35,16.62,113,117.69,0,0,1,12,3
SE Marsh,2008-2016,5,5,0,128,95,25.6,86,148.83,0,1,0,15,6
B Sai Sudharsan,2023-2024,2,2,1,127,65,127,87,145.97,0,2,0,11,4
SR Watson,2008-2019,6,6,2,123,44,30.75,93,132.25,0,0,0,12,6
CJ Anderson,2017-2017,6,6,3,114,41*,38,80,142.5,0,0,0,7,8
MR Marsh,2010-2023,6,6,0,111,63,18.5,92,120.65,0,1,0,5,7
KC Sangakkara,2010-2013,4,4,0,111,49,27.75,100,111,0,0,0,16,1
DJ Hussey,2010-2013,4,4,1,109,40*,36.33,98,111.22,0,0,0,8,5
R Parag,2019-2025,5,5,2,108,50,36,97,111.34,0,1,0,7,6
BJ Hodge,2011-2013,4,4,2,105,54*,52.5,67,156.71,0,1,0,8,6
SS Tiwary,2010-2016,6,4,1,105,61,35,79,132.91,0,1,0,7,5
AD Mathews,2010-2017,9,7,2,103,28,20.6,68,151.47,0,0,1,11,3
Prabhsimran Singh,2023-2023,1,1,0,103,103,103,65,158.46,1,0,0,10,6
JR Hopes,2008-2011,6,4,1,100,54,33.33,93,107.52,0,1,0,8,2
Mandeep Singh,2010-2023,7,6,0,100,30,16.66,83,120.48,0,0,1,11,3
YBK Jaiswal,2021-2025,4,4,0,99,51,24.75,72,137.5,0,1,0,8,6
WP Saha,2010-2024,7,7,1,99,39,16.5,82,120.73,0,0,0,11,2
UBT Chand,2011-2015,5,5,0,96,41,19.2,77,124.67,0,0,1,10,3
AJ Finch,2011-2018,7,7,0,94,50,13.42,80,117.5,0,1,1,12,2
GJ Maxwell,2014-2023,10,10,0,94,27,9.4,83,113.25,0,0,3,7,4
ML Hayden,2010-2010,1,1,0,93,93,93,43,216.27,0,1,0,9,7
MC Henriques,2013-2017,5,4,1,93,31,31,67,138.8,0,0,0,8,2
TM Head,2017-2024,2,2,0,91,89,45.5,34,267.64,0,1,0,11,6
DJ Hooda,2015-2024,6,5,0,89,54,17.8,60,148.33,0,1,1,4,6
DP Conway,2023-2023,1,1,0,87,87,87,52,167.3,0,1,0,11,3
JD Ryder,2012-2012,1,1,0,86,86,86,58,148.27,0,1,0,7,4
M Vohra,2013-2017,5,5,0,86,42,17.2,67,128.35,0,0,0,10,3
JM Bairstow,2019-2021,3,3,0,85,48,28.33,54,157.4,0,0,0,14,2
SD Hope,2024-2024,4,4,0,85,41,21.25,51,166.66,0,0,0,4,7
A Mishra,2008-2019,45,13,8,84,16*,16.8,89,94.38,0,0,0,3,2
M Manhas,2008-2014,7,4,1,82,32*,27.33,75,109.33,0,0,0,8,0
SPD Smith,2012-2017,4,3,1,82,38,41,54,151.85,0,0,0,10,3
S Dube,2019-2023,3,3,0,81,35,27,56,144.64,0,0,0,2,7
LMP Simmons,2015-2017,2,2,0,81,66,40.5,57,142.1,0,1,0,8,4
TM Dilshan,2008-2012,8,8,0,77,17,9.62,68,113.23,0,0,2,11,1
MM Ali,2018-2023,4,3,0,74,58,24.66,47,157.44,0,1,0,8,5
ST Jayasuriya,2008-2010,2,2,0,73,66,36.5,52,140.38,0,1,0,7,5
AC Gilchrist,2008-2013,4,4,0,72,42,18,54,133.33,0,0,0,14,1
CA Ingram,2011-2019,7,7,1,72,19,12,68,105.88,0,0,0,7,1
H Klaasen,2019-2024,3,3,1,71,53*,35.5,38,186.84,0,1,0,2,6
CL White,2010-2013,4,4,1,70,31*,23.33,72,97.22,0,0,0,7,1
TH David,2023-2025,3,3,2,69,37,69,33,209.09,0,0,0,5,5
MF Maharoof,2008-2010,8,5,1,67,28,16.75,44,152.27,0,0,2,6,4
P Negi,2012-2017,8,7,6,67,19*,67,45,148.88,0,0,0,7,2
DJ Bravo,2010-2019,8,7,2,66,22,13.2,58,113.79,0,0,0,6,1
JJ Roy,2018-2023,3,3,0,66,43,22,61,108.19,0,0,0,8,2
V Nigam,2025-2025,4,3,0,64,38,21.33,33,193.93,0,0,0,6,4
N Rana,2017-2025,5,4,0,64,51,16,44,145.45,0,1,0,8,2
SP Narine,2012-2025,9,6,2,63,27,15.75,38,165.78,0,0,0,4,5
Ishan Kishan,2016-2024,5,5,0,62,31,12.4,65,95.38,0,0,0,10,0
MK Lomror,2019-2023,2,2,1,62,54*,62,32,193.75,0,1,0,8,3
S Sohal,2011-2011,1,1,0,62,62,62,41,151.21,0,1,0,8,1
N Pooran,2024-2024,1,1,0,61,61,61,27,225.92,0,1,0,6,4
Shubman Gill,2018-2024,4,4,0,61,37,15.25,52,117.3,0,0,0,7,1
HV Patel,2012-2023,9,3,2,60,36*,60,33,181.81,0,0,0,1,6
Shahbaz Ahmed,2024-2024,1,1,1,59,59*,-,29,203.44,0,1,0,2,5
Arshad Khan,2023-2024,2,1,1,58,58*,-,33,175.75,0,1,0,3,5
CR Brathwaite,2016-2016,3,2,0,54,34,27,19,284.21,0,0,0,3,6
A Symonds,2010-2010,1,1,0,54,54,54,30,180,0,1,0,3,5
C Munro,2016-2019,4,4,0,52,33,13,45,115.55,0,0,1,5,2
Abdul Samad,2021-2024,3,3,0,51,28,17,37,137.83,0,0,0,2,4
JP Faulkner,2013-2017,5,4,2,51,22*,25.5,38,134.21,0,0,0,6,0
MC Juneja,2013-2013,4,4,0,51,20,12.75,63,80.95,0,0,0,2,1
SN Khan,2015-2023,4,3,0,50,30,16.66,52,96.15,0,0,0,5,0
E Lewis,2018-2018,1,1,0,48,48,48,31,154.83,0,0,0,3,4
R Bhatia,2008-2016,11,4,1,47,21,15.66,32,146.87,0,0,0,2,3
PP Chawla,2008-2024,11,6,1,47,12,9.4,35,134.28,0,0,0,5,2
BCJ Cutting,2016-2019,4,4,0,47,37,11.75,32,146.87,0,0,1,3,3
SC Ganguly,2010-2012,2,2,0,46,41,23,45,102.22,0,0,0,6,1
PJ Cummins,2017-2024,7,6,2,44,12*,11,30,146.66,0,0,0,2,3
SP Fleming,2008-2008,1,1,0,44,44,44,28,157.14,0,0,0,7,0
A Raghuvanshi,2025-2025,1,1,0,44,44,44,32,137.5,0,0,0,3,2
DJM Short,2018-2018,1,1,0,44,44,44,25,176,0,0,0,2,4
R Tewatia,2018-2024,8,4,1,44,24,14.66,42,104.76,0,0,0,3,1
STR Binny,2013-2019,5,4,0,43,40,10.75,29,148.27,0,0,1,2,3
LA Pomersbach,2008-2013,2,2,1,43,25*,43,22,195.45,0,0,0,3,3
RK Singh,2023-2025,2,2,0,42,36,21,33,127.27,0,0,0,4,1
Bipul Sharma,2016-2016,2,2,2,41,27*,-,17,241.17,0,0,0,0,5
Mohammad Nabi,2019-2024,3,3,1,41,17*,20.5,18,227.77,0,0,0,3,4
RD Rickelton,2025-2025,1,1,0,41,41,41,25,164,0,0,0,5,2
SE Rutherford,2019-2019,3,3,2,41,28*,41,21,195.23,0,0,0,1,4
AR Sharma,2025-2025,4,4,1,41,17,13.66,34,120.58,0,0,0,4,1
RR Rossouw,2023-2023,4,4,1,40,35*,13.33,29,137.93,0,0,2,2,3
S Vidyut,2008-2008,1,1,0,40,40,40,23,173.91,0,0,0,6,1
DL Vettori,2008-2011,5,3,2,39,19*,39,40,97.5,0,0,0,3,1
Naman Dhir,2025-2025,1,1,1,38,38*,-,17,223.52,0,0,0,3,2
S Badrinath,2008-2013,5,3,1,37,15,18.5,36,102.77,0,0,0,5,1
K Nitish Kumar Reddy,2024-2024,1,1,0,37,37,37,27,137.03,0,0,0,2,2
MP Stoinis,2019-2024,2,2,1,37,32*,37,31,119.35,0,0,0,2,2
DT Christian,2011-2018,4,4,0,36,19,9,46,78.26,0,0,0,1,0
M Morkel,2011-2016,18,9,4,36,19,7.2,26,138.46,0,0,3,4,1
TR Birt,2011-2011,2,2,0,35,27,17.5,26,134.61,0,0,0,5,0
Gurkeerat Singh,2012-2019,2,2,0,35,27,17.5,24,145.83,0,0,0,4,1
Kuldeep Yadav,2016-2025,20,10,6,35,10*,8.75,36,97.22,0,0,3,3,0
BA Stokes,2017-2018,2,2,0,34,33,17,27,125.92,0,0,0,3,2
Mohammed Shami,2014-2023,16,7,4,33,21,11,24,137.5,0,0,0,3,2
Shahid Afridi,2008-2008,1,1,0,33,33,33,14,235.71,0,0,0,3,2
R Ashwin,2010-2024,9,4,0,32,16,8,29,110.34,0,0,0,3,0
JA Morkel,2008-2013,5,3,1,32,30,16,21,152.38,0,0,1,2,3
BJ Rohrer,2013-2013,1,1,0,32,32,32,27,118.51,0,0,0,4,0
Aman Hakim Khan,2023-2023,5,4,0,31,16,7.75,37,83.78,0,0,1,2,2
MV Boucher,2008-2008,1,1,1,31,31*,-,17,182.35,0,0,0,2,2
LR Shukla,2012-2014,4,3,0,31,21,10.33,38,81.57,0,0,1,2,1
B Chipli,2011-2012,2,2,2,30,25*,-,20,150,0,0,0,3,1
UT Khawaja,2016-2016,1,1,0,30,30,30,27,111.11,0,0,0,2,1
NLTC Perera,2013-2016,4,4,1,30,14*,10,21,142.85,0,0,0,1,3
AB Agarkar,2010-2013,10,5,2,29,17,9.66,29,100,0,0,1,1,0
DJG Sammy,2013-2013,1,1,0,29,29,29,21,138.09,0,0,0,0,3
SB Styris,2008-2008,1,1,0,29,29,29,28,103.57,0,0,0,2,0
MN Samuels,2017-2017,4,3,0,28,27,9.33,27,103.7,0,0,1,1,2
MM Sharma,2013-2025,8,4,1,28,15,9.33,23,121.73,0,0,1,2,1
DC Jurel,2025-2025,1,1,0,26,26,26,17,152.94,0,0,0,0,2
Rahmanullah Gurbaz,2025-2025,1,1,0,26,26,26,12,216.66,0,0,0,5,1
D Salunkhe,2008-2008,1,1,1,26,26*,-,20,130,0,0,0,4,0
RA Tripathi,2017-2023,3,3,0,26,10,8.66,20,130,0,0,0,2,1
SB Dubey,2024-2025,2,1,0,25,25,25,12,208.33,0,0,0,2,2
CA Lynn,2018-2019,2,2,0,25,20,12.5,24,104.16,0,0,0,4,0
MD Mishra,2010-2010,1,1,0,25,25,25,19,131.57,0,0,0,2,1
GJ Bailey,2014-2016,3,2,0,24,18,12,23,104.34,0,0,0,3,0
K Gowtham,2018-2019,2,2,1,24,18*,24,12,200,0,0,0,3,1
Harbhajan Singh,2010-2019,10,4,0,24,15,6,27,88.88,0,0,2,2,1
CA Pujara,2011-2013,2,2,0,24,17,12,29,82.75,0,0,0,3,0
AP Tare,2010-2013,2,2,0,24,17,12,17,141.17,0,0,0,1,2
A Nehra,2008-2013,6,2,1,23,22*,23,20,115,0,0,0,2,1
HH Gibbs,2008-2008,1,1,0,22,22,22,22,100,0,0,0,1,2
SP Goswami,2011-2018,3,1,0,22,22,22,20,110,0,0,0,4,0
Harpreet Brar,2019-2023,2,2,1,22,20*,22,17,129.41,0,0,0,2,1
MG Johnson,2013-2018,3,3,1,22,12*,11,25,88,0,0,0,2,0
EJG Morgan,2011-2017,2,2,0,22,22,11,21,104.76,0,0,1,3,0
R Powell,2023-2025,3,3,0,22,13,7.33,19,115.78,0,0,0,3,1
RN ten Doeschate,2011-2015,3,2,1,22,19,22,14,157.14,0,0,0,2,1
Rashid Khan,2017-2024,7,2,1,21,21*,21,13,161.53,0,0,1,3,1
SM Curran,2019-2023,4,2,0,20,20,10,28,71.42,0,0,1,1,0
P Dogra,2010-2010,1,1,0,20,20,20,25,80,0,0,0,0,1
GH Vihari,2013-2019,3,3,0,20,17,6.66,34,58.82,0,0,0,0,1
HM Amla,2017-2017,1,1,0,19,19,19,12,158.33,0,0,0,4,0
Gulbadin Naib,2024-2024,2,1,0,19,19,19,15,126.66,0,0,0,1,1
MS Wade,2011-2011,2,2,0,19,11,9.5,29,65.51,0,0,0,0,0
Lalit Yadav,2023-2024,4,4,1,19,7,6.33,31,61.29,0,0,0,1,0
M Klinger,2011-2011,1,1,0,18,18,18,20,90,0,0,0,3,0
LS Livingstone,2019-2023,2,2,0,18,14,9,18,100,0,0,0,2,1
AM Nayar,2008-2011,2,2,1,18,17*,18,16,112.5,0,0,0,3,0
P Sahu,2016-2016,1,1,1,18,18*,-,12,150,0,0,0,1,1
RE van der Merwe,2011-2013,5,3,2,18,8*,18,18,100,0,0,0,2,0
C Green,2023-2023,1,1,1,17,17*,-,8,212.5,0,0,0,1,1
SL Malinga,2010-2019,8,3,1,17,11,8.5,25,68,0,0,1,2,0
UT Yadav,2010-2023,30,9,4,17,6*,3.4,26,65.38,0,0,2,2,0
A Ashish Reddy,2013-2013,1,1,0,16,16,16,9,177.77,0,0,0,2,0
P Dubey,2023-2023,1,1,0,16,16,16,20,80,0,0,0,2,0
AJ Hosein,2023-2023,1,1,1,16,16*,-,10,160,0,0,0,1,1
SM Pollock,2008-2008,1,1,0,16,16,16,15,106.66,0,0,0,2,0
YV Dhull,2023-2023,2,2,0,15,13,7.5,19,78.94,0,0,0,1,0
SO Hetmyer,2025-2025,1,1,1,15,15*,-,9,166.66,0,0,0,1,0
B Kumar,2014-2025,10,2,1,15,14*,15,12,125,0,0,0,2,0
N Saini,2012-2012,1,1,0,15,15,15,15,100,0,0,0,2,0
DW Steyn,2008-2014,6,3,2,15,9*,15,10,150,0,0,0,1,0
AC Voges,2010-2010,1,1,0,15,15,15,17,88.23,0,0,0,1,0
AD Hales,2018-2018,1,1,0,14,14,14,10,140,0,0,0,3,0
P Kumar,2008-2016,6,2,0,14,8,7,10,140,0,0,0,2,0
AB McDonald,2010-2010,2,1,1,14,14*,-,9,155.55,0,0,0,2,0
MDKJ Perera,2013-2013,1,1,0,14,14,14,12,116.66,0,0,0,3,0
BB Samantray,2013-2013,1,1,0,14,14,14,11,127.27,0,0,0,2,0
R Sathish,2010-2016,4,3,1,14,8,7,16,87.5,0,0,0,1,0
R Sharma,2010-2014,3,1,1,14,14*,-,8,175,0,0,0,2,0
PC Valthaty,2011-2011,1,1,0,14,14,14,10,140,0,0,0,0,2
SK Warne,2008-2010,2,2,0,14,14,7,14,100,0,0,1,2,0
Yudhvir Singh,2024-2024,1,1,0,14,14,14,7,200,0,0,0,1,1
MS Gony,2008-2008,1,1,1,13,13*,-,5,260,0,0,0,1,1
R Sai Kishore,2024-2024,1,1,0,13,13,13,6,216.66,0,0,0,0,2
J Syed Mohammad,2011-2013,2,1,1,13,13*,-,10,130,0,0,0,2,0
JG Bethell,2025-2025,1,1,0,12,12,12,6,200,0,0,0,1,1
J Botha,2013-2013,3,3,0,12,9,4,19,63.15,0,0,0,1,0
PK Garg,2023-2023,1,1,0,12,12,12,9,133.33,0,0,0,1,0
S Gopal,2018-2019,2,1,0,12,12,12,18,66.66,0,0,0,0,0
BMAJ Mendis,2013-2013,1,1,0,12,12,12,17,70.58,0,0,0,0,0
S Narwal,2010-2010,1,1,0,12,12,12,9,133.33,0,0,0,2,0
K Rabada,2017-2019,9,3,0,12,9,4,17,70.58,0,0,1,0,1
Sachin Baby,2017-2017,1,1,0,12,12,12,8,150,0,0,0,2,0
RV Patel,2023-2023,2,1,1,11,11*,-,8,137.5,0,0,0,1,0
Sandeep Sharma,2014-2025,10,3,3,11,8*,-,10,110,0,0,0,1,0
Sikandar Raza,2023-2023,1,1,1,11,11*,-,7,157.14,0,0,0,0,1
SW Tait,2010-2010,1,1,0,11,11,11,12,91.66,0,0,0,0,1
W Jaffer,2008-2008,1,1,0,10,10,10,9,111.11,0,0,0,0,1
M Shahrukh Khan,2023-2024,2,2,0,10,8,5,9,111.11,0,0,0,0,1
SK Trivedi,2008-2013,4,2,2,10,7*,-,12,83.33,0,0,0,0,1
Azhar Mahmood,2012-2012,1,1,0,9,9,9,7,128.57,0,0,0,1,0
M Kaif,2008-2008,1,1,0,9,9,9,19,47.36,0,0,0,0,0
AK Markram,2023-2024,2,2,0,9,8,4.5,16,56.25,0,0,0,0,0
A Nortje,2023-2024,7,4,2,9,5,4.5,8,112.5,0,0,1,2,0
Rasikh Salam,2024-2024,4,1,0,9,9,9,3,300,0,0,0,2,0
DB Ravi Teja,2008-2011,2,1,0,9,9,9,5,180,0,0,0,0,1
Shoaib Malik,2008-2008,3,3,1,9,6,4.5,8,112.5,0,0,0,1,0
L Wood,2024-2024,1,1,1,9,9*,-,3,300,0,0,0,0,1
Anuj Rawat,2021-2023,2,1,1,8,8*,-,3,266.66,0,0,0,0,1
Anureet Singh,2015-2015,1,1,1,8,8*,-,3,266.66,0,0,0,0,1
R Dhawan,2014-2023,2,2,2,8,8*,-,5,160,0,0,0,1,0
CK Kapugedera,2008-2008,1,1,0,8,8,8,9,88.88,0,0,0,0,0
TG Southee,2015-2018,3,2,2,8,7*,-,5,160,0,0,0,1,0
Avesh Khan,2017-2024,6,1,1,7,7*,-,3,233.33,0,0,0,1,0
VR Iyer,2023-2025,2,2,0,7,7,3.5,7,100,0,0,1,1,0
T Kohli,2008-2008,1,1,0,7,7,7,12,58.33,0,0,0,0,1
NS Naik,2019-2019,1,1,0,7,7,7,16,43.75,0,0,0,1,0
B Sumanth,2010-2010,1,1,1,7,7*,-,12,58.33,0,0,0,0,0
SN Thakur,2015-2021,6,1,1,7,7*,-,6,116.66,0,0,0,1,0
A Badoni,2024-2024,1,1,0,6,6,6,9,66.66,0,0,0,0,0
NM Coulter-Nile,2015-2021,7,2,0,6,4,3,10,60,0,0,0,1,0
JO Holder,2016-2016,2,2,0,6,6,3,8,75,0,0,1,1,0
AA Jhunjhunwala,2010-2012,2,2,0,6,4,3,10,60,0,0,0,1,0
Mukesh Kumar,2023-2025,15,2,2,6,6*,-,9,66.66,0,0,0,0,0
S Nadeem,2011-2018,24,6,3,6,2*,2,23,26.08,0,0,1,0,0
RM Patidar,2025-2025,1,1,0,6,6,6,6,100,0,0,0,1,0
IS Sodhi,2019-2019,1,1,0,6,6,6,11,54.54,0,0,0,0,0
Washington Sundar,2017-2024,3,3,2,6,5*,6,5,120,0,0,0,0,0
ER Dwivedi,2016-2016,1,1,0,5,5,5,5,100,0,0,0,1,0
A Mithun,2010-2011,2,2,0,5,5,2.5,6,83.33,0,0,1,1,0
PJ Sangwan,2008-2017,7,2,1,5,4,5,10,50,0,0,0,0,0
JM Sharma,2023-2025,2,1,0,5,5,5,5,100,0,0,0,1,0
TL Suman,2010-2010,1,1,0,5,5,5,6,83.33,0,0,0,1,0
VR Aaron,2011-2019,8,2,1,4,3*,4,8,50,0,0,0,0,0
P Awana,2012-2013,2,1,1,4,4*,-,5,80,0,0,0,0,0
C de Grandhomme,2017-2018,2,2,1,4,3*,4,6,66.66,0,0,0,0,0
JM Kemp,2010-2010,1,1,0,4,4,4,8,50,0,0,0,0,0
Litton Das,2023-2023,1,1,0,4,4,4,4,100,0,0,0,1,0
N Wadhera,2023-2024,2,1,0,4,4,4,2,200,0,0,0,1,0
L Balaji,2008-2011,3,1,1,3,3*,-,1,300,0,0,0,0,0
SD Chitnis,2008-2008,1,1,0,3,3,3,4,75,0,0,0,0,0
Imran Tahir,2014-2019,11,1,1,3,3*,-,4,75,0,0,0,0,0
Z Khan,2008-2017,14,2,1,3,2,3,12,25,0,0,0,0,0
DS Kulkarni,2008-2021,7,2,2,3,3*,-,2,150,0,0,0,0,0
M Markande,2018-2024,3,1,0,3,3,3,10,30,0,0,0,0,0
DP Nannes,2010-2010,4,1,0,3,3,3,11,27.27,0,0,0,0,0
R Shukla,2012-2014,3,2,2,3,2*,-,5,60,0,0,0,0,0
AJ Tye,2018-2018,1,1,0,3,3,3,9,33.33,0,0,0,0,0
WPUJC Vaas,2010-2010,1,1,0,3,3,3,8,37.5,0,0,0,0,0
R Vinay Kumar,2008-2014,6,1,0,3,3,3,3,100,0,0,0,0,0
Vishnu Vinod,2017-2017,1,1,0,3,3,3,9,33.33,0,0,0,0,0
CR Woakes,2017-2017,1,1,0,3,3,3,5,60,0,0,0,0,0
AB Barath,2010-2010,1,1,1,2,2*,-,5,40,0,0,0,0,0
TA Boult,2016-2025,13,1,1,2,2*,-,3,66.66,0,0,0,0,0
PVD Chameera,2025-2025,2,2,2,2,2*,-,4,50,0,0,0,0,0
KK Cooper,2012-2013,3,1,0,2,2,2,2,100,0,0,0,0,0
Naveen-ul-Haq,2024-2024,1,1,1,2,2*,-,4,50,0,0,0,0,0
WD Parnell,2014-2014,4,2,1,2,2,2,2,100,0,0,0,0,0
RJ Peterson,2012-2012,1,1,0,2,2,2,2,100,0,0,0,0,0
Ravi Bishnoi,2024-2024,1,1,0,2,2,2,2,100,0,0,0,0,0
M Rawat,2008-2008,1,1,0,2,2,2,4,50,0,0,0,0,0
KV Sharma,2013-2025,5,1,1,2,2*,-,2,100,0,0,0,0,0
RP Singh,2008-2012,3,2,1,2,1*,2,3,66.66,0,0,0,0,0
Sunny Singh,2011-2011,1,1,0,2,2,2,4,50,0,0,0,0,0
CV Varun,2023-2025,2,2,1,2,1*,2,7,28.57,0,0,0,0,0
GC Viljoen,2019-2019,1,1,1,2,2*,-,3,66.66,0,0,0,0,0
Ankit Sharma,2012-2012,1,1,1,1,1*,-,1,100,0,0,0,0,0
KP Appanna,2010-2010,1,1,1,1,1*,-,2,50,0,0,0,0,0
Azmatullah Omarzai,2024-2024,1,1,0,1,1,1,2,50,0,0,0,0,0
KC Cariappa,2017-2017,1,1,0,1,1,1,2,50,0,0,0,0,0
DL Chahar,2018-2025,6,1,1,1,1*,-,2,50,0,0,0,0,0
DB Das,2012-2012,1,1,1,1,1*,-,3,33.33,0,0,0,0,0
D Ferreira,2024-2024,1,1,0,1,1,1,3,33.33,0,0,0,0,0
RJ Harris,2011-2011,1,1,1,1,1*,-,1,100,0,0,0,0,0
WG Jacks,2025-2025,1,1,1,1,1*,-,1,100,0,0,0,0,0
DJ Jacobs,2011-2011,1,1,0,1,1,1,6,16.66,0,0,0,0,0
SB Jakati,2012-2012,1,1,1,1,1*,-,2,50,0,0,0,0,0
M Kartik,2010-2013,3,1,0,1,1,1,2,50,0,0,0,0,0
A Kumble,2010-2010,1,1,1,1,1*,-,1,100,0,0,0,0,0
B Lee,2011-2012,2,1,0,1,1,1,1,100,0,0,0,0,0
DS Lehmann,2008-2008,1,1,0,1,1,1,2,50,0,0,0,0,0
AL Menaria,2012-2013,2,1,0,1,1,1,2,50,0,0,0,0,0
Mustafizur Rahman,2016-2023,5,2,2,1,1*,-,1,100,0,0,0,0,0
DJ Muthuswami,2015-2015,3,1,0,1,1,1,3,33.33,0,0,0,0,0
LE Plunkett,2018-2018,5,2,1,1,1*,1,3,33.33,0,0,1,0,0
PA Reddy,2013-2013,1,1,0,1,1,1,8,12.5,0,0,0,0,0
PM Sarvesh Kumar,2008-2008,1,1,1,1,1*,-,2,50,0,0,0,0,0
OA Shah,2012-2012,1,1,0,1,1,1,1,100,0,0,0,0,0
MA Starc,2015-2025,5,3,2,1,1*,1,2,50,0,0,1,0,0
DP Vijaykumar,2008-2008,1,1,1,1,1*,-,1,100,0,0,0,0,0
J Yadav,2016-2021,5,1,0,1,1,1,3,33.33,0,0,0,0,0
S Ladda,2010-2010,2,1,1,0,0*,-,8,0,0,0,0,0,0
JC Archer,2018-2025,2,1,1,0,0*,-,0,-,0,0,0,0,0
AC Blizzard,2012-2012,1,1,0,0,0,0,3,0,0,0,1,0,0
HC Brook,2023-2023,1,1,0,0,0,0,2,0,0,0,1,0,0
JJ Bumrah,2013-2025,10,2,1,0,0*,0,1,0,0,0,1,0,0
AB Dinda,2011-2016,5,1,0,0,0,0,5,0,0,0,1,0,0
FY Fazal,2010-2010,1,1,0,0,0,0,2,0,0,0,1,0,0
Harshit Rana,2025-2025,1,1,1,0,0*,-,1,0,0,0,0,0,0
GB Hogg,2012-2016,2,1,1,0,0*,-,0,-,0,0,0,0,0
CK Langeveldt,2010-2010,1,1,0,0,0,0,1,0,0,0,1,0,0
MJ Lumb,2010-2010,1,1,0,0,0,0,2,0,0,0,1,0,0
MJ McClenaghan,2015-2017,3,1,0,0,0,0,1,0,0,0,1,0,0
JDS Neesham,2021-2021,1,1,0,0,0,0,1,0,0,0,1,0,0
A Nel,2008-2008,1,1,0,0,0,0,0,-,0,0,1,0,0
PP Ojha,2008-2013,4,2,0,0,0,0,3,0,0,0,2,0,0
D Padikkal,2025-2025,1,1,0,0,0,0,2,0,0,0,1,0,0
MM Patel,2008-2013,4,1,1,0,0*,-,0,-,0,0,0,0,0
KMA Paul,2019-2019,3,2,0,0,0,0,4,0,0,0,2,0,0
AS Roy,2023-2025,2,2,0,0,0,0,2,0,0,0,2,0,0
C Sakariya,2021-2023,3,1,1,0,0*,-,2,0,0,0,0,0,0
PR Shah,2008-2008,1,1,0,0,0,0,1,0,0,0,1,0,0
I Sharma,2010-2024,15,2,2,0,0*,-,0,-,0,0,0,0,0
Shivam Mavi,2018-2018,1,1,0,0,0,0,3,0,0,0,1,0,0
BB Sran,2016-2018,3,2,2,0,0*,-,1,0,0,0,0,0,0
S Sreesanth,2008-2013,3,1,1,0,0*,-,0,-,0,0,0,0,0
DH Yagnik,2013-2013,1,1,0,0,0,0,4,0,0,0,1,0,0
P Amarnath,2008-2008,1,-,-,-,-,-,-,-,-,-,-,-,-
L Ablish,2010-2010,1,-,-,-,-,-,-,-,-,-,-,-,-
KK Ahmed,2021-2024,11,-,-,-,-,-,-,-,-,-,-,-,-
Anand Rajan,2013-2013,1,-,-,-,-,-,-,-,-,-,-,-,-
Ankit Soni,2017-2017,1,-,-,-,-,-,-,-,-,-,-,-,-
S Aravind,2011-2011,1,-,-,-,-,-,-,-,-,-,-,-,-
VG Arora,2025-2025,1,-,-,-,-,-,-,-,-,-,-,-,-
Arshdeep Singh,2023-2023,1,-,-,-,-,-,-,-,-,-,-,-,-
M Ashwin,2016-2019,2,-,-,-,-,-,-,-,-,-,-,-,-
S Badree,2013-2013,1,-,-,-,-,-,-,-,-,-,-,-,-
Basil Thampi,2017-2017,1,-,-,-,-,-,-,-,-,-,-,-,-
JP Behrendorff,2023-2023,1,-,-,-,-,-,-,-,-,-,-,-,-
BA Bhatt,2013-2013,1,-,-,-,-,-,-,-,-,-,-,-,-
SM Boland,2016-2016,1,-,-,-,-,-,-,-,-,-,-,-,-
DE Bollinger,2012-2012,1,-,-,-,-,-,-,-,-,-,-,-,-
YS Chahal,2017-2024,4,-,-,-,-,-,-,-,-,-,-,-,-
RD Chahar,2019-2023,4,-,-,-,-,-,-,-,-,-,-,-,-
AA Chavan,2012-2012,1,-,-,-,-,-,-,-,-,-,-,-,-
CJ Dala,2018-2018,1,-,-,-,-,-,-,-,-,-,-,-,-
TU Deshpande,2023-2025,2,-,-,-,-,-,-,-,-,-,-,-,-
NT Ellis,2023-2023,1,-,-,-,-,-,-,-,-,-,-,-,-
LH Ferguson,2019-2019,1,-,-,-,-,-,-,-,-,-,-,-,-
JEC Franklin,2011-2011,1,-,-,-,-,-,-,-,-,-,-,-,-
B Geeves,2008-2008,2,-,-,-,-,-,-,-,-,-,-,-,-
K Goel,2010-2010,1,-,-,-,-,-,-,-,-,-,-,-,-
RV Gomez,2011-2011,1,-,-,-,-,-,-,-,-,-,-,-,-
Harmeet Singh,2010-2013,4,-,-,-,-,-,-,-,-,-,-,-,-
PW Hasaranga,2023-2025,2,-,-,-,-,-,-,-,-,-,-,-,-
JR Hazlewood,2023-2025,2,-,-,-,-,-,-,-,-,-,-,-,-
BE Hendricks,2014-2014,1,-,-,-,-,-,-,-,-,-,-,-,-
BW Hilfenhaus,2014-2014,1,-,-,-,-,-,-,-,-,-,-,-,-
Iqbal Abdulla,2011-2015,2,-,-,-,-,-,-,-,-,-,-,-,-
Joginder Sharma,2010-2010,1,-,-,-,-,-,-,-,-,-,-,-,-
AS Joseph,2023-2023,1,-,-,-,-,-,-,-,-,-,-,-,-
SB Joshi,2008-2008,1,-,-,-,-,-,-,-,-,-,-,-,-
Kartik Tyagi,2021-2021,1,-,-,-,-,-,-,-,-,-,-,-,-
S Kaul,2013-2021,8,-,-,-,-,-,-,-,-,-,-,-,-
U Kaul,2008-2008,1,-,-,-,-,-,-,-,-,-,-,-,-
S Kaushik,2016-2016,1,-,-,-,-,-,-,-,-,-,-,-,-
K Khejroliya,2023-2023,1,-,-,-,-,-,-,-,-,-,-,-,-
K Kushagra,2024-2024,1,-,-,-,-,-,-,-,-,-,-,-,-
S Lamichhane,2018-2019,7,-,-,-,-,-,-,-,-,-,-,-,-
JB Little,2023-2023,1,-,-,-,-,-,-,-,-,-,-,-,-
GD McGrath,2008-2008,6,-,-,-,-,-,-,-,-,-,-,-,-
VY Mahesh,2008-2008,3,-,-,-,-,-,-,-,-,-,-,-,-
VS Malik,2013-2013,1,-,-,-,-,-,-,-,-,-,-,-,-
RP Meredith,2023-2023,1,-,-,-,-,-,-,-,-,-,-,-,-
Mohammad Asif,2008-2008,3,-,-,-,-,-,-,-,-,-,-,-,-
Mohammed Siraj,2017-2023,3,-,-,-,-,-,-,-,-,-,-,-,-
Mohsin Khan,2024-2024,1,-,-,-,-,-,-,-,-,-,-,-,-
Mujeeb Ur Rahman,2018-2018,1,-,-,-,-,-,-,-,-,-,-,-,-
M Muralidaran,2008-2012,3,-,-,-,-,-,-,-,-,-,-,-,-
AG Murtaza,2011-2011,1,-,-,-,-,-,-,-,-,-,-,-,-
T Natarajan,2023-2024,2,-,-,-,-,-,-,-,-,-,-,-,-
L Ngidi,2018-2021,3,-,-,-,-,-,-,-,-,-,-,-,-
Noor Ahmad,2024-2024,1,-,-,-,-,-,-,-,-,-,-,-,-
IC Pandey,2014-2014,1,-,-,-,-,-,-,-,-,-,-,-,-
Pankaj Singh,2012-2012,1,-,-,-,-,-,-,-,-,-,-,-,-
P Parameswaran,2011-2012,2,-,-,-,-,-,-,-,-,-,-,-,-
M Pathirana,2023-2023,1,-,-,-,-,-,-,-,-,-,-,-,-
RT Ponting,2013-2013,1,-,-,-,-,-,-,-,-,-,-,-,-
RR Powar,2008-2010,2,-,-,-,-,-,-,-,-,-,-,-,-
M Prasidh Krishna,2019-2019,1,-,-,-,-,-,-,-,-,-,-,-,-
V Pratap Singh,2012-2012,1,-,-,-,-,-,-,-,-,-,-,-,-
AS Rajpoot,2018-2018,1,-,-,-,-,-,-,-,-,-,-,-,-
R Rampaul,2013-2013,1,-,-,-,-,-,-,-,-,-,-,-,-
KW Richardson,2014-2014,1,-,-,-,-,-,-,-,-,-,-,-,-
NA Saini,2019-2019,1,-,-,-,-,-,-,-,-,-,-,-,-
S Sandeep Warrier,2024-2024,1,-,-,-,-,-,-,-,-,-,-,-,-
MJ Santner,2025-2025,1,-,-,-,-,-,-,-,-,-,-,-,-
Shakib Al Hasan,2014-2018,2,-,-,-,-,-,-,-,-,-,-,-,-
R Shepherd,2025-2025,1,-,-,-,-,-,-,-,-,-,-,-,-
Shivam Sharma,2014-2014,1,-,-,-,-,-,-,-,-,-,-,-,-
HR Shokeen,2023-2023,1,-,-,-,-,-,-,-,-,-,-,-,-
VRV Singh,2008-2008,1,-,-,-,-,-,-,-,-,-,-,-,-
A Singh,2012-2012,1,-,-,-,-,-,-,-,-,-,-,-,-
RS Sodhi,2010-2010,1,-,-,-,-,-,-,-,-,-,-,-,-
SJ Srivastava,2011-2011,1,-,-,-,-,-,-,-,-,-,-,-,-
J Suchith,2021-2021,1,-,-,-,-,-,-,-,-,-,-,-,-
Suyash Sharma,2025-2025,1,-,-,-,-,-,-,-,-,-,-,-,-
PV Tambe,2014-2016,3,-,-,-,-,-,-,-,-,-,-,-,-
M Theekshana,2023-2025,2,-,-,-,-,-,-,-,-,-,-,-,-
J Theron,2010-2010,1,-,-,-,-,-,-,-,-,-,-,-,-
AC Thomas,2012-2012,1,-,-,-,-,-,-,-,-,-,-,-,-
O Thomas,2019-2019,1,-,-,-,-,-,-,-,-,-,-,-,-
N Thushara,2024-2024,1,-,-,-,-,-,-,-,-,-,-,-,-
Umran Malik,2023-2023,1,-,-,-,-,-,-,-,-,-,-,-,-
JD Unadkat,2011-2021,9,-,-,-,-,-,-,-,-,-,-,-,-
D Wiese,2015-2015,1,-,-,-,-,-,-,-,-,-,-,-,-
LB Williams,2024-2024,1,-,-,-,-,-,-,-,-,-,-,-,-
Yash Dayal,2023-2025,2,-,-,-,-,-,-,-,-,-,-,-,-
A Zampa,2017-2017,1,-,-,-,-,-,-,-,-,-,-,-,-
Player,Span,Mat,Inns,NO,Runs,HS,Ave,BF,SR,100,50,0,4s,6s
G Gambhir,2008-2018,47,47,5,1407,93,33.5,1104,127.44,0,11,2,165,26
RV Uthappa,2008-2019,41,40,4,1159,83*,32.19,890,130.22,0,8,1,124,33
AD Russell,2013-2025,48,40,9,989,80*,31.9,527,187.66,0,5,1,70,85
YK Pathan,2008-2019,49,41,16,861,72,34.44,570,151.05,0,3,3,67,45
N Rana,2018-2024,24,23,1,680,85*,30.9,489,139.05,0,6,0,63,36
SP Narine,2012-2025,64,40,3,661,109,17.86,401,164.83,1,2,6,85,38
KD Karthik,2010-2024,28,27,8,655,97*,34.47,466,140.55,0,3,0,73,19
MK Pandey,2008-2019,29,28,5,591,52,25.69,492,120.12,0,2,3,50,18
JH Kallis,2010-2013,21,21,3,577,79,32.05,514,112.25,0,4,2,59,12
CH Gayle,2010-2019,12,12,2,560,102*,56,349,160.45,1,4,1,50,42
SC Ganguly,2008-2012,15,15,2,532,88,40.92,447,119.01,0,4,0,55,21
MK Tiwary,2008-2017,28,25,8,515,50,30.29,461,111.71,0,1,1,46,13
RK Singh,2018-2025,24,21,8,512,67*,39.38,331,154.68,0,3,0,41,27
Shubman Gill,2018-2025,17,15,3,509,90,42.41,345,147.53,0,4,0,53,16
RG Sharma,2008-2024,14,14,3,485,109*,44.09,349,138.96,1,3,1,52,18
CA Lynn,2017-2019,16,16,0,483,82,30.18,348,138.79,0,3,1,54,23
AM Rahane,2008-2025,16,15,1,436,71*,31.14,310,140.64,0,4,0,46,18
V Kohli,2008-2025,14,13,3,430,100,43,321,133.95,1,2,1,34,16
PD Salt,2024-2025,8,8,1,406,89*,58,220,184.54,0,5,0,47,23
VR Iyer,2023-2025,19,17,1,399,60,24.93,292,136.64,0,2,0,39,15
BB McCullum,2008-2018,15,15,1,394,57*,28.14,316,124.68,0,1,0,49,13
S Dhawan,2008-2023,11,11,1,337,97*,33.7,267,126.21,0,3,0,44,7
SK Raina,2008-2019,13,12,1,325,84,29.54,261,124.52,0,3,1,33,11
JC Buttler,2016-2025,6,6,2,317,107*,79.25,186,170.43,1,1,1,37,13
SV Samson,2013-2024,10,10,1,306,60,34,215,142.32,0,2,1,22,17
Shakib Al Hasan,2011-2019,22,15,5,295,66*,29.5,221,133.48,0,2,1,25,12
SS Iyer,2015-2025,13,13,3,289,50,28.9,223,129.59,0,1,2,29,10
WP Saha,2008-2023,21,16,5,289,35,26.27,227,127.31,0,0,1,30,8
MS Dhoni,2008-2023,14,12,6,280,66*,46.66,210,133.33,0,2,0,15,16
DJ Hussey,2008-2013,13,13,3,265,38*,26.5,250,106,0,0,1,15,13
SA Yadav,2014-2024,25,19,6,255,46*,19.61,190,134.21,0,0,0,24,12
DA Miller,2013-2025,9,9,5,249,68*,62.25,168,148.21,0,2,0,14,15
AT Rayudu,2010-2023,13,10,3,236,63,33.71,167,141.31,0,1,1,18,10
MS Bisla,2010-2013,11,11,1,231,51*,23.1,228,101.31,0,1,0,25,5
DR Smith,2012-2017,9,8,0,222,62,27.75,170,130.58,0,3,1,25,9
GJ Maxwell,2012-2025,9,9,1,213,68,26.62,141,151.06,0,1,0,19,13
DPMD Jayawardene,2008-2013,4,4,2,212,110*,106,148,143.24,1,1,0,28,4
DB Das,2008-2013,15,11,4,203,35*,29,156,130.12,0,0,1,14,12
RA Jadeja,2008-2023,13,12,7,201,36*,40.2,137,146.71,0,0,1,13,12
EJG Morgan,2010-2015,14,11,1,200,47,20,151,132.45,0,0,0,21,9
RM Patidar,2022-2025,3,3,1,198,112*,99,93,212.9,1,1,0,20,13
KA Pollard,2011-2019,10,8,2,192,60*,32,135,142.22,0,1,0,15,9
N Pooran,2023-2025,3,3,1,190,87*,95,98,193.87,0,2,0,13,17
HH Pandya,2015-2024,8,8,2,188,91,31.33,112,167.85,0,1,1,13,12
Rahmanullah Gurbaz,2023-2025,8,8,1,183,81,26.14,132,138.63,0,2,1,13,13
KL Rahul,2016-2024,5,4,0,179,79,44.75,117,152.99,0,2,0,15,9
Salman Butt,2008-2008,4,4,0,169,73,42.25,137,123.35,0,1,0,27,1
RA Tripathi,2017-2024,5,5,0,169,93,33.8,104,162.5,0,1,0,16,11
AB de Villiers,2008-2018,8,7,1,159,59*,26.5,99,160.6,0,1,1,12,10
DA Warner,2010-2019,7,7,0,158,85,22.57,128,123.43,0,1,1,20,4
SR Watson,2008-2019,8,7,0,157,44,22.42,129,121.7,0,0,0,21,4
JJ Roy,2018-2023,5,5,0,155,61,31,89,174.15,0,1,0,22,6
SS Tiwary,2010-2017,6,5,1,154,52,38.5,129,119.37,0,1,0,18,3
LR Shukla,2008-2013,17,12,3,153,40*,17,113,135.39,0,0,1,15,6
A Raghuvanshi,2024-2025,10,7,1,152,50,25.33,99,153.53,0,1,0,16,5
Prabhsimran Singh,2023-2025,3,3,0,149,83,49.66,77,193.5,0,2,0,13,11
JM Bairstow,2019-2024,2,2,1,147,108*,147,83,177.1,1,0,0,11,10
M Vohra,2013-2022,6,6,0,143,39,23.83,109,131.19,0,0,1,9,10
DJ Bravo,2008-2018,9,8,4,141,64*,35.25,127,111.02,0,1,0,16,3
Mandeep Singh,2012-2023,7,7,1,140,38,23.33,94,148.93,0,0,1,16,5
F du Plessis,2012-2024,9,9,0,138,27,15.33,101,136.63,0,0,1,19,3
H Klaasen,2018-2025,5,4,2,130,63,65,74,175.67,0,1,0,5,11
AD Mathews,2010-2015,9,6,2,130,46*,32.5,98,132.65,0,0,0,7,6
M Vijay,2010-2016,7,7,0,128,36,18.28,122,104.91,0,0,0,17,2
Yuvraj Singh,2008-2018,7,6,1,127,33*,25.4,77,164.93,0,0,1,9,10
PP Chawla,2008-2024,36,16,10,123,22,20.5,99,124.24,0,0,2,10,4
RR Pant,2017-2025,5,4,0,122,46,30.5,81,150.61,0,0,0,14,4
MA Agarwal,2012-2024,6,6,1,120,58,24,94,127.65,0,1,0,12,2
YBK Jaiswal,2022-2024,3,3,1,120,98*,60,64,187.5,0,1,0,15,6
KC Sangakkara,2008-2013,4,4,0,120,64,30,85,141.17,0,1,0,11,4
AJ Finch,2010-2018,6,5,0,116,31,23.2,78,148.71,0,0,0,13,5
HH Gibbs,2010-2012,2,2,1,116,66*,116,103,112.62,0,2,0,12,3
MEK Hussey,2011-2015,5,5,0,116,56,23.2,127,91.33,0,1,0,7,5
AK Markram,2023-2025,3,3,0,115,50,38.33,67,171.64,0,1,0,8,7
Ishan Kishan,2017-2025,4,4,0,108,62,27,59,183.05,0,1,0,10,8
S Badrinath,2008-2013,5,4,1,103,54,34.33,90,114.44,0,1,1,6,3
R Dravid,2008-2013,5,5,1,103,43,25.75,94,109.57,0,0,0,16,0
HC Brook,2023-2023,1,1,1,100,100*,-,55,181.81,1,0,0,12,3
BJ Hodge,2008-2013,6,6,2,93,50,23.25,95,97.89,0,1,1,11,1
V Shankar,2018-2023,3,3,2,93,51*,93,52,178.84,0,1,0,4,7
DJ Hooda,2016-2024,7,6,1,92,45,18.4,73,126.02,0,0,0,3,6
Ramandeep Singh,2024-2025,11,8,5,91,35,30.33,51,178.43,0,0,0,4,8
AC Gilchrist,2008-2013,5,5,0,90,27,18,90,100,0,0,0,10,3
PA Patel,2008-2019,6,6,1,89,27,17.8,104,85.57,0,0,1,11,1
V Sehwag,2008-2014,4,4,0,86,64,21.5,57,150.87,0,1,1,7,4
Q de Kock,2016-2025,9,9,0,85,28,9.44,78,108.97,0,0,1,5,6
R Parag,2019-2024,3,3,0,85,47,28.33,48,177.08,0,0,0,9,4
SN Thakur,2017-2025,9,6,1,84,68,16.8,49,171.42,0,1,1,11,3
MR Marsh,2025-2025,1,1,0,81,81,81,48,168.75,0,1,0,6,5
NV Ojha,2010-2017,7,6,1,79,26,15.8,93,84.94,0,0,1,10,1
A Symonds,2008-2010,2,2,0,77,45,38.5,76,101.31,0,0,0,7,2
KV Sharma,2013-2024,8,7,4,71,32,23.66,52,136.53,0,0,0,1,6
P Arya,2025-2025,1,1,0,69,69,69,35,197.14,0,1,0,8,4
Shashank Singh,2024-2025,2,1,1,68,68*,-,28,242.85,0,1,0,2,8
LMP Simmons,2015-2017,2,2,0,68,68,34,50,136,0,1,1,8,3
CA Pujara,2010-2011,7,3,2,67,45*,67,66,101.51,0,0,0,8,1
RN ten Doeschate,2011-2015,11,7,2,67,18,13.4,50,134,0,0,1,2,5
Abhishek Sharma,2023-2025,3,3,0,66,32,22,42,157.14,0,0,0,7,4
MM Ali,2019-2025,4,2,0,66,66,33,30,220,0,1,1,5,6
C de Grandhomme,2017-2017,6,4,0,65,36,16.25,39,166.66,0,0,2,7,3
MC Henriques,2015-2017,3,3,0,65,41,21.66,53,122.64,0,0,0,5,2
TM Dilshan,2008-2012,3,3,0,64,38,21.33,53,120.75,0,0,0,11,0
CL White,2008-2013,2,2,0,64,34,32,47,136.17,0,0,0,6,2
Harbhajan Singh,2011-2018,9,5,3,63,30,31.5,46,136.95,0,0,0,9,2
Kuldeep Yadav,2016-2024,23,7,3,62,35*,15.5,68,91.17,0,0,1,7,1
OA Shah,2010-2013,4,4,1,62,31,20.66,64,96.87,0,0,0,6,0
IK Pathan,2008-2016,5,4,1,60,42*,20,39,153.84,0,0,0,3,3
KS Williamson,2016-2018,3,3,0,60,50,20,56,107.14,0,1,0,4,1
GJ Bailey,2014-2016,3,3,1,59,33,29.5,44,134.09,0,0,0,4,3
STR Binny,2010-2019,8,7,1,58,27,9.66,54,107.4,0,0,1,6,2
CJ Anderson,2015-2017,2,2,1,57,55*,57,46,123.91,0,1,0,4,3
DP Conway,2023-2023,1,1,0,56,56,56,40,140,0,1,0,4,3
KM Jadhav,2010-2019,5,5,0,56,20,11.2,44,127.27,0,0,0,6,2
N Jagadeesan,2023-2023,3,3,0,56,36,18.66,39,143.58,0,0,0,9,1
WG Jacks,2024-2024,1,1,0,55,55,55,32,171.87,0,1,0,4,5
A Badoni,2023-2025,3,2,0,54,29,27,48,112.5,0,0,0,4,2
B Sai Sudharsan,2025-2025,1,1,0,52,52,52,36,144.44,0,1,0,6,1
A Mishra,2008-2017,7,5,3,51,31,25.5,53,96.22,0,0,0,4,1
Bipul Sharma,2010-2017,5,4,2,50,21*,25,39,128.2,0,0,0,3,2
MV Boucher,2008-2011,2,1,1,50,50*,-,40,125,0,1,0,5,1
S Dube,2023-2023,1,1,0,50,50,50,21,238.09,0,1,0,2,5
JP Duminy,2010-2018,4,4,1,50,25,16.66,51,98.03,0,0,0,4,1
NLTC Perera,2013-2016,2,2,0,49,36,24.5,36,136.11,0,0,0,2,2
B Chipli,2011-2011,1,1,0,48,48,48,40,120,0,0,0,6,1
M Kartik,2008-2012,10,4,1,48,21,16,44,109.09,0,0,0,5,0
KH Pandya,2017-2025,7,6,3,48,24,16,38,126.31,0,0,1,0,4
SE Marsh,2008-2012,3,3,0,46,40,15.33,44,104.54,0,0,0,4,2
JEC Franklin,2011-2011,1,1,1,45,45*,-,23,195.65,0,0,0,5,1
JA Morkel,2008-2015,6,3,2,45,30*,45,42,107.14,0,0,0,4,1
MP Stoinis,2016-2024,6,6,1,45,17*,9,39,115.38,0,0,2,5,2
YV Takawale,2014-2014,1,1,0,45,45,45,36,125,0,0,0,5,1
J Botha,2012-2015,5,5,1,44,17,11,28,157.14,0,0,0,7,1
Gurkeerat Singh,2013-2016,3,3,1,43,28*,21.5,33,130.3,0,0,0,3,2
P Negi,2015-2019,5,4,0,43,27,10.75,40,107.5,0,0,0,4,2
AP Tare,2010-2015,4,4,0,43,35,10.75,38,113.15,0,0,1,4,2
SR Tendulkar,2011-2013,3,3,0,42,38,14,35,120,0,0,0,6,0
Y Venugopal Rao,2008-2014,4,3,1,41,27,20.5,40,102.5,0,0,0,5,0
DH Yagnik,2013-2013,2,2,1,41,31*,41,23,178.26,0,0,0,7,0
R Dhawan,2013-2023,4,4,1,40,19,13.33,31,129.03,0,0,0,2,2
BCJ Cutting,2017-2018,2,2,0,39,24,19.5,19,205.26,0,0,0,2,4
D Padikkal,2022-2025,2,2,0,38,28,19,30,126.66,0,0,0,3,2
AR Patel,2014-2024,6,4,0,38,21,9.5,31,122.58,0,0,1,3,2
Umar Gul,2008-2008,3,3,1,37,24,18.5,17,217.64,0,0,0,1,5
R Bhatia,2010-2013,21,8,3,36,11,7.2,40,90,0,0,0,3,0
DJG Sammy,2014-2015,2,2,0,36,29,18,28,128.57,0,0,0,1,3
BA Stokes,2017-2019,3,3,0,36,14,12,38,94.73,0,0,0,3,0
RD Gaikwad,2023-2023,1,1,0,35,35,35,20,175,0,0,0,2,3
E Lewis,2018-2022,3,3,1,35,18,17.5,35,100,0,0,0,4,1
MS Wade,2022-2022,1,1,0,35,35,35,30,116.66,0,0,0,6,0
DT Christian,2011-2017,2,2,1,34,25,34,23,147.82,0,0,0,1,3
M Kaif,2008-2008,1,1,1,34,34*,-,31,109.67,0,0,0,4,0
Rashid Khan,2017-2025,7,1,1,34,34*,-,10,340,0,0,0,2,4
JC Archer,2018-2019,3,2,1,33,27*,33,17,194.11,0,0,0,3,2
SP Goswami,2010-2012,4,3,0,33,24,11,35,94.28,0,0,0,3,1
R Ashwin,2010-2024,13,6,2,32,11,8,51,62.74,0,0,0,3,0
SP Fleming,2008-2008,1,1,1,32,32*,-,20,160,0,0,0,6,0
B Kumar,2012-2024,10,4,3,32,11*,32,17,188.23,0,0,0,5,1
M Shahrukh Khan,2023-2025,2,2,2,32,21*,-,13,246.15,0,0,0,3,2
MM Sharma,2013-2023,8,5,3,32,21*,16,19,168.42,0,0,1,2,2
NT Tilak Varma,2024-2024,1,1,0,32,32,32,17,188.23,0,0,0,5,1
LS Livingstone,2023-2025,2,2,1,30,15*,30,14,214.28,0,0,0,5,1
MD Mishra,2010-2010,1,1,0,29,29,29,16,181.25,0,0,0,6,0
PHKD Mendis,2025-2025,1,1,0,27,27,27,20,135,0,0,0,1,2
PP Shaw,2019-2024,2,2,0,27,14,13.5,14,192.85,0,0,0,3,2
PN Mankad,2023-2023,1,1,0,26,26,26,20,130,0,0,0,5,0
R Powell,2024-2025,2,1,0,26,26,26,13,200,0,0,0,1,3
RR Rossouw,2024-2024,1,1,0,26,26,26,16,162.5,0,0,0,1,2
JD Unadkat,2010-2019,11,2,1,26,26,26,19,136.84,0,0,0,3,1
HM Amla,2017-2017,1,1,0,25,25,25,27,92.59,0,0,0,4,0
CR Brathwaite,2016-2019,4,4,0,25,8,6.25,18,138.88,0,0,0,1,2
Mohammad Hafeez,2008-2008,4,4,0,25,13,6.25,33,75.75,0,0,0,3,1
SPD Smith,2012-2019,3,3,0,25,14,8.33,31,80.64,0,0,0,1,1
CR Woakes,2017-2018,7,4,1,25,18,8.33,30,83.33,0,0,0,4,0
CH Morris,2013-2019,6,4,0,24,11,6,23,104.34,0,0,1,3,0
SS Prabhudessai,2024-2024,1,1,0,24,24,24,18,133.33,0,0,0,3,0
DB Ravi Teja,2011-2013,2,2,0,24,14,12,23,104.34,0,0,0,1,1
GC Smith,2008-2008,1,1,0,24,24,24,24,100,0,0,0,4,0
K Gowtham,2018-2023,3,3,2,23,11*,23,16,143.75,0,0,0,2,1
J Arunkumar,2008-2008,1,1,0,22,22,22,17,129.41,0,0,0,5,0
SP Jackson,2017-2017,2,2,1,22,12*,22,14,157.14,0,0,0,4,0
AL Menaria,2011-2012,2,2,0,22,21,11,23,95.65,0,0,0,1,1
T Taibu,2008-2008,2,2,0,22,15,11,21,104.76,0,0,0,2,0
Abdul Samad,2024-2025,2,2,0,21,15,10.5,15,140,0,0,0,2,1
TK Curran,2018-2018,3,3,0,21,18,7,23,91.3,0,0,0,3,0
UT Khawaja,2016-2016,1,1,0,21,21,21,17,123.52,0,0,0,3,0
P Kumar,2008-2017,8,5,3,21,12,10.5,26,80.76,0,0,1,2,0
JM Sharma,2023-2025,3,1,0,21,21,21,18,116.66,0,0,0,0,2
MJ McClenaghan,2015-2018,3,1,0,20,20,20,8,250,0,0,0,0,3
MA Starc,2014-2024,7,3,3,20,12*,-,13,153.84,0,0,0,2,0
DJ Willey,2023-2023,1,1,1,20,20*,-,20,100,0,0,0,2,0
MG Bracewell,2023-2023,1,1,0,19,19,19,18,105.55,0,0,0,1,1
JO Holder,2014-2016,2,2,0,19,16,9.5,15,126.66,0,0,0,2,1
SN Khan,2018-2019,2,2,0,19,13,9.5,23,82.6,0,0,0,2,0
K Nitish Kumar Reddy,2025-2025,1,1,0,19,19,19,15,126.66,0,0,0,2,1
RT Ponting,2008-2008,2,2,0,19,19,9.5,32,59.37,0,0,1,1,0
S Rana,2014-2014,1,1,1,19,19*,-,12,158.33,0,0,0,2,0
TL Suman,2010-2011,2,2,1,19,15*,19,15,126.66,0,0,0,1,1
UT Yadav,2012-2023,25,8,7,19,6*,19,17,111.76,0,0,0,1,0
Abishek Porel,2024-2024,1,1,0,18,18,18,15,120,0,0,0,2,1
S Gopal,2018-2019,2,1,0,18,18,18,9,200,0,0,0,4,0
BJ Haddin,2011-2011,1,1,0,18,18,18,11,163.63,0,0,0,2,1
ST Jayasuriya,2008-2008,1,1,0,18,18,18,10,180,0,0,0,3,1
MK Lomror,2022-2024,2,2,0,18,14,9,12,150,0,0,0,3,0
KK Nair,2016-2018,3,2,0,18,15,9,25,72,0,0,0,3,0
Akash Deep,2023-2025,2,1,0,17,17,17,8,212.5,0,0,0,2,1
A Chopra,2008-2008,3,3,0,17,13,5.66,25,68,0,0,0,2,0
Harpreet Brar,2023-2025,3,1,1,17,17*,-,9,188.88,0,0,0,2,1
Naman Dhir,2024-2024,1,1,0,17,17,17,6,283.33,0,0,0,1,2
Shahbaz Ahmed,2022-2024,3,2,0,17,16,8.5,10,170,0,0,0,1,2
R Vinay Kumar,2008-2018,9,4,3,17,11,17,14,121.42,0,0,0,2,0
FY Fazal,2010-2011,2,2,0,16,13,8,17,94.11,0,0,0,1,0
Harshit Rana,2023-2025,16,3,2,16,10*,16,17,94.11,0,0,0,3,0
DL Vettori,2010-2012,3,2,2,16,12*,-,10,160,0,0,0,2,0
AB Agarkar,2008-2010,7,3,1,15,8*,7.5,13,115.38,0,0,0,2,0
NM Coulter-Nile,2016-2017,5,3,1,15,7*,7.5,19,78.94,0,0,0,1,1
MG Johnson,2013-2018,8,3,2,15,10*,15,18,83.33,0,0,0,0,1
AG Paunikar,2011-2011,1,1,0,15,15,15,15,100,0,0,0,2,0
SB Bangar,2008-2008,1,1,0,14,14,14,10,140,0,0,0,1,1
PJ Cummins,2014-2025,5,3,2,14,14,14,16,87.5,0,0,0,2,0
P Dogra,2010-2012,2,2,0,14,8,7,23,60.86,0,0,0,0,0
Harmeet Singh,2010-2013,3,1,0,14,14,14,6,233.33,0,0,0,3,0
CA Ingram,2019-2019,1,1,1,14,14*,-,6,233.33,0,0,0,1,1
Iqbal Abdulla,2008-2016,15,3,3,14,12*,-,12,116.66,0,0,0,1,0
C Munro,2016-2016,3,2,0,14,10,7,13,107.69,0,0,0,2,0
DW Steyn,2008-2019,7,2,1,14,13,14,13,107.69,0,0,0,1,0
AD Nath,2019-2019,1,1,0,13,13,13,15,86.66,0,0,0,0,1
JR Hopes,2008-2008,1,1,0,13,13,13,10,130,0,0,0,2,0
AS Raut,2010-2011,2,2,0,13,11,6.5,19,68.42,0,0,0,1,0
Shivam Mavi,2018-2018,6,3,1,13,7,6.5,12,108.33,0,0,0,1,0
Sohail Tanvir,2008-2008,1,1,0,13,13,13,8,162.5,0,0,0,1,1
AR Bawne,2017-2017,1,1,1,12,12*,-,12,100,0,0,0,1,0
J Fraser-McGurk,2024-2024,1,1,0,12,12,12,7,171.42,0,0,0,1,1
MF Maharoof,2008-2010,2,2,0,12,10,6,15,80,0,0,0,0,0
HV Patel,2012-2025,6,3,1,12,9*,6,11,109.09,0,0,1,0,1
PVD Chameera,2022-2024,2,1,1,11,11*,-,4,275,0,0,0,1,1
JP Inglis,2025-2025,1,1,1,11,11*,-,6,183.33,0,0,0,2,0
R Sathish,2010-2011,2,1,0,11,11,11,11,100,0,0,0,1,0
L Balaji,2008-2013,16,2,2,10,9*,-,8,125,0,0,0,1,0
RV Gomez,2011-2011,1,1,1,10,10*,-,10,100,0,0,0,0,1
B Lee,2011-2013,9,2,0,10,9,5,8,125,0,0,0,0,1
S Nadeem,2012-2018,3,2,1,10,6*,10,16,62.5,0,0,0,0,0
AS Yadav,2008-2008,1,1,0,10,10,10,10,100,0,0,0,0,1
Mohammed Shami,2018-2025,5,2,1,9,7,9,10,90,0,0,0,1,0
I Sharma,2008-2025,14,5,5,9,6*,-,18,50,0,0,0,0,0
D Wiese,2023-2023,2,2,1,9,8*,9,8,112.5,0,0,0,0,1
MC Juneja,2013-2013,1,1,0,8,8,8,9,88.88,0,0,0,1,0
Rasikh Salam,2024-2025,2,1,0,8,8,8,10,80,0,0,0,1,0
AC Voges,2010-2010,1,1,0,8,8,8,7,114.28,0,0,0,1,0
S Chanderpaul,2008-2008,1,1,0,7,7,7,11,63.63,0,0,0,1,0
SMSM Senanayake,2013-2013,5,2,2,7,7*,-,14,50,0,0,0,0,0
PC Valthaty,2011-2011,1,1,0,7,7,7,8,87.5,0,0,0,1,0
GH Vihari,2013-2015,2,2,0,7,6,3.5,14,50,0,0,0,0,0
BA Bhatt,2011-2013,3,1,1,6,6*,-,2,300,0,0,0,0,1
C Green,2024-2024,1,1,0,6,6,6,4,150,0,0,0,0,1
SD Hope,2024-2024,1,1,0,6,6,6,3,200,0,0,0,0,1
AS Roy,2023-2024,2,1,1,6,6*,-,6,100,0,0,0,0,0
SB Styris,2008-2008,1,1,0,6,6,6,7,85.71,0,0,0,1,0
LRPL Taylor,2011-2011,1,1,0,6,6,6,9,66.66,0,0,0,0,0
AU Verma,2025-2025,1,1,0,6,6,6,6,100,0,0,0,1,0
SK Warne,2008-2011,3,2,2,6,3*,-,10,60,0,0,0,0,0
AN Ahmed,2011-2015,3,1,1,5,5*,-,2,250,0,0,0,1,0
S Aravind,2011-2017,3,1,1,5,5*,-,4,125,0,0,0,1,0
Arshad Khan,2024-2024,1,1,0,5,5,5,4,125,0,0,0,1,0
SA Asnodkar,2008-2008,1,1,0,5,5,5,3,166.66,0,0,0,1,0
TA Boult,2017-2024,7,4,2,5,5*,2.5,11,45.45,0,0,2,0,0
JP Faulkner,2013-2017,3,2,1,5,4*,5,6,83.33,0,0,0,0,0
GB Hogg,2012-2016,10,1,0,5,5,5,5,100,0,0,0,0,0
BB Sran,2016-2019,3,2,2,5,3*,-,5,100,0,0,0,0,0
VR Aaron,2015-2019,3,1,0,4,4,4,5,80,0,0,0,0,0
A Ashish Reddy,2013-2013,1,1,0,4,4,4,5,80,0,0,0,0,0
KK Cooper,2013-2013,1,1,0,4,4,4,2,200,0,0,0,1,0
SM Curran,2023-2024,2,1,0,4,4,4,9,44.44,0,0,0,0,0
TM Head,2025-2025,1,1,0,4,4,4,2,200,0,0,0,1,0
SO Hetmyer,2022-2024,3,2,0,4,4,2,8,50,0,0,1,0,0
M Jansen,2023-2025,3,2,1,4,3,4,8,50,0,0,0,0,0
Z Khan,2008-2017,6,1,0,4,4,4,9,44.44,0,0,0,1,0
T Stubbs,2024-2024,1,1,0,4,4,4,7,57.14,0,0,0,0,0
SK Trivedi,2008-2013,6,2,0,4,4,2,4,100,0,0,1,1,0
S Anirudha,2012-2014,2,1,0,3,3,3,5,60,0,0,0,0,0
Anureet Singh,2015-2018,2,1,1,3,3*,-,4,75,0,0,0,0,0
IR Jaggi,2011-2011,1,1,0,3,3,3,9,33.33,0,0,0,0,0
VY Mahesh,2008-2008,1,1,0,3,3,3,6,50,0,0,0,0,0
RR Powar,2008-2011,3,1,1,3,3*,-,6,50,0,0,0,0,0
KS Sharma,2023-2023,1,1,0,3,3,3,5,60,0,0,0,0,0
N Wadhera,2024-2025,2,1,0,3,3,3,3,100,0,0,0,0,0
Azhar Mahmood,2013-2013,1,1,0,2,2,2,7,28.57,0,0,0,0,0
PD Collingwood,2010-2010,1,1,0,2,2,2,3,66.66,0,0,0,0,0
RS Gavaskar,2010-2010,2,1,0,2,2,2,8,25,0,0,0,0,0
DC Jurel,2023-2024,2,1,0,2,2,2,4,50,0,0,0,0,0
A Kamboj,2024-2024,1,1,1,2,2*,-,2,100,0,0,0,0,0
TS Mills,2017-2017,1,1,0,2,2,2,5,40,0,0,0,0,0
RG More,2015-2015,1,1,1,2,2*,-,2,100,0,0,0,0,0
Naveen-ul-Haq,2023-2023,1,1,1,2,2*,-,3,66.66,0,0,0,0,0
Ravi Bishnoi,2022-2025,4,1,0,2,2,2,2,100,0,0,0,0,0
JPR Scantlebury-Searles,2018-2018,2,1,0,2,2,2,5,40,0,0,0,0,0
SA Abbott,2015-2015,1,1,0,1,1,1,4,25,0,0,0,0,0
Anuj Rawat,2023-2023,1,1,0,1,1,1,5,20,0,0,0,0,0
VG Arora,2023-2025,11,1,1,1,1*,-,1,100,0,0,0,0,0
SE Bond,2010-2010,5,1,0,1,1,1,2,50,0,0,0,0,0
RD Chahar,2019-2024,3,1,1,1,1*,-,1,100,0,0,0,0,0
MJ Clarke,2012-2012,1,1,0,1,1,1,2,50,0,0,0,0,0
LH Ferguson,2019-2024,5,1,0,1,1,1,1,100,0,0,0,0,0
ML Hayden,2010-2010,1,1,0,1,1,1,8,12.5,0,0,0,0,0
SH Johnson,2025-2025,2,1,1,1,1*,-,1,100,0,0,0,0,0
Karanveer Singh,2014-2014,1,1,1,1,1*,-,1,100,0,0,0,0,0
K Kushagra,2024-2024,1,1,0,1,1,1,3,33.33,0,0,0,0,0
M Manhas,2012-2014,2,1,0,1,1,1,3,33.33,0,0,0,0,0
A Nehra,2008-2017,5,2,1,1,1*,1,5,20,0,0,1,0,0
PP Ojha,2008-2015,8,2,1,1,1*,1,1,100,0,0,1,0,0
WD Parnell,2012-2012,1,1,0,1,1,1,2,50,0,0,0,0,0
M Prasidh Krishna,2018-2025,12,2,2,1,1*,-,5,20,0,0,0,0,0
Sandeep Sharma,2015-2023,5,2,2,1,1*,-,1,100,0,0,0,0,0
RP Singh,2008-2011,2,1,1,1,1*,-,2,50,0,0,0,0,0
IS Sodhi,2018-2018,2,1,0,1,1,1,6,16.66,0,0,0,0,0
TM Srivastava,2008-2008,1,1,1,1,1*,-,1,100,0,0,0,0,0
R Tewatia,2018-2025,5,2,0,1,1,0.5,4,25,0,0,1,0,0
RE van der Merwe,2010-2012,2,1,0,1,1,1,2,50,0,0,0,0,0
Washington Sundar,2017-2025,4,2,2,1,1*,-,3,33.33,0,0,0,0,0
LB Williams,2024-2024,1,1,1,1,1*,-,2,50,0,0,0,0,0
Avesh Khan,2022-2025,3,1,1,0,0*,-,0,-,0,0,0,0,0
S Badree,2017-2017,1,1,0,0,0,0,3,0,0,0,1,0,0
YS Chahal,2013-2025,11,1,0,0,0,0,2,0,0,0,1,0,0
UBT Chand,2013-2013,1,1,0,0,0,0,1,0,0,0,1,0,0
TH David,2024-2025,2,1,0,0,0,0,3,0,0,0,1,0,0
JL Denly,2019-2019,1,1,0,0,0,0,1,0,0,0,1,0,0
Kamran Khan,2010-2010,1,1,1,0,0*,-,0,-,0,0,0,0,0
VVS Laxman,2008-2008,1,1,0,0,0,0,6,0,0,0,1,0,0
GD McGrath,2008-2008,1,1,1,0,0*,-,0,-,0,0,0,0,0
R McLaren,2010-2010,1,1,1,0,0*,-,2,0,0,0,0,0,0
SL Malinga,2011-2019,8,1,0,0,0,0,2,0,0,0,1,0,0
AD Mascarenhas,2012-2012,1,1,0,0,0,0,1,0,0,0,1,0,0
Mohammed Siraj,2019-2025,5,1,1,0,0*,-,0,-,0,0,0,0,0
M Morkel,2012-2016,10,1,1,0,0*,-,0,-,0,0,0,0,0
AM Nayar,2008-2011,2,1,0,0,0,0,2,0,0,0,1,0,0
Parvez Rasool,2014-2014,1,1,1,0,0*,-,0,-,0,0,0,0,0
PBB Rajapaksa,2023-2023,1,1,0,0,0,0,3,0,0,0,1,0,0
PJ Sangwan,2008-2010,2,1,0,0,0,0,1,0,0,0,1,0,0
Simarjeet Singh,2025-2025,1,1,0,0,0,0,1,0,0,0,1,0,0
A Singh,2011-2012,2,1,0,0,0,0,2,0,0,0,1,0,0
Swapnil Singh,2016-2016,1,1,0,0,0,0,1,0,0,0,1,0,0
SW Tait,2011-2011,1,1,0,0,0,0,1,0,0,0,1,0,0
WPUJC Vaas,2008-2008,1,1,0,0,0,0,1,0,0,0,1,0,0
CV Varun,2019-2025,20,1,1,0,0*,-,3,0,0,0,0,0,0
S Ladda,2013-2013,1,-,-,-,-,-,-,-,-,-,-,-,-
KK Ahmed,2018-2024,2,-,-,-,-,-,-,-,-,-,-,-,-
Akash Singh,2023-2023,1,-,-,-,-,-,-,-,-,-,-,-,-
KP Appanna,2012-2012,1,-,-,-,-,-,-,-,-,-,-,-,-
Arshdeep Singh,2023-2025,3,-,-,-,-,-,-,-,-,-,-,-,-
M Ashwin,2016-2016,1,-,-,-,-,-,-,-,-,-,-,-,-
KM Asif,2018-2023,2,-,-,-,-,-,-,-,-,-,-,-,-
P Awana,2014-2014,1,-,-,-,-,-,-,-,-,-,-,-,-
Azmatullah Omarzai,2025-2025,1,-,-,-,-,-,-,-,-,-,-,-,-
Basil Thampi,2017-2017,1,-,-,-,-,-,-,-,-,-,-,-,-
DE Bollinger,2011-2011,1,-,-,-,-,-,-,-,-,-,-,-,-
RS Bopara,2010-2010,1,-,-,-,-,-,-,-,-,-,-,-,-
JJ Bumrah,2015-2024,5,-,-,-,-,-,-,-,-,-,-,-,-
KC Cariappa,2015-2015,1,-,-,-,-,-,-,-,-,-,-,-,-
DL Chahar,2019-2019,1,-,-,-,-,-,-,-,-,-,-,-,-
AA Chavan,2012-2013,2,-,-,-,-,-,-,-,-,-,-,-,-
M de Lange,2012-2012,3,-,-,-,-,-,-,-,-,-,-,-,-
TU Deshpande,2023-2023,1,-,-,-,-,-,-,-,-,-,-,-,-
AB Dinda,2008-2016,13,-,-,-,-,-,-,-,-,-,-,-,-
NT Ellis,2023-2023,1,-,-,-,-,-,-,-,-,-,-,-,-
CRD Fernando,2008-2010,2,-,-,-,-,-,-,-,-,-,-,-,-
MS Gony,2008-2010,2,-,-,-,-,-,-,-,-,-,-,-,-
HF Gurney,2019-2019,3,-,-,-,-,-,-,-,-,-,-,-,-
RJ Harris,2011-2011,1,-,-,-,-,-,-,-,-,-,-,-,-
PW Hasaranga,2022-2022,1,-,-,-,-,-,-,-,-,-,-,-,-
JW Hastings,2016-2016,2,-,-,-,-,-,-,-,-,-,-,-,-
JR Hazlewood,2022-2025,2,-,-,-,-,-,-,-,-,-,-,-,-
BE Hendricks,2015-2015,1,-,-,-,-,-,-,-,-,-,-,-,-
BW Hilfenhaus,2012-2014,2,-,-,-,-,-,-,-,-,-,-,-,-
Imran Tahir,2015-2019,3,-,-,-,-,-,-,-,-,-,-,-,-
SB Jakati,2011-2012,2,-,-,-,-,-,-,-,-,-,-,-,-
Jaskaran Singh,2010-2010,1,-,-,-,-,-,-,-,-,-,-,-,-
CJ Jordan,2016-2016,1,-,-,-,-,-,-,-,-,-,-,-,-
AS Joseph,2022-2022,1,-,-,-,-,-,-,-,-,-,-,-,-
S Joseph,2024-2024,1,-,-,-,-,-,-,-,-,-,-,-,-
S Randiv,2011-2011,1,-,-,-,-,-,-,-,-,-,-,-,-
S Kaul,2018-2019,3,-,-,-,-,-,-,-,-,-,-,-,-
S Kaushik,2016-2016,1,-,-,-,-,-,-,-,-,-,-,-,-
JM Kemp,2010-2010,1,-,-,-,-,-,-,-,-,-,-,-,-
K Khejroliya,2018-2023,2,-,-,-,-,-,-,-,-,-,-,-,-
DS Kulkarni,2008-2017,3,-,-,-,-,-,-,-,-,-,-,-,-
A Kumble,2008-2010,2,-,-,-,-,-,-,-,-,-,-,-,-
CK Langeveldt,2010-2010,1,-,-,-,-,-,-,-,-,-,-,-,-
B Laughlin,2018-2018,1,-,-,-,-,-,-,-,-,-,-,-,-
JB Little,2023-2023,1,-,-,-,-,-,-,-,-,-,-,-,-
OC McCoy,2022-2022,1,-,-,-,-,-,-,-,-,-,-,-,-
VS Malik,2013-2013,1,-,-,-,-,-,-,-,-,-,-,-,-
A Manohar,2023-2023,1,-,-,-,-,-,-,-,-,-,-,-,-
M Markande,2018-2024,3,-,-,-,-,-,-,-,-,-,-,-,-
BAW Mendis,2008-2010,2,-,-,-,-,-,-,-,-,-,-,-,-
Mohsin Khan,2022-2024,3,-,-,-,-,-,-,-,-,-,-,-,-
Mujeeb Ur Rahman,2018-2018,1,-,-,-,-,-,-,-,-,-,-,-,-
M Muralidaran,2008-2014,4,-,-,-,-,-,-,-,-,-,-,-,-
AG Murtaza,2010-2010,1,-,-,-,-,-,-,-,-,-,-,-,-
Mustafizur Rahman,2016-2016,1,-,-,-,-,-,-,-,-,-,-,-,-
Y Nagar,2012-2012,1,-,-,-,-,-,-,-,-,-,-,-,-
S Narwal,2013-2013,1,-,-,-,-,-,-,-,-,-,-,-,-
T Natarajan,2023-2024,2,-,-,-,-,-,-,-,-,-,-,-,-
L Ngidi,2018-2018,1,-,-,-,-,-,-,-,-,-,-,-,-
Noor Ahmad,2023-2023,1,-,-,-,-,-,-,-,-,-,-,-,-
M Ntini,2008-2008,1,-,-,-,-,-,-,-,-,-,-,-,-
IC Pandey,2014-2014,1,-,-,-,-,-,-,-,-,-,-,-,-
MB Parmar,2010-2010,1,-,-,-,-,-,-,-,-,-,-,-,-
MM Patel,2008-2012,2,-,-,-,-,-,-,-,-,-,-,-,-
AUK Pathan,2011-2011,1,-,-,-,-,-,-,-,-,-,-,-,-
M Pathirana,2023-2023,1,-,-,-,-,-,-,-,-,-,-,-,-
KMA Paul,2019-2019,1,-,-,-,-,-,-,-,-,-,-,-,-
SM Pollock,2008-2008,1,-,-,-,-,-,-,-,-,-,-,-,-
RW Price,2011-2011,1,-,-,-,-,-,-,-,-,-,-,-,-
Y Prithvi Raj,2019-2019,1,-,-,-,-,-,-,-,-,-,-,-,-
K Rabada,2017-2024,3,-,-,-,-,-,-,-,-,-,-,-,-
AS Rajpoot,2016-2018,5,-,-,-,-,-,-,-,-,-,-,-,-
DS Rathi,2025-2025,1,-,-,-,-,-,-,-,-,-,-,-,-
M Rawat,2008-2008,1,-,-,-,-,-,-,-,-,-,-,-,-
KAJ Roach,2010-2010,1,-,-,-,-,-,-,-,-,-,-,-,-
JE Root,2023-2023,1,-,-,-,-,-,-,-,-,-,-,-,-
SE Rutherford,2025-2025,1,-,-,-,-,-,-,-,-,-,-,-,-
Sachin Baby,2016-2016,1,-,-,-,-,-,-,-,-,-,-,-,-
NA Saini,2019-2019,1,-,-,-,-,-,-,-,-,-,-,-,-
R Sai Kishore,2022-2025,2,-,-,-,-,-,-,-,-,-,-,-,-
C Sakariya,2025-2025,1,-,-,-,-,-,-,-,-,-,-,-,-
S Sandeep Warrier,2019-2019,1,-,-,-,-,-,-,-,-,-,-,-,-
MJ Santner,2019-2019,1,-,-,-,-,-,-,-,-,-,-,-,-
KR Sen,2024-2024,1,-,-,-,-,-,-,-,-,-,-,-,-
PR Shah,2008-2008,1,-,-,-,-,-,-,-,-,-,-,-,-
AR Sharma,2024-2024,1,-,-,-,-,-,-,-,-,-,-,-,-
Shoaib Akhtar,2008-2008,2,-,-,-,-,-,-,-,-,-,-,-,-
VRV Singh,2008-2008,1,-,-,-,-,-,-,-,-,-,-,-,-
TG Southee,2016-2023,3,-,-,-,-,-,-,-,-,-,-,-,-
S Sreesanth,2008-2008,1,-,-,-,-,-,-,-,-,-,-,-,-
SJ Srivastava,2010-2010,1,-,-,-,-,-,-,-,-,-,-,-,-
B Stanlake,2018-2018,1,-,-,-,-,-,-,-,-,-,-,-,-
J Suchith,2015-2016,2,-,-,-,-,-,-,-,-,-,-,-,-
Suyash Sharma,2023-2025,10,-,-,-,-,-,-,-,-,-,-,-,-
J Syed Mohammad,2011-2011,1,-,-,-,-,-,-,-,-,-,-,-,-
PV Tambe,2016-2016,1,-,-,-,-,-,-,-,-,-,-,-,-
Yash Thakur,2023-2024,2,-,-,-,-,-,-,-,-,-,-,-,-
M Theekshana,2023-2023,1,-,-,-,-,-,-,-,-,-,-,-,-
J Theron,2010-2010,1,-,-,-,-,-,-,-,-,-,-,-,-
O Thomas,2019-2019,1,-,-,-,-,-,-,-,-,-,-,-,-
N Thushara,2024-2024,1,-,-,-,-,-,-,-,-,-,-,-,-
AJ Tye,2018-2019,2,-,-,-,-,-,-,-,-,-,-,-,-
Umran Malik,2023-2023,1,-,-,-,-,-,-,-,-,-,-,-,-
S Vidyut,2008-2008,1,-,-,-,-,-,-,-,-,-,-,-,-
GC Viljoen,2019-2019,1,-,-,-,-,-,-,-,-,-,-,-,-
Yash Dayal,2022-2025,3,-,-,-,-,-,-,-,-,-,-,-,-
A Zampa,2016-2016,1,-,-,-,-,-,-,-,-,-,-,-,-
Zeeshan Ansari,2025-2025,1,-,-,-,-,-,-,-,-,-,-,-,-
Player,Span,Mat,Inns,NO,Runs,HS,Ave,BF,SR,100,50,0,4s,6s
DA Warner,2012-2023,32,32,7,1623,126,64.92,1011,160.53,3,15,1,151,72
S Dhawan,2008-2023,47,47,7,1477,99*,36.92,1189,124.22,0,10,0,166,33
H Klaasen,2023-2025,17,15,4,614,104,55.81,336,182.73,1,2,0,50,34
RG Sharma,2008-2025,19,19,4,590,76*,39.33,411,143.55,0,5,0,62,24
Abhishek Sharma,2019-2025,19,19,2,521,141,30.64,255,204.31,1,3,1,51,37
KS Williamson,2016-2019,18,18,3,508,89,33.86,367,138.41,0,4,1,41,18
V Kohli,2008-2024,11,11,1,486,100,48.6,363,133.88,1,3,0,43,19
TM Head,2017-2025,12,12,1,459,89*,41.72,253,181.42,0,5,2,54,24
MC Henriques,2013-2017,21,19,4,409,57,27.26,324,126.23,0,3,2,39,12
JM Bairstow,2019-2019,6,6,2,357,114,89.25,212,168.39,1,2,0,36,16
SV Samson,2013-2025,8,8,2,353,102*,58.83,235,150.21,1,2,1,28,16
MK Pandey,2011-2023,17,15,1,352,54,25.14,327,107.64,0,1,1,25,6
YK Pathan,2008-2019,18,15,8,351,61,50.14,229,153.27,0,1,1,20,22
NV Ojha,2011-2018,25,18,5,343,79*,26.38,257,133.46,0,2,1,17,23
PA Patel,2008-2019,18,18,3,314,51*,20.93,276,113.76,0,1,0,42,3
AT Rayudu,2011-2019,9,8,2,280,79,46.66,207,135.26,0,3,0,26,8
SK Raina,2008-2019,8,8,3,276,99*,55.2,198,139.39,0,3,0,24,12
KL Rahul,2014-2024,10,8,1,257,79,36.71,205,125.36,0,2,0,21,9
Ishan Kishan,2018-2025,10,10,2,254,106*,31.75,172,147.67,1,0,1,26,12
JP Duminy,2011-2016,9,8,1,250,74,35.71,202,123.76,0,2,0,12,11
KC Sangakkara,2008-2013,16,16,0,250,44,15.62,249,100.4,0,0,2,28,1
AK Markram,2023-2025,10,10,2,249,50,31.12,199,125.12,0,1,0,20,4
MA Agarwal,2011-2024,12,12,0,247,49,20.58,212,116.5,0,0,0,26,3
F du Plessis,2015-2024,7,7,0,241,71,34.42,159,151.57,0,1,0,24,9
K Nitish Kumar Reddy,2023-2025,11,8,2,235,76*,39.16,171,137.42,0,1,0,14,14
V Sehwag,2008-2014,5,5,1,229,119,57.25,118,194.06,1,1,0,25,12
SS Iyer,2017-2025,4,4,1,221,82,73.66,143,154.54,0,2,0,19,10
Y Venugopal Rao,2008-2014,9,7,1,218,71*,36.33,173,126.01,0,2,0,15,12
RV Uthappa,2008-2018,7,7,0,208,53,29.71,170,122.35,0,1,0,17,9
RA Tripathi,2017-2024,12,11,1,205,74*,20.5,155,132.25,0,1,1,26,7
AC Gilchrist,2008-2013,9,9,0,202,61,22.44,173,116.76,0,1,0,23,6
AM Rahane,2012-2024,8,8,0,202,70,25.25,187,108.02,0,1,1,14,6
DB Ravi Teja,2008-2013,12,11,2,199,40,22.11,161,123.6,0,0,0,19,5
M Vohra,2013-2018,6,6,0,195,95,32.5,119,163.86,0,1,1,19,9
EJG Morgan,2011-2017,11,11,1,192,51,19.2,173,110.98,0,1,1,10,10
N Pooran,2019-2025,4,4,2,183,70,91.5,75,244,0,1,0,17,13
Yuvraj Singh,2008-2017,13,12,1,179,62,16.27,159,112.57,0,1,1,16,7
DA Miller,2012-2025,7,7,4,175,89*,58.33,121,144.62,0,1,0,10,10
A Symonds,2008-2011,3,3,2,173,117*,173,99,174.74,1,0,0,17,8
GH Vihari,2013-2015,9,9,2,173,46,24.71,183,94.53,0,0,0,13,0
SR Watson,2008-2019,8,8,0,172,80,21.5,162,106.17,0,1,0,14,7
AJ Finch,2011-2018,8,8,2,169,68,28.16,155,109.03,0,2,1,14,4
DJ Hooda,2016-2024,20,15,4,165,32*,15,159,103.77,0,0,0,9,3
G Gambhir,2008-2017,6,6,1,164,90*,32.8,129,127.13,0,1,0,21,2
CL White,2008-2013,12,12,1,153,65,13.9,161,95.03,0,1,1,12,4
PA Reddy,2012-2013,7,7,0,149,42,21.28,136,109.55,0,0,0,13,2
KH Pandya,2016-2024,7,6,1,148,49*,29.6,117,126.49,0,0,0,8,7
KA Pollard,2011-2019,9,8,4,147,46*,36.75,113,130.08,0,0,1,9,10
SE Marsh,2008-2016,4,3,1,146,84*,73,116,125.86,0,1,0,17,3
Abdul Samad,2023-2025,12,7,4,142,37*,47.33,109,130.27,0,0,0,9,9
CH Gayle,2012-2019,7,7,0,136,35,19.42,88,154.54,0,0,0,12,10
MS Dhoni,2008-2024,9,9,2,135,37,19.28,104,129.8,0,0,0,13,4
WP Saha,2008-2019,11,9,1,133,54,16.62,95,140,0,1,1,16,4
Mandeep Singh,2012-2018,5,5,1,131,75,32.75,101,129.7,0,1,0,15,3
SPD Smith,2016-2019,4,3,1,131,51,65.5,125,104.8,0,1,0,9,2
DT Christian,2011-2018,10,10,3,130,30,18.57,101,128.71,0,0,1,8,5
Prabhsimran Singh,2019-2025,4,4,0,129,71,32.25,86,150,0,1,1,15,6
Q de Kock,2013-2024,6,6,0,123,44,20.5,94,130.85,0,0,1,9,8
R Dravid,2008-2013,4,4,0,123,39,30.75,116,106.03,0,0,0,12,2
SC Ganguly,2008-2011,2,2,1,123,91,123,89,138.2,0,1,0,14,6
YBK Jaiswal,2023-2025,3,3,0,122,67,40.66,82,148.78,0,2,0,16,2
LMP Simmons,2014-2017,4,4,0,120,68,30,107,112.14,0,1,0,9,6
B Chipli,2011-2011,7,7,3,118,61*,29.5,87,135.63,0,1,0,13,3
CA Lynn,2012-2019,3,3,0,112,55,37.33,99,113.13,0,2,0,9,4
Shakib Al Hasan,2014-2018,9,5,0,109,35,21.8,99,110.1,0,0,0,13,1
AR Patel,2014-2023,6,5,2,106,36*,35.33,85,124.7,0,0,0,8,3
NLTC Perera,2013-2016,9,6,2,104,30,26,73,142.46,0,0,0,5,6
NT Tilak Varma,2023-2025,3,3,1,103,64,51.5,53,194.33,0,1,0,4,10
V Shankar,2017-2019,9,8,3,102,35,20.4,70,145.71,0,0,0,4,5
C Green,2023-2024,2,2,2,101,64*,-,60,168.33,0,1,0,11,2
DR Smith,2013-2017,4,4,0,97,38,24.25,95,102.1,0,0,0,10,4
SA Yadav,2014-2025,7,5,1,97,40*,24.25,78,124.35,0,0,0,9,4
DJ Hussey,2008-2013,3,3,1,95,57*,47.5,69,137.68,0,1,0,6,5
RR Pant,2016-2025,5,5,1,95,39*,23.75,80,118.75,0,0,1,6,4
A Ashish Reddy,2012-2016,15,11,4,93,17,13.28,77,120.77,0,0,0,8,2
RA Jadeja,2008-2024,8,7,5,93,31*,46.5,82,113.41,0,0,0,9,0
DJ Bravo,2008-2019,6,4,1,88,30,29.33,72,122.22,0,0,0,6,3
C de Grandhomme,2017-2019,3,3,0,88,37,29.33,76,115.78,0,0,0,5,5
R Parag,2023-2025,3,3,0,88,77,29.33,57,154.38,0,1,0,10,4
AB de Villiers,2011-2019,7,7,0,86,47,12.28,78,110.25,0,0,2,5,3
SO Hetmyer,2019-2025,4,4,1,86,42,28.66,57,150.87,0,0,0,3,7
KV Sharma,2013-2024,21,10,4,86,39*,14.33,83,103.61,0,0,0,5,2
JH Kallis,2008-2013,3,3,0,85,31,28.33,85,100,0,0,0,12,0
Washington Sundar,2017-2025,7,6,2,85,49,21.25,59,144.06,0,0,1,10,2
MR Marsh,2011-2025,5,3,0,84,52,28,49,171.42,0,1,0,12,3
DJG Sammy,2013-2014,7,7,4,83,23,27.66,75,110.66,0,0,0,1,6
HH Pandya,2015-2025,8,6,0,81,24,13.5,82,98.78,0,0,0,2,4
PC Valthaty,2011-2013,2,2,0,81,75,40.5,64,126.56,0,1,0,8,5
N Rana,2017-2025,5,5,0,80,42,16,66,121.21,0,0,0,9,3
KD Karthik,2008-2024,9,8,2,78,30,13,76,102.63,0,0,2,6,1
MP Stoinis,2023-2025,3,3,1,77,40,38.5,41,187.8,0,0,0,3,7
JC Buttler,2016-2025,6,6,0,76,54,12.66,54,140.74,0,1,2,9,3
RK Singh,2019-2023,2,2,0,76,46,38,60,126.66,0,0,0,5,3
S Sohal,2011-2011,6,5,0,76,38,15.2,66,115.15,0,0,1,9,1
GJ Maxwell,2014-2025,7,7,1,75,43,12.5,55,136.36,0,0,0,6,6
KK Nair,2013-2018,4,4,0,75,33,18.75,66,113.63,0,0,0,8,1
AU Verma,2025-2025,5,4,0,73,36,18.25,44,165.9,0,0,0,3,6
PJ Cummins,2017-2025,12,5,2,72,31,24,31,232.25,0,0,0,4,7
J Botha,2011-2013,3,3,1,71,67*,35.5,58,122.41,0,1,0,8,1
DC Jurel,2024-2025,2,2,0,71,70,35.5,38,186.84,0,1,0,5,6
GC Smith,2008-2008,1,1,0,71,71,71,45,157.77,0,1,0,9,2
AM Nayar,2008-2013,3,3,1,70,38,35,48,145.83,0,0,0,7,2
BB Samantray,2013-2013,3,3,1,70,55,35,60,116.66,0,1,0,8,1
HC Brook,2023-2023,6,6,1,69,27*,13.8,79,87.34,0,0,1,8,1
PP Shaw,2018-2019,2,2,0,69,65,34.5,41,168.29,0,1,0,6,3
HH Gibbs,2008-2008,4,4,0,67,47,16.75,60,111.66,0,0,0,9,2
MEK Hussey,2013-2013,1,1,0,67,67,67,42,159.52,0,1,0,5,4
VVS Laxman,2008-2008,3,3,0,66,48,22,56,117.85,0,0,0,11,0
SR Tendulkar,2008-2013,3,3,0,65,28,21.66,55,118.18,0,0,0,10,0
PN Mankad,2023-2023,1,1,1,64,64*,-,45,142.22,0,1,0,7,2
Shubman Gill,2018-2025,3,3,2,64,61*,64,47,136.17,0,1,0,9,0
A Badoni,2023-2025,3,2,1,61,55*,61,36,169.44,0,1,0,10,0
Shahbaz Ahmed,2023-2024,7,3,1,61,40*,30.5,62,98.38,0,0,0,1,2
KM Jadhav,2013-2019,4,4,1,60,31,20,37,162.16,0,0,0,4,3
DW Steyn,2008-2015,24,10,4,60,19*,10,53,113.2,0,0,1,6,1
BA Stokes,2017-2019,3,3,1,60,39,30,42,142.85,0,0,0,4,3
TH David,2023-2024,2,2,1,58,42*,58,33,175.75,0,0,0,4,3
B Kumar,2011-2024,49,15,4,58,21,5.27,64,90.62,0,0,3,7,1
SP Narine,2013-2023,7,5,0,57,29,11.4,26,219.23,0,0,0,7,4
DPMD Jayawardene,2008-2013,3,2,1,56,45*,56,35,160,0,0,0,7,2
M Vijay,2013-2016,3,3,0,55,29,18.33,41,134.14,0,0,0,6,4
JJ Roy,2017-2023,2,2,0,51,31,25.5,40,127.5,0,0,0,9,0
S Dube,2019-2024,2,2,0,50,45,25,31,161.29,0,0,0,3,4
AD Hales,2018-2018,2,2,0,50,45,25,36,138.88,0,0,0,4,3
A Mishra,2011-2023,27,9,4,50,25*,10,45,111.11,0,0,4,5,0
RM Patidar,2024-2024,1,1,0,50,50,50,20,250,0,1,0,2,5
MK Tiwary,2008-2018,5,4,0,50,33,12.5,46,108.69,0,0,0,5,1
DJ Harris,2012-2012,2,2,0,49,30,24.5,46,106.52,0,0,0,6,1
IK Pathan,2008-2014,8,4,1,49,23*,16.33,55,89.09,0,0,0,3,0
RR Rossouw,2024-2024,1,1,0,49,49,49,24,204.16,0,0,0,3,4
A Taide,2024-2024,1,1,0,46,46,46,27,170.37,0,0,0,5,2
A Manohar,2025-2025,4,3,0,45,43,15,44,102.27,0,0,1,2,3
AD Russell,2012-2023,5,4,0,45,24,11.25,33,136.36,0,0,0,2,4
Rashid Khan,2017-2025,22,10,3,43,17*,6.14,26,165.38,0,0,4,2,4
Anmolpreet Singh,2023-2024,2,2,0,41,36,20.5,32,128.12,0,0,0,8,0
GJ Bailey,2014-2015,2,2,1,41,35*,41,30,136.66,0,0,0,2,3
C Munro,2019-2019,1,1,0,40,40,40,24,166.66,0,0,0,4,3
LRPL Taylor,2011-2013,2,2,1,40,21*,40,33,121.21,0,0,0,1,2
AD Mathews,2013-2017,2,2,1,39,31,39,29,134.48,0,0,0,3,1
SP Goswami,2008-2018,3,2,0,38,35,19,29,131.03,0,0,0,4,1
Mohammad Nabi,2017-2019,6,4,0,37,20,9.25,29,127.58,0,0,0,1,3
SS Tiwary,2011-2016,3,3,1,37,30,18.5,37,100,0,0,0,1,1
P Arya,2025-2025,1,1,0,36,36,36,13,276.92,0,0,0,2,4
ST Jayasuriya,2008-2008,1,1,0,36,36,36,15,240,0,0,0,6,2
JM Sharma,2023-2024,2,2,1,36,32*,36,24,150,0,0,0,3,2
AS Yadav,2008-2008,4,4,0,36,16,9,25,144,0,0,1,5,1
SE Rutherford,2025-2025,1,1,1,35,35*,-,16,218.75,0,0,0,6,1
JD Ryder,2011-2011,1,1,0,35,35,35,20,175,0,0,0,5,2
SB Dubey,2025-2025,1,1,1,34,34*,-,11,309.09,0,0,0,1,4
M Kaif,2008-2008,1,1,0,34,34,34,16,212.5,0,0,0,2,3
Misbah-ul-Haq,2008-2008,1,1,0,34,34,34,28,121.42,0,0,0,4,1
DJ Jacobs,2011-2011,1,1,0,32,32,32,20,160,0,0,0,5,1
Sachin Baby,2013-2017,3,3,0,31,27,10.33,26,119.23,0,0,0,3,1
Naman Dhir,2024-2025,2,1,0,30,30,30,14,214.28,0,0,0,2,2
E Lewis,2018-2018,1,1,0,29,29,29,17,170.58,0,0,0,3,2
WG Jacks,2024-2025,2,2,0,28,22,14,28,100,0,0,0,2,1
OA Shah,2012-2012,1,1,0,28,28,28,32,87.5,0,0,0,1,0
B Akhil,2008-2008,1,1,1,27,27*,-,7,385.71,0,0,0,2,3
PP Chawla,2008-2024,10,2,0,27,23,13.5,23,117.39,0,0,0,2,2
R Powell,2024-2024,1,1,0,27,27,27,15,180,0,0,0,3,1
N Wadhera,2023-2025,2,1,0,27,27,27,22,122.72,0,0,0,2,1
STR Binny,2011-2017,4,3,0,26,11,8.66,26,100,0,0,0,2,1
KK Cooper,2013-2013,1,1,0,26,26,26,12,216.66,0,0,0,3,1
RD Gaikwad,2024-2024,1,1,0,26,26,26,21,123.8,0,0,0,3,1
Shahid Afridi,2008-2008,5,5,0,26,13,5.2,21,123.8,0,0,1,2,2
RN ten Doeschate,2013-2014,2,2,1,26,25*,26,20,130,0,0,0,2,1
BCJ Cutting,2017-2018,3,2,1,25,16*,25,15,166.66,0,0,0,1,2
IR Jaggi,2011-2011,1,1,0,25,25,25,28,89.28,0,0,0,3,0
CA Pujara,2011-2011,1,1,0,25,25,25,15,166.66,0,0,0,4,0
SB Styris,2008-2008,2,2,0,25,20,12.5,31,80.64,0,0,0,3,0
A Chopra,2008-2008,1,1,0,24,24,24,23,104.34,0,0,0,3,0
BB McCullum,2015-2017,3,3,0,24,12,8,34,70.58,0,0,0,3,0
RP Singh,2008-2008,7,6,4,23,10,11.5,17,135.29,0,0,0,2,1
SM Curran,2023-2023,1,1,0,22,22,22,15,146.66,0,0,0,3,1
NS Naik,2016-2016,1,1,0,22,22,22,28,78.57,0,0,0,1,0
SK Warne,2008-2011,2,1,1,22,22*,-,9,244.44,0,0,0,2,2
M Jansen,2023-2025,6,4,2,21,13,10.5,18,116.66,0,0,0,3,0
WPUJC Vaas,2008-2008,4,3,1,21,12*,10.5,17,123.52,0,0,1,0,1
Gurkeerat Singh,2013-2015,2,2,0,20,17,10,17,117.64,0,0,0,1,1
P Kumar,2011-2017,8,4,3,20,7*,20,23,86.95,0,0,0,1,0
AL Menaria,2011-2012,2,1,0,20,20,20,17,117.64,0,0,0,1,1
AG Paunikar,2011-2011,1,1,0,20,20,20,19,105.26,0,0,0,4,0
AA Jhunjhunwala,2012-2012,1,1,0,19,19,19,20,95,0,0,0,0,1
P Ray Barman,2019-2019,1,1,0,19,19,19,24,79.16,0,0,0,2,0
Umran Malik,2023-2024,4,1,1,19,19*,-,8,237.5,0,0,0,1,2
Azhar Mahmood,2012-2013,2,2,0,18,14,9,13,138.46,0,0,0,3,0
S Gopal,2018-2019,2,1,0,18,18,18,18,100,0,0,0,2,0
HV Patel,2012-2025,9,3,3,18,12*,-,17,105.88,0,0,0,0,0
AU Rashid,2023-2023,1,1,0,18,18,18,13,138.46,0,0,0,1,1
UBT Chand,2013-2013,1,1,0,17,17,17,24,70.83,0,0,0,3,0
JR Hopes,2011-2011,1,1,1,17,17*,-,10,170,0,0,0,2,0
LPC Silva,2008-2008,2,2,0,17,17,8.5,16,106.25,0,0,1,3,0
TM Dilshan,2011-2013,3,3,0,16,7,5.33,29,55.17,0,0,0,1,0
SP Jackson,2017-2017,1,1,0,16,16,16,17,94.11,0,0,0,1,0
UT Yadav,2013-2019,6,2,1,16,14,16,14,114.28,0,0,0,1,1
MS Bisla,2013-2013,1,1,0,15,15,15,18,83.33,0,0,0,3,0
CJ Ferguson,2011-2011,1,1,1,15,15*,-,8,187.5,0,0,0,3,0
P Negi,2015-2015,1,1,0,15,15,15,11,136.36,0,0,0,1,1
RR Sarwan,2008-2008,1,1,0,15,15,15,15,100,0,0,0,2,0
R Shepherd,2024-2024,1,1,1,15,15*,-,6,250,0,0,0,2,1
SP Fleming,2008-2008,1,1,0,14,14,14,9,155.55,0,0,0,3,0
LR Shukla,2008-2008,1,1,1,14,14*,-,3,466.66,0,0,0,2,0
R Vinay Kumar,2008-2015,4,2,0,14,7,7,11,127.27,0,0,0,2,0
SB Bangar,2008-2008,5,4,0,13,8,3.25,26,50,0,0,1,0,0
Basil Thampi,2017-2018,2,1,1,13,13*,-,8,162.5,0,0,0,0,1
SW Billings,2017-2019,3,2,0,13,13,6.5,13,100,0,0,1,3,0
Bipul Sharma,2015-2017,9,2,0,13,8,6.5,12,108.33,0,0,0,0,0
MG Johnson,2013-2017,3,1,1,13,13*,-,14,92.85,0,0,0,0,1
DJ Mitchell,2024-2024,1,1,0,13,13,13,11,118.18,0,0,0,1,0
GD Phillips,2023-2023,3,3,0,13,8,4.33,11,118.18,0,0,1,1,1
AS Roy,2023-2023,1,1,1,13,13*,-,7,185.71,0,0,0,2,0
MM Ali,2018-2024,3,2,0,12,10,6,15,80,0,0,0,2,0
Kamran Akmal,2008-2008,1,1,0,12,12,12,9,133.33,0,0,0,1,1
JA Morkel,2008-2008,1,1,1,12,12*,-,12,100,0,0,0,1,0
S Rana,2014-2014,1,1,1,12,12*,-,7,171.42,0,0,0,2,0
R Ravindra,2024-2024,1,1,0,12,12,12,9,133.33,0,0,0,2,0
Swapnil Singh,2024-2024,1,1,0,12,12,12,6,200,0,0,0,1,1
BMAJ Mendis,2013-2013,1,1,0,11,11,11,9,122.22,0,0,0,0,0
RD Rickelton,2025-2025,1,1,0,11,11,11,8,137.5,0,0,0,2,0
Sandeep Sharma,2014-2025,18,5,3,11,5*,5.5,10,110,0,0,2,1,0
DNT Zoysa,2008-2008,2,2,1,11,10*,11,9,122.22,0,0,0,1,0
KC Cariappa,2017-2019,2,2,1,10,9*,10,8,125,0,0,0,0,1
RD Chahar,2019-2024,4,3,0,10,10,3.33,17,58.82,0,0,2,2,0
SN Khan,2015-2023,2,2,1,10,10,10,9,111.11,0,0,0,0,1
Mujeeb Ur Rahman,2018-2019,2,2,1,10,10*,10,8,125,0,0,1,2,0
Parvez Rasool,2014-2016,2,1,0,10,10,10,9,111.11,0,0,0,1,0
PR Shah,2008-2008,1,1,0,10,10,10,6,166.66,0,0,0,2,0
MM Sharma,2013-2017,4,1,0,10,10,10,5,200,0,0,0,0,1
SN Thakur,2017-2025,7,3,0,10,8,3.33,9,111.11,0,0,1,1,0
JD Unadkat,2011-2025,13,4,3,10,8*,10,13,76.92,0,0,0,1,0
M Markande,2018-2024,9,3,3,9,6*,-,7,128.57,0,0,0,1,0
T Taibu,2008-2008,1,1,0,9,9,9,5,180,0,0,0,1,0
BJ Hodge,2013-2013,1,1,0,8,8,8,7,114.28,0,0,0,1,0
Mohammed Shami,2013-2025,7,3,2,8,6*,8,6,133.33,0,0,0,1,0
AS Rajpoot,2018-2018,1,1,0,8,8,8,9,88.88,0,0,0,1,0
AP Tare,2014-2016,3,2,0,8,8,4,15,53.33,0,0,1,1,0
DJ Thornely,2008-2008,1,1,0,8,8,8,18,44.44,0,0,0,0,0
R Ashwin,2013-2024,6,4,2,7,4,3.5,11,63.63,0,0,1,0,0
RK Bhui,2018-2019,2,2,0,7,7,3.5,17,41.17,0,0,1,0,0
VR Iyer,2023-2023,1,1,0,7,7,7,4,175,0,0,0,1,0
MK Lomror,2023-2024,2,1,0,7,7,7,4,175,0,0,0,1,0
I Malhotra,2011-2011,1,1,1,7,7*,-,4,175,0,0,0,1,0
Y Nagar,2011-2012,2,1,1,7,7*,-,3,233.33,0,0,0,0,1
KMA Paul,2019-2019,1,1,0,7,7,7,4,175,0,0,0,0,1
J Theron,2012-2012,1,1,1,7,7*,-,6,116.66,0,0,0,1,0
SD Chitnis,2012-2012,1,1,1,6,6*,-,5,120,0,0,0,0,0
A Choudhary,2017-2017,1,1,1,6,6*,-,2,300,0,0,0,0,1
JP Faulkner,2013-2013,1,1,0,6,6,6,3,200,0,0,0,0,1
TS Mills,2017-2017,1,1,0,6,6,6,3,200,0,0,0,0,1
Sanvir Singh,2024-2024,2,1,1,6,6*,-,4,150,0,0,0,1,0
MA Starc,2014-2015,2,1,0,6,6,6,6,100,0,0,0,1,0
CR Woakes,2017-2017,1,1,1,6,6*,-,3,200,0,0,0,1,0
P Dogra,2013-2013,1,1,0,5,5,5,8,62.5,0,0,0,0,0
W Jaffer,2008-2008,1,1,0,5,5,5,5,100,0,0,0,1,0
AD Mascarenhas,2013-2013,1,1,1,5,5*,-,5,100,0,0,0,0,0
RV Patel,2023-2023,1,1,0,5,5,5,6,83.33,0,0,0,0,0
B Sai Sudharsan,2025-2025,1,1,0,5,5,5,9,55.55,0,0,0,0,0
MN Samuels,2013-2013,1,1,0,5,5,5,9,55.55,0,0,0,1,0
I Sharma,2008-2025,20,6,5,5,2,5,9,55.55,0,0,0,0,0
Sikandar Raza,2023-2023,1,1,0,5,5,5,6,83.33,0,0,0,0,0
B Stanlake,2018-2018,3,1,1,5,5*,-,2,250,0,0,0,1,0
YV Takawale,2008-2008,1,1,1,5,5*,-,5,100,0,0,0,0,0
Aman Hakim Khan,2023-2023,1,1,0,4,4,4,2,200,0,0,0,1,0
TR Birt,2011-2011,1,1,0,4,4,4,8,50,0,0,0,0,0
MG Bracewell,2023-2023,1,1,1,4,4*,-,4,100,0,0,0,0,0
JJ Bumrah,2014-2025,9,2,2,4,4*,-,5,80,0,0,0,0,0
YS Chahal,2014-2025,8,2,0,4,3,2,10,40,0,0,0,0,0
Kuldeep Yadav,2017-2023,3,1,1,4,4*,-,3,133.33,0,0,0,1,0
DS Kulkarni,2013-2019,5,2,1,4,3*,4,6,66.66,0,0,0,0,0
CH Morris,2013-2019,4,2,1,4,4,4,8,50,0,0,0,0,0
Pankaj Singh,2008-2008,1,1,1,4,4*,-,3,133.33,0,0,0,0,0
Salman Butt,2008-2008,1,1,0,4,4,4,4,100,0,0,0,1,0
M Shahrukh Khan,2023-2025,2,1,0,4,4,4,3,133.33,0,0,0,1,0
Shashank Singh,2024-2025,2,2,0,4,2,2,7,57.14,0,0,0,0,0
DJM Short,2018-2018,1,1,0,4,4,4,4,100,0,0,0,1,0
AJ Tye,2018-2018,1,1,0,4,4,4,2,200,0,0,0,1,0
CR Brathwaite,2018-2018,1,1,0,3,3,3,4,75,0,0,0,0,0
R Dhawan,2014-2024,3,1,1,3,3*,-,2,150,0,0,0,0,0
D Kalyankrishna,2008-2008,2,1,0,3,3,3,8,37.5,0,0,0,0,0
Mohammed Siraj,2017-2025,8,1,1,3,3*,-,8,37.5,0,0,0,0,0
R Ninan,2011-2011,1,1,0,3,3,3,6,50,0,0,0,0,0
Simarjeet Singh,2025-2025,3,2,1,3,3*,3,6,50,0,0,1,0,0
BB Sran,2016-2018,8,2,1,3,2,3,6,50,0,0,0,0,0
PV Tambe,2013-2013,1,1,1,3,3*,-,6,50,0,0,0,0,0
DL Vettori,2011-2011,1,1,1,3,3*,-,6,50,0,0,0,0,0
S Aravind,2011-2017,2,2,1,2,2*,2,5,40,0,0,1,0,0
VG Arora,2023-2023,1,1,1,2,2*,-,1,200,0,0,0,0,0
H Das,2008-2008,1,1,0,2,2,2,5,40,0,0,0,0,0
MJ Guptill,2016-2016,1,1,0,2,2,2,4,50,0,0,0,0,0
Harbhajan Singh,2011-2019,7,2,2,2,1*,-,6,33.33,0,0,0,0,0
Iqbal Abdulla,2011-2013,2,1,1,2,2*,-,3,66.66,0,0,0,0,0
M Kartik,2008-2013,2,1,1,2,2*,-,2,100,0,0,0,0,0
MJ McClenaghan,2015-2019,4,2,1,2,2*,2,3,66.66,0,0,1,0,0
KR Mayers,2023-2023,1,1,0,2,2,2,14,14.28,0,0,0,0,0
A Nortje,2023-2023,1,1,0,2,2,2,2,100,0,0,0,0,0
D Padikkal,2023-2023,1,1,0,2,2,2,5,40,0,0,0,0,0
K Rabada,2019-2019,1,1,1,2,2*,-,2,100,0,0,0,0,0
N Saini,2012-2012,1,1,0,2,2,2,4,50,0,0,0,0,0
AR Sharma,2024-2024,1,1,0,2,2,2,3,66.66,0,0,0,0,0
Shivam Singh,2024-2024,1,1,1,2,2*,-,3,66.66,0,0,0,0,0
JC Archer,2019-2025,2,1,1,1,1*,-,1,100,0,0,0,0,0
M Ashwin,2016-2019,2,1,1,1,1*,-,1,100,0,0,0,0,0
CM Gautam,2014-2014,1,1,0,1,1,1,3,33.33,0,0,0,0,0
Harpreet Brar,2023-2024,2,1,0,1,1,1,2,50,0,0,0,0,0
S Kaul,2017-2019,15,5,2,1,1,0.33,8,12.5,0,0,2,0,0
B Laughlin,2018-2018,1,1,1,1,1*,-,3,33.33,0,0,0,0,0
PHKD Mendis,2025-2025,1,1,0,1,1,1,5,20,0,0,0,0,0
Mohit Rathee,2023-2023,1,1,1,1,1*,-,2,50,0,0,0,0,0
A Nehra,2008-2017,10,4,3,1,1*,1,2,50,0,0,1,0,0
PP Ojha,2008-2014,12,1,1,1,1*,-,1,100,0,0,0,0,0
RR Raje,2008-2008,1,1,1,1,1*,-,2,50,0,0,0,0,0
D Salunkhe,2008-2008,1,1,0,1,1,1,1,100,0,0,0,0,0
MW Short,2023-2023,1,1,0,1,1,1,3,33.33,0,0,0,0,0
KK Ahmed,2019-2019,4,1,0,0,0,0,1,0,0,0,1,0,0
HM Amla,2017-2017,1,1,0,0,0,0,1,0,0,0,1,0,0
KB Arun Karthik,2013-2013,1,1,0,0,0,0,1,0,0,0,1,0,0
MV Boucher,2011-2011,1,1,1,0,0*,-,0,-,0,0,0,0,0
A Chandila,2012-2012,1,1,1,0,0*,-,1,0,0,0,0,0,0
AB Dinda,2008-2016,4,1,0,0,0,0,2,0,0,0,1,0,0
NT Ellis,2023-2023,1,1,0,0,0,0,5,0,0,0,1,0,0
MS Gony,2008-2013,7,2,0,0,0,0,1,0,0,0,2,0,0
K Gowtham,2018-2024,3,1,0,0,0,0,2,0,0,0,1,0,0
Harshit Rana,2023-2023,1,1,0,0,0,0,1,0,0,0,1,0,0
BE Hendricks,2015-2015,1,1,1,0,0*,-,0,-,0,0,0,0,0
AS Joseph,2019-2019,1,1,1,0,0*,-,0,-,0,0,0,0,0
Z Khan,2011-2017,3,2,0,0,0,0,7,0,0,0,2,0,0
M Muralidaran,2008-2014,4,1,0,0,0,0,1,0,0,0,1,0,0
S Nadeem,2012-2019,5,1,0,0,0,0,3,0,0,0,1,0,0
P Parameswaran,2012-2012,1,1,1,0,0*,-,1,0,0,0,0,0,0
Y Prithvi Raj,2019-2019,1,1,1,0,0*,-,1,0,0,0,0,0,0
Rahmanullah Gurbaz,2023-2023,1,1,0,0,0,0,1,0,0,0,1,0,0
PD Salt,2023-2023,1,1,0,0,0,0,1,0,0,0,1,0,0
PJ Sangwan,2013-2018,3,1,0,0,0,0,4,0,0,0,1,0,0
R Sharma,2011-2013,2,1,0,0,0,0,1,0,0,0,1,0,0
SK Trivedi,2008-2013,4,1,1,0,0*,-,1,0,0,0,0,0,0
JJ van der Wath,2011-2011,1,1,0,0,0,0,1,0,0,0,1,0,0
DP Vijaykumar,2008-2008,4,1,1,0,0*,-,0,-,0,0,0,0,0
VR Aaron,2012-2016,3,-,-,-,-,-,-,-,-,-,-,-,-
KJ Abbott,2016-2016,1,-,-,-,-,-,-,-,-,-,-,-,-
AB Agarkar,2011-2011,1,-,-,-,-,-,-,-,-,-,-,-,-
AN Ahmed,2011-2014,2,-,-,-,-,-,-,-,-,-,-,-,-
Anand Rajan,2013-2013,1,-,-,-,-,-,-,-,-,-,-,-,-
CJ Anderson,2014-2014,1,-,-,-,-,-,-,-,-,-,-,-,-
Ankit Sharma,2012-2013,2,-,-,-,-,-,-,-,-,-,-,-,-
Anuj Rawat,2023-2023,1,-,-,-,-,-,-,-,-,-,-,-,-
Anureet Singh,2015-2015,1,-,-,-,-,-,-,-,-,-,-,-,-
Arshdeep Singh,2019-2025,4,-,-,-,-,-,-,-,-,-,-,-,-
KM Asif,2023-2023,1,-,-,-,-,-,-,-,-,-,-,-,-
Avesh Khan,2018-2025,4,-,-,-,-,-,-,-,-,-,-,-,-
P Awana,2012-2012,1,-,-,-,-,-,-,-,-,-,-,-,-
S Badrinath,2008-2013,2,-,-,-,-,-,-,-,-,-,-,-,-
L Balaji,2008-2011,2,-,-,-,-,-,-,-,-,-,-,-,-
JP Behrendorff,2019-2023,2,-,-,-,-,-,-,-,-,-,-,-,-
R Bhatia,2008-2016,3,-,-,-,-,-,-,-,-,-,-,-,-
TA Boult,2015-2025,6,-,-,-,-,-,-,-,-,-,-,-,-
DL Chahar,2018-2025,5,-,-,-,-,-,-,-,-,-,-,-,-
G Coetzee,2024-2024,1,-,-,-,-,-,-,-,-,-,-,-,-
NM Coulter-Nile,2016-2017,2,-,-,-,-,-,-,-,-,-,-,-,-
MJ Dagar,2023-2023,1,-,-,-,-,-,-,-,-,-,-,-,-
TU Deshpande,2024-2025,2,-,-,-,-,-,-,-,-,-,-,-,-
Fazalhaq Farooqi,2023-2025,3,-,-,-,-,-,-,-,-,-,-,-,-
LH Ferguson,2017-2025,3,-,-,-,-,-,-,-,-,-,-,-,-
CRD Fernando,2008-2008,1,-,-,-,-,-,-,-,-,-,-,-,-
Gagandeep Singh,2008-2008,1,-,-,-,-,-,-,-,-,-,-,-,-
K Goel,2008-2008,1,-,-,-,-,-,-,-,-,-,-,-,-
HF Gurney,2019-2019,1,-,-,-,-,-,-,-,-,-,-,-,-
RJ Harris,2011-2011,1,-,-,-,-,-,-,-,-,-,-,-,-
JO Holder,2013-2023,2,-,-,-,-,-,-,-,-,-,-,-,-
Imran Tahir,2017-2019,3,-,-,-,-,-,-,-,-,-,-,-,-
Kartik Tyagi,2023-2023,2,-,-,-,-,-,-,-,-,-,-,-,-
S Kaushik,2016-2017,2,-,-,-,-,-,-,-,-,-,-,-,-
A Kumble,2008-2008,1,-,-,-,-,-,-,-,-,-,-,-,-
B Lee,2011-2011,1,-,-,-,-,-,-,-,-,-,-,-,-
GD McGrath,2008-2008,1,-,-,-,-,-,-,-,-,-,-,-,-
R McLaren,2011-2011,1,-,-,-,-,-,-,-,-,-,-,-,-
MF Maharoof,2008-2008,1,-,-,-,-,-,-,-,-,-,-,-,-
VY Mahesh,2008-2008,1,-,-,-,-,-,-,-,-,-,-,-,-
VS Malik,2011-2011,1,-,-,-,-,-,-,-,-,-,-,-,-
E Malinga,2025-2025,2,-,-,-,-,-,-,-,-,-,-,-,-
SL Malinga,2011-2019,7,-,-,-,-,-,-,-,-,-,-,-,-
KT Maphaka,2024-2024,1,-,-,-,-,-,-,-,-,-,-,-,-
RP Meredith,2023-2023,1,-,-,-,-,-,-,-,-,-,-,-,-
Mohammad Asif,2008-2008,1,-,-,-,-,-,-,-,-,-,-,-,-
RG More,2015-2015,1,-,-,-,-,-,-,-,-,-,-,-,-
M Morkel,2011-2016,4,-,-,-,-,-,-,-,-,-,-,-,-
Mukesh Choudhary,2024-2024,1,-,-,-,-,-,-,-,-,-,-,-,-
Mukesh Kumar,2023-2023,1,-,-,-,-,-,-,-,-,-,-,-,-
A Mukund,2008-2008,1,-,-,-,-,-,-,-,-,-,-,-,-
SZ Mulani,2024-2024,1,-,-,-,-,-,-,-,-,-,-,-,-
Mustafizur Rahman,2016-2018,8,-,-,-,-,-,-,-,-,-,-,-,-
T Natarajan,2023-2024,12,-,-,-,-,-,-,-,-,-,-,-,-
Naveen-ul-Haq,2024-2024,1,-,-,-,-,-,-,-,-,-,-,-,-
M Ntini,2008-2008,1,-,-,-,-,-,-,-,-,-,-,-,-
JDP Oram,2011-2011,1,-,-,-,-,-,-,-,-,-,-,-,-
WD Parnell,2011-2023,2,-,-,-,-,-,-,-,-,-,-,-,-
MM Patel,2008-2011,2,-,-,-,-,-,-,-,-,-,-,-,-
LE Plunkett,2018-2018,1,-,-,-,-,-,-,-,-,-,-,-,-
RR Powar,2012-2012,1,-,-,-,-,-,-,-,-,-,-,-,-
M Prasidh Krishna,2018-2025,2,-,-,-,-,-,-,-,-,-,-,-,-
V Pratap Singh,2012-2012,3,-,-,-,-,-,-,-,-,-,-,-,-
Prince Yadav,2025-2025,1,-,-,-,-,-,-,-,-,-,-,-,-
V Puthur,2025-2025,1,-,-,-,-,-,-,-,-,-,-,-,-
DS Rathi,2025-2025,1,-,-,-,-,-,-,-,-,-,-,-,-
AS Raut,2011-2011,1,-,-,-,-,-,-,-,-,-,-,-,-
Ravi Bishnoi,2023-2025,3,-,-,-,-,-,-,-,-,-,-,-,-
KW Richardson,2016-2016,1,-,-,-,-,-,-,-,-,-,-,-,-
NA Saini,2023-2023,1,-,-,-,-,-,-,-,-,-,-,-,-
R Sai Kishore,2025-2025,1,-,-,-,-,-,-,-,-,-,-,-,-
AM Salvi,2011-2011,1,-,-,-,-,-,-,-,-,-,-,-,-
MJ Santner,2025-2025,1,-,-,-,-,-,-,-,-,-,-,-,-
PM Sarvesh Kumar,2008-2008,1,-,-,-,-,-,-,-,-,-,-,-,-
R Sathish,2011-2011,1,-,-,-,-,-,-,-,-,-,-,-,-
JPR Scantlebury-Searles,2018-2018,1,-,-,-,-,-,-,-,-,-,-,-,-
T Shamsi,2016-2016,1,-,-,-,-,-,-,-,-,-,-,-,-
Shivam Sharma,2014-2014,1,-,-,-,-,-,-,-,-,-,-,-,-
Shoaib Malik,2008-2008,1,-,-,-,-,-,-,-,-,-,-,-,-
HR Shokeen,2023-2023,1,-,-,-,-,-,-,-,-,-,-,-,-
VRV Singh,2008-2008,1,-,-,-,-,-,-,-,-,-,-,-,-
A Singh,2011-2011,1,-,-,-,-,-,-,-,-,-,-,-,-
TG Southee,2016-2018,2,-,-,-,-,-,-,-,-,-,-,-,-
S Sreesanth,2008-2008,1,-,-,-,-,-,-,-,-,-,-,-,-
J Suchith,2015-2015,1,-,-,-,-,-,-,-,-,-,-,-,-
TP Sudhindra,2012-2012,1,-,-,-,-,-,-,-,-,-,-,-,-
Sunny Singh,2011-2011,1,-,-,-,-,-,-,-,-,-,-,-,-
SW Tait,2012-2012,1,-,-,-,-,-,-,-,-,-,-,-,-
Tejas Baroka,2017-2017,1,-,-,-,-,-,-,-,-,-,-,-,-
AS Tendulkar,2023-2023,1,-,-,-,-,-,-,-,-,-,-,-,-
R Tewatia,2025-2025,1,-,-,-,-,-,-,-,-,-,-,-,-
Yash Thakur,2023-2025,3,-,-,-,-,-,-,-,-,-,-,-,-
M Theekshana,2024-2025,2,-,-,-,-,-,-,-,-,-,-,-,-
Umar Gul,2008-2008,1,-,-,-,-,-,-,-,-,-,-,-,-
CV Varun,2023-2023,1,-,-,-,-,-,-,-,-,-,-,-,-
Vivrant Sharma,2023-2023,1,-,-,-,-,-,-,-,-,-,-,-,-
V Viyaskanth,2024-2024,2,-,-,-,-,-,-,-,-,-,-,-,-
SB Wagh,2011-2011,1,-,-,-,-,-,-,-,-,-,-,-,-
D Wiese,2015-2015,1,-,-,-,-,-,-,-,-,-,-,-,-
J Yadav,2016-2017,2,-,-,-,-,-,-,-,-,-,-,-,-
Yash Dayal,2024-2024,1,-,-,-,-,-,-,-,-,-,-,-,-
Yudhvir Singh,2023-2023,1,-,-,-,-,-,-,-,-,-,-,-,-
A Zampa,2017-2025,3,-,-,-,-,-,-,-,-,-,-,-,-
Zeeshan Ansari,2025-2025,3,-,-,-,-,-,-,-,-,-,-,-,-
Player,Span,Mat,Inns,NO,Runs,HS,Ave,BF,SR,100,50,0,4s,6s
KL Rahul,2023-2025,13,13,2,540,82,49.09,411,131.38,0,5,0,55,13
A Badoni,2023-2025,19,16,5,373,59*,33.9,260,143.46,0,2,0,27,14
N Pooran,2023-2025,19,19,5,351,61,25.07,254,138.18,0,1,2,23,23
MP Stoinis,2023-2025,15,14,3,336,89*,30.54,247,136.03,0,3,2,24,20
KH Pandya,2023-2024,14,13,6,222,49*,31.71,176,126.13,0,0,1,17,6
AK Markram,2023-2025,6,6,0,197,58,32.83,127,155.11,0,3,1,18,9
Q de Kock,2023-2024,6,6,0,157,54,26.16,116,135.34,0,2,0,16,6
KR Mayers,2023-2023,6,6,0,153,73,25.5,113,135.39,0,1,1,9,11
MR Marsh,2023-2025,5,5,0,135,60,27,94,143.61,0,1,2,14,5
RR Pant,2024-2025,6,6,0,129,63,21.5,104,124.03,0,1,1,12,6
DJ Hooda,2023-2024,11,10,0,117,50,11.7,105,111.42,0,1,0,10,1
N Wadhera,2023-2025,3,3,1,105,46,52.5,86,122.09,0,0,0,9,6
HH Pandya,2023-2025,3,3,1,94,66,47,67,140.29,0,1,1,4,5
Prabhsimran Singh,2023-2025,3,3,0,92,69,30.66,45,204.44,0,1,0,11,5
Ishan Kishan,2023-2024,2,2,0,91,59,45.5,75,121.33,0,1,0,11,1
B Sai Sudharsan,2024-2025,2,2,0,87,56,43.5,60,145,0,1,0,11,1
SA Yadav,2023-2025,3,3,0,84,67,28,58,144.82,0,1,0,9,2
SP Narine,2024-2024,1,1,0,81,81,81,39,207.69,0,1,0,6,7
Shubman Gill,2023-2025,3,3,0,79,60,26.33,61,129.5,0,1,1,8,1
Abdul Samad,2023-2025,6,6,2,76,27,19,46,165.21,0,0,0,4,6
SS Iyer,2024-2025,2,2,1,75,52*,75,45,166.66,0,1,0,6,4
DA Miller,2023-2025,6,6,2,73,27,18.25,70,104.28,0,0,0,7,1
SV Samson,2024-2024,1,1,1,71,71*,-,33,215.15,0,1,0,7,4
S Dhawan,2024-2024,1,1,0,70,70,70,50,140,0,1,0,7,3
TH David,2023-2024,2,2,2,67,35*,-,37,181.08,0,0,0,4,4
RA Jadeja,2024-2025,2,2,1,64,57*,64,51,125.49,0,1,0,5,1
DA Warner,2023-2024,2,2,0,64,56,32,57,112.28,0,1,0,8,0
Sikandar Raza,2023-2023,1,1,0,57,57,57,41,139.02,0,1,0,4,3
J Fraser-McGurk,2024-2024,1,1,0,55,55,55,35,157.14,0,1,0,2,5
MS Dhoni,2024-2025,2,2,2,54,28*,-,20,270,0,0,0,7,3
DC Jurel,2024-2024,1,1,1,52,52*,-,34,152.94,0,1,0,5,2
Abishek Porel,2024-2025,2,1,0,51,51,51,36,141.66,0,1,0,5,1
JC Buttler,2024-2025,2,2,0,50,34,25,32,156.25,0,0,0,6,1
AR Patel,2023-2025,3,2,1,50,34*,50,31,161.29,0,0,0,2,5
WP Saha,2023-2023,1,1,0,47,47,47,37,127.02,0,0,0,6,0
S Dube,2024-2025,2,2,1,46,43*,46,45,102.22,0,0,0,3,2
Naman Dhir,2025-2025,1,1,0,46,46,46,24,191.66,0,0,0,4,3
F du Plessis,2023-2023,1,1,0,44,44,44,40,110,0,0,0,1,1
PP Shaw,2023-2024,2,2,0,44,32,22,31,141.93,0,0,0,8,0
RA Tripathi,2023-2025,2,2,0,43,34,21.5,51,84.31,0,0,0,5,0
JM Bairstow,2024-2024,1,1,0,42,42,42,29,144.82,0,0,0,3,3
RG Sharma,2023-2024,2,2,0,41,37,20.5,30,136.66,0,0,0,2,3
R Ravindra,2024-2025,2,2,0,37,37,18.5,23,160.86,0,0,1,5,0
AM Rahane,2024-2024,1,1,0,36,36,36,24,150,0,0,0,5,1
V Shankar,2023-2025,3,3,0,36,17,12,37,97.29,0,0,0,2,1
M Shahrukh Khan,2023-2025,2,2,2,34,23*,-,16,212.5,0,0,0,1,3
MW Short,2023-2023,1,1,0,34,34,34,22,154.54,0,0,0,5,1
A Raghuvanshi,2024-2024,1,1,0,32,32,32,26,123.07,0,0,0,3,1
PD Salt,2024-2024,1,1,0,32,32,32,14,228.57,0,0,0,5,1
R Tewatia,2023-2025,3,3,1,32,30,16,28,114.28,0,0,1,2,2
NT Tilak Varma,2024-2025,2,2,0,32,25,16,34,94.11,0,0,0,3,0
Anmolpreet Singh,2023-2023,1,1,0,31,31,31,26,119.23,0,0,0,3,1
K Gowtham,2023-2023,4,4,1,31,23,10.33,19,163.15,0,0,0,1,3
V Kohli,2023-2023,1,1,0,31,31,31,30,103.33,0,0,0,3,0
MM Ali,2024-2024,1,1,0,30,30,30,20,150,0,0,0,0,3
RR Rossouw,2023-2023,1,1,0,30,30,30,20,150,0,0,0,3,1
LS Livingstone,2024-2024,1,1,1,28,28*,-,17,164.7,0,0,0,2,2
SK Rasheed,2025-2025,1,1,0,27,27,27,19,142.1,0,0,0,6,0
Ramandeep Singh,2024-2024,1,1,1,25,25*,-,6,416.66,0,0,0,1,3
YBK Jaiswal,2024-2024,1,1,0,24,24,24,18,133.33,0,0,0,3,1
Harpreet Singh,2023-2023,1,1,0,22,22,22,22,100,0,0,0,3,0
SE Rutherford,2025-2025,1,1,0,22,22,22,19,115.78,0,0,0,3,0
AJ Turner,2024-2024,2,2,0,21,16,10.5,18,116.66,0,0,0,0,2
Arshad Khan,2024-2025,2,1,1,20,20*,-,16,125,0,0,0,2,0
A Mishra,2023-2024,4,1,0,19,19,19,30,63.33,0,0,0,2,0
D Padikkal,2024-2024,3,3,0,19,9,6.33,19,100,0,0,0,3,0
Washington Sundar,2023-2025,2,2,0,18,16,9,31,58.06,0,0,0,0,0
RD Gaikwad,2024-2024,1,1,0,17,17,17,13,130.76,0,0,0,1,0
KD Karthik,2023-2023,1,1,0,16,16,16,11,145.45,0,0,0,1,1
RK Singh,2024-2024,1,1,0,16,16,16,11,145.45,0,0,0,2,0
KK Nair,2025-2025,1,1,0,15,15,15,9,166.66,0,0,0,2,1
T Stubbs,2024-2025,2,1,1,15,15*,-,9,166.66,0,0,0,0,1
R Parag,2024-2024,1,1,0,14,14,14,11,127.27,0,0,0,0,1
SN Thakur,2025-2025,5,3,2,14,6,14,9,155.55,0,0,0,2,0
Naveen-ul-Haq,2023-2024,9,3,2,13,13,13,13,100,0,0,0,2,0
DG Nalkande,2024-2024,1,1,0,12,12,12,11,109.09,0,0,0,0,1
AD Russell,2024-2024,1,1,0,12,12,12,8,150,0,0,0,1,1
SD Hope,2024-2024,1,1,1,11,11*,-,10,110,0,0,0,1,0
Ravi Bishnoi,2023-2025,19,5,2,10,5,3.33,16,62.5,0,0,1,0,0
RD Rickelton,2025-2025,1,1,0,10,10,10,5,200,0,0,0,2,0
M Vohra,2023-2023,1,1,0,10,10,10,11,90.9,0,0,0,1,0
Anuj Rawat,2023-2023,1,1,0,9,9,9,11,81.81,0,0,0,0,0
AA Kulkarni,2024-2024,2,2,0,9,9,4.5,8,112.5,0,0,1,2,0
KS Sharma,2023-2023,1,1,0,9,9,9,16,56.25,0,0,0,0,0
Shashank Singh,2024-2025,2,1,1,9,9*,-,7,128.57,0,0,0,1,0
MA Agarwal,2023-2023,1,1,0,8,8,8,7,114.28,0,0,0,1,0
P Arya,2025-2025,1,1,0,8,8,8,9,88.88,0,0,0,1,0
PW Hasaranga,2023-2023,1,1,1,8,8*,-,7,114.28,0,0,0,1,0
JM Sharma,2023-2024,2,2,0,8,6,4,13,61.53,0,0,0,1,0
Yudhvir Singh,2023-2024,2,2,0,7,7,3.5,8,87.5,0,0,1,0,1
SM Curran,2023-2024,2,2,0,6,6,3,7,85.71,0,0,1,1,0
Harpreet Brar,2023-2024,2,1,0,6,6,6,4,150,0,0,0,1,0
Kuldeep Yadav,2023-2025,3,1,1,6,6*,-,10,60,0,0,0,0,0
SS Prabhudessai,2023-2023,1,1,0,6,6,6,7,85.71,0,0,0,0,0
WG Jacks,2025-2025,1,1,0,5,5,5,7,71.42,0,0,0,0,0
Aman Hakim Khan,2023-2023,1,1,0,4,4,4,5,80,0,0,0,0,0
C Green,2023-2023,1,1,1,4,4*,-,6,66.66,0,0,0,0,0
SN Khan,2023-2023,1,1,0,4,4,4,9,44.44,0,0,0,1,0
GJ Maxwell,2023-2025,2,1,0,4,4,4,5,80,0,0,0,0,0
Noor Ahmad,2023-2025,3,1,0,4,4,4,2,200,0,0,0,1,0
AU Rashid,2023-2023,1,1,0,4,4,4,3,133.33,0,0,0,1,0
Rashid Khan,2023-2025,3,2,1,4,4*,4,5,80,0,0,1,0,0
C Sakariya,2023-2023,1,1,0,4,4,4,4,100,0,0,0,1,0
HC Brook,2023-2023,1,1,0,3,3,3,4,75,0,0,0,0,0
MK Lomror,2023-2023,1,1,0,3,3,3,4,75,0,0,0,0,0
A Manohar,2023-2023,1,1,0,3,3,3,5,60,0,0,0,0,0
Avesh Khan,2023-2025,9,2,2,2,2*,-,1,200,0,0,0,0,0
Mohsin Khan,2023-2024,7,1,0,2,2,2,1,200,0,0,0,0,0
MJ Santner,2025-2025,1,1,1,2,2*,-,2,100,0,0,0,0,0
BR Sharath,2024-2024,1,1,0,2,2,2,5,40,0,0,0,0,0
KV Sharma,2023-2023,1,1,0,2,2,2,2,100,0,0,0,0,0
Vishnu Vinod,2023-2023,1,1,0,2,2,2,4,50,0,0,0,0,0
UT Yadav,2024-2024,1,1,0,2,2,2,4,50,0,0,0,0,0
G Coetzee,2024-2024,1,1,1,1,1*,-,2,50,0,0,0,0,0
JR Hazlewood,2023-2023,1,1,1,1,1*,-,2,50,0,0,0,0,0
VR Iyer,2024-2024,1,1,1,1,1*,-,1,100,0,0,0,0,0
Mohammad Nabi,2024-2024,1,1,0,1,1,1,2,50,0,0,0,0,0
R Powell,2023-2024,2,1,0,1,1,1,3,33.33,0,0,0,0,0
Sameer Rizvi,2024-2024,1,1,0,1,1,1,5,20,0,0,0,0,0
KS Williamson,2024-2024,1,1,0,1,1,1,5,20,0,0,0,0,0
Akash Deep,2025-2025,3,1,0,0,0,0,1,0,0,0,1,0,0
SH Johnson,2024-2024,1,1,1,0,0*,-,1,0,0,0,0,0,0
B Kumar,2023-2023,1,1,1,0,0*,-,0,-,0,0,0,0,0
PN Mankad,2023-2023,2,2,1,0,0*,0,1,0,0,0,1,0,0
Mohammed Siraj,2023-2025,2,1,0,0,0,0,1,0,0,0,1,0,0
Mukesh Kumar,2023-2025,3,1,1,0,0*,-,1,0,0,0,0,0,0
K Rabada,2023-2024,2,1,1,0,0*,-,1,0,0,0,0,0,0
R Shepherd,2023-2023,1,1,0,0,0,0,1,0,0,0,1,0,0
A Taide,2023-2023,1,1,0,0,0,0,3,0,0,0,1,0,0
Umran Malik,2023-2023,1,1,0,0,0,0,0,-,0,0,1,0,0
KK Ahmed,2023-2025,3,-,-,-,-,-,-,-,-,-,-,-,-
VG Arora,2024-2024,1,-,-,-,-,-,-,-,-,-,-,-,-
Arshdeep Singh,2023-2025,3,-,-,-,-,-,-,-,-,-,-,-,-
Ashwani Kumar,2025-2025,1,-,-,-,-,-,-,-,-,-,-,-,-
R Ashwin,2024-2024,1,-,-,-,-,-,-,-,-,-,-,-,-
RA Bawa,2025-2025,1,-,-,-,-,-,-,-,-,-,-,-,-
JP Behrendorff,2023-2023,1,-,-,-,-,-,-,-,-,-,-,-,-
TA Boult,2024-2025,2,-,-,-,-,-,-,-,-,-,-,-,-
JJ Bumrah,2024-2024,1,-,-,-,-,-,-,-,-,-,-,-,-
YS Chahal,2024-2025,2,-,-,-,-,-,-,-,-,-,-,-,-
DL Chahar,2024-2025,2,-,-,-,-,-,-,-,-,-,-,-,-
RD Chahar,2023-2024,2,-,-,-,-,-,-,-,-,-,-,-,-
PVD Chameera,2025-2025,1,-,-,-,-,-,-,-,-,-,-,-,-
PP Chawla,2023-2024,2,-,-,-,-,-,-,-,-,-,-,-,-
TU Deshpande,2024-2024,1,-,-,-,-,-,-,-,-,-,-,-,-
Fazalhaq Farooqi,2023-2023,1,-,-,-,-,-,-,-,-,-,-,-,-
LH Ferguson,2025-2025,1,-,-,-,-,-,-,-,-,-,-,-,-
Harshit Rana,2024-2024,1,-,-,-,-,-,-,-,-,-,-,-,-
MJ Henry,2024-2024,2,-,-,-,-,-,-,-,-,-,-,-,-
SO Hetmyer,2024-2024,1,-,-,-,-,-,-,-,-,-,-,-,-
Himmat Singh,2025-2025,1,-,-,-,-,-,-,-,-,-,-,-,-
M Jansen,2025-2025,1,-,-,-,-,-,-,-,-,-,-,-,-
CJ Jordan,2023-2023,1,-,-,-,-,-,-,-,-,-,-,-,-
A Kamboj,2025-2025,1,-,-,-,-,-,-,-,-,-,-,-,-
A Madhwal,2023-2023,1,-,-,-,-,-,-,-,-,-,-,-,-
Mohammed Shami,2023-2023,1,-,-,-,-,-,-,-,-,-,-,-,-
Mustafizur Rahman,2024-2024,1,-,-,-,-,-,-,-,-,-,-,-,-
T Natarajan,2023-2023,1,-,-,-,-,-,-,-,-,-,-,-,-
V Nigam,2025-2025,1,-,-,-,-,-,-,-,-,-,-,-,-
J Overton,2025-2025,1,-,-,-,-,-,-,-,-,-,-,-,-
HV Patel,2023-2024,2,-,-,-,-,-,-,-,-,-,-,-,-
M Pathirana,2024-2025,2,-,-,-,-,-,-,-,-,-,-,-,-
M Prasidh Krishna,2025-2025,1,-,-,-,-,-,-,-,-,-,-,-,-
Prince Yadav,2025-2025,1,-,-,-,-,-,-,-,-,-,-,-,-
V Puthur,2025-2025,1,-,-,-,-,-,-,-,-,-,-,-,-
DS Rathi,2025-2025,5,-,-,-,-,-,-,-,-,-,-,-,-
R Sai Kishore,2025-2025,1,-,-,-,-,-,-,-,-,-,-,-,-
Sandeep Sharma,2024-2024,1,-,-,-,-,-,-,-,-,-,-,-,-
AR Sharma,2025-2025,1,-,-,-,-,-,-,-,-,-,-,-,-
I Sharma,2024-2024,1,-,-,-,-,-,-,-,-,-,-,-,-
MM Sharma,2023-2024,2,-,-,-,-,-,-,-,-,-,-,-,-
HR Shokeen,2023-2023,1,-,-,-,-,-,-,-,-,-,-,-,-
M Siddharth,2024-2025,3,-,-,-,-,-,-,-,-,-,-,-,-
MA Starc,2024-2025,2,-,-,-,-,-,-,-,-,-,-,-,-
Suryansh Shedge,2025-2025,1,-,-,-,-,-,-,-,-,-,-,-,-
Swapnil Singh,2023-2023,1,-,-,-,-,-,-,-,-,-,-,-,-
Yash Thakur,2023-2024,8,-,-,-,-,-,-,-,-,-,-,-,-
N Thushara,2024-2024,1,-,-,-,-,-,-,-,-,-,-,-,-
JD Unadkat,2023-2023,2,-,-,-,-,-,-,-,-,-,-,-,-
CV Varun,2024-2024,1,-,-,-,-,-,-,-,-,-,-,-,-
MA Wood,2023-2023,2,-,-,-,-,-,-,-,-,-,-,-,-
J Yadav,2023-2023,1,-,-,-,-,-,-,-,-,-,-,-,-
MP Yadav,2024-2024,3,-,-,-,-,-,-,-,-,-,-,-,-
Player,Mat,Inns,NO,Runs,HS,Ave,BF,SR,100,50,0,4s,6s,
Shashank Singh,9,9,4,215,52*,43,171,125.73,0,1,1,13,8,
Prabhsimran Singh,9,9,0,155,35,17.22,109,142.2,0,0,2,19,7,
P Arya,4,4,0,147,103,36.75,70,210,1,0,1,13,11,
AR Sharma,4,4,1,128,61,42.66,67,191.04,0,1,0,6,12,
SM Curran,5,5,0,124,63,24.8,105,118.09,0,1,0,11,3,
YBK Jaiswal,2,2,0,106,67,53,73,145.2,0,1,0,7,5,
JM Sharma,6,6,1,90,29,18,73,123.28,0,0,0,4,5,
N Wadhera,4,4,0,86,62,21.5,63,136.5,0,1,0,6,4,
SA Yadav,1,1,0,78,78,78,53,147.16,0,1,0,7,3,
V Kohli,1,1,1,73,73*,-,54,135.18,0,1,0,7,1,
DP Conway,1,1,0,69,69,69,49,140.81,0,1,0,6,2,
LS Livingstone,4,4,1,66,38*,22,46,143.47,0,0,0,5,4,
R Parag,2,2,1,66,43*,66,43,153.48,0,0,0,4,4,
K Nitish Kumar Reddy,1,1,0,64,64,64,37,172.97,0,1,0,4,5,
M Jansen,4,4,2,63,34*,31.5,47,134.04,0,0,0,2,4,
D Padikkal,1,1,0,61,61,61,35,174.28,0,1,0,5,4,
SV Samson,2,2,0,56,38,28,40,140,0,0,0,7,1,
Harpreet Brar,6,4,2,55,29,27.5,37,148.64,0,0,0,6,2,
SO Hetmyer,2,2,1,47,27*,47,22,213.63,0,0,0,3,4,
S Dube,1,1,0,42,42,42,27,155.55,0,0,0,3,2,
GJ Maxwell,3,3,0,38,30,12.66,33,115.15,0,0,0,4,1,
A Raghuvanshi,1,1,0,37,37,37,28,132.14,0,0,0,5,1,
S Dhawan,2,2,0,36,22,18,32,112.5,0,0,0,6,0,
R Ravindra,1,1,0,36,36,36,23,156.52,0,0,0,6,0,
RG Sharma,1,1,0,36,36,36,25,144,0,0,0,2,3,
R Tewatia,1,1,1,36,36*,-,18,200,0,0,0,7,0,
Shubman Gill,1,1,0,35,35,35,29,120.68,0,0,0,5,0,
NT Tilak Varma,1,1,1,34,34*,-,18,188.88,0,0,0,2,2,
SD Hope,1,1,0,33,33,33,25,132,0,0,0,2,2,
Abishek Porel,1,1,1,32,32*,-,10,320,0,0,0,4,2,
JP Inglis,2,2,0,31,29,15.5,23,134.78,0,0,0,2,1,
B Sai Sudharsan,1,1,0,31,31,31,34,91.17,0,0,0,3,0,
DA Warner,1,1,0,29,29,29,21,138.09,0,0,0,3,2,
Sikandar Raza,1,1,0,28,28,28,22,127.27,0,0,0,2,2,
MS Dhoni,1,1,0,27,27,27,12,225,0,0,0,1,3,
Harpreet Singh,2,2,0,27,14,13.5,34,79.41,0,0,0,2,0,
Abdul Samad,1,1,0,25,25,25,12,208.33,0,0,0,5,0,
SS Iyer,4,4,0,25,10,6.25,24,104.16,0,0,1,3,1,
JM Bairstow,3,3,0,24,15,8,25,96,0,0,1,3,0,
TK Kotian,1,1,0,24,24,24,31,77.41,0,0,0,3,0,
TM Head,1,1,0,21,21,21,15,140,0,0,0,4,0,
AR Patel,1,1,0,21,21,21,13,161.53,0,0,0,2,1,
MR Marsh,1,1,0,20,20,20,12,166.66,0,0,0,2,2,
DC Jurel,2,2,1,19,13*,19,16,118.75,0,0,0,1,1,
RR Pant,1,1,0,18,18,18,13,138.46,0,0,0,2,0,
AM Rahane,1,1,0,17,17,17,17,100,0,0,0,1,1,
AD Russell,1,1,0,17,17,17,11,154.54,0,0,0,1,2,
Abhishek Sharma,1,1,0,16,16,16,11,145.45,0,0,0,2,1,
A Taide,1,1,0,15,15,15,12,125,0,0,0,2,0,
TH David,2,1,0,14,14,14,7,200,0,0,0,2,1,
Shahbaz Ahmed,1,1,1,14,14*,-,7,200,0,0,0,1,1,
Azmatullah Omarzai,1,1,0,13,13,13,10,130,0,0,0,0,1,
WP Saha,1,1,0,13,13,13,11,118.18,0,0,0,1,0,
RM Patidar,1,1,0,12,12,12,13,92.3,0,0,0,1,0,
N Rana,1,1,0,12,12,12,7,171.42,0,0,0,2,0,
XC Bartlett,2,1,0,11,11,11,15,73.33,0,0,0,1,0,
R Powell,1,1,0,11,11,11,5,220,0,0,0,2,0,
RA Tripathi,1,1,0,11,11,11,14,78.57,0,0,0,1,0,
HH Pandya,1,1,0,10,10,10,6,166.66,0,0,0,0,1,
RR Rossouw,2,2,0,10,9,5,10,100,0,0,0,2,0,
RA Jadeja,1,1,1,9,9*,-,5,180,0,0,0,0,1,
H Klaasen,1,1,0,9,9,9,9,100,0,0,0,1,0,
K Rabada,5,2,1,9,8,9,4,225,0,0,0,0,1,
Ishan Kishan,1,1,0,8,8,8,8,100,0,0,0,1,0,
M Shahrukh Khan,1,1,0,8,8,8,4,200,0,0,0,0,1,
VR Iyer,1,1,0,7,7,7,4,175,0,0,0,0,0,
B Kumar,2,1,0,6,6,6,8,75,0,0,0,0,0,
MP Stoinis,3,3,0,6,4,2,16,37.5,0,0,0,0,0,
Suryansh Shedge,2,2,0,6,4,3,8,75,0,0,0,0,0,
JD Unadkat,1,1,1,6,6*,-,1,600,0,0,0,0,1,
SP Narine,1,1,0,5,5,5,4,125,0,0,0,1,0,
T Stubbs,1,1,0,5,5,5,8,62.5,0,0,0,0,0,
LH Ferguson,2,1,1,4,4*,-,1,400,0,0,0,1,0,
DA Miller,1,1,0,4,4,4,6,66.66,0,0,0,0,0,
RK Bhui,1,1,0,3,3,3,7,42.85,0,0,0,0,0,
PJ Cummins,1,1,0,3,3,3,4,75,0,0,0,0,0,
Harshit Rana,1,1,0,3,3,3,6,50,0,0,0,0,0,
Rashid Khan,1,1,0,3,3,3,3,100,0,0,0,0,0,
Arshdeep Singh,9,2,1,2,1*,2,6,33.33,0,0,0,0,0,
Q de Kock,1,1,0,2,2,2,4,50,0,0,0,0,0,
V Shankar,1,1,1,2,2*,-,2,100,0,0,0,0,0,
RK Singh,1,1,0,2,2,2,9,22.22,0,0,0,0,0,
Sumit Kumar,1,1,0,2,2,2,9,22.22,0,0,0,0,0,
RD Gaikwad,1,1,0,1,1,1,3,33.33,0,0,0,0,0,
Kuldeep Yadav,1,1,0,1,1,1,2,50,0,0,0,0,0,
KA Maharaj,1,1,0,1,1,1,2,50,0,0,0,0,0,
HV Patel,5,2,1,1,1*,1,5,20,0,0,1,0,0,
PD Salt,1,1,0,1,1,1,3,33.33,0,0,0,0,0,
R Shepherd,2,1,0,1,1,1,2,50,0,0,0,0,0,
VG Arora,1,1,0,0,0,0,7,0,0,0,1,0,0,
TA Boult,1,1,1,0,0*,-,0,-,0,0,0,0,0,
AK Markram,1,1,0,0,0,0,2,0,0,0,1,0,0,
Mohammad Nabi,1,1,0,0,0,0,1,0,0,0,1,0,0,
A Nortje,1,1,1,0,0*,-,0,-,0,0,0,0,0,
Ramandeep Singh,1,1,0,0,0,0,1,0,0,0,1,0,0,
R Sai Kishore,1,1,1,0,0*,-,0,-,0,0,0,0,0,
KK Ahmed,2,-,-,-,-,-,-,-,-,-,-,-,-,
JC Archer,1,-,-,-,-,-,-,-,-,-,-,-,-,
R Ashwin,1,-,-,-,-,-,-,-,-,-,-,-,-,
Avesh Khan,1,-,-,-,-,-,-,-,-,-,-,-,-,
JJ Bumrah,1,-,-,-,-,-,-,-,-,-,-,-,-,
YS Chahal,5,-,-,-,-,-,-,-,-,-,-,-,-,
RD Chahar,1,-,-,-,-,-,-,-,-,-,-,-,-,
G Coetzee,1,-,-,-,-,-,-,-,-,-,-,-,-,
S Gopal,1,-,-,-,-,-,-,-,-,-,-,-,-,
PW Hasaranga,1,-,-,-,-,-,-,-,-,-,-,-,-,
JR Hazlewood,1,-,-,-,-,-,-,-,-,-,-,-,-,
K Kartikeya,1,-,-,-,-,-,-,-,-,-,-,-,-,
A Madhwal,1,-,-,-,-,-,-,-,-,-,-,-,-,
Mukesh Choudhary,1,-,-,-,-,-,-,-,-,-,-,-,-,
T Natarajan,1,-,-,-,-,-,-,-,-,-,-,-,-,
Noor Ahmad,2,-,-,-,-,-,-,-,-,-,-,-,-,
KH Pandya,1,-,-,-,-,-,-,-,-,-,-,-,-,
M Pathirana,1,-,-,-,-,-,-,-,-,-,-,-,-,
Sandeep Sharma,1,-,-,-,-,-,-,-,-,-,-,-,-,
S Sandeep Warrier,1,-,-,-,-,-,-,-,-,-,-,-,-,
KR Sen,1,-,-,-,-,-,-,-,-,-,-,-,-,
I Sharma,1,-,-,-,-,-,-,-,-,-,-,-,-,
MM Sharma,1,-,-,-,-,-,-,-,-,-,-,-,-,
Suyash Sharma,1,-,-,-,-,-,-,-,-,-,-,-,-,
Yash Thakur,1,-,-,-,-,-,-,-,-,-,-,-,-,
M Theekshana,1,-,-,-,-,-,-,-,-,-,-,-,-,
CV Varun,1,-,-,-,-,-,-,-,-,-,-,-,-,
Yash Dayal,1,-,-,-,-,-,-,-,-,-,-,-,-,
Yudhvir Singh,1,-,-,-,-,-,-,-,-,-,-,-,-,
Player,Span,Mat,Inns,NO,Runs,HS,Ave,BF,SR,100,50,0,4s,6s
AM Rahane,2011-2023,37,35,6,1115,105*,38.44,911,122.39,1,7,1,127,15
SR Watson,2008-2019,30,29,6,875,98*,38.04,625,140,0,5,2,87,41
JC Buttler,2018-2025,21,21,4,819,100*,48.17,576,142.18,1,6,1,91,23
SV Samson,2013-2025,28,27,6,804,82*,38.28,574,140.06,0,6,3,69,27
R Dravid,2008-2013,25,24,2,735,75*,33.4,616,119.31,0,5,0,94,13
YBK Jaiswal,2023-2025,13,13,2,546,104*,49.63,348,156.89,1,4,2,60,25
R Parag,2019-2025,14,12,3,390,84*,43.33,253,154.15,0,2,0,29,21
V Kohli,2008-2025,10,10,3,324,113*,46.28,275,117.81,1,1,0,30,7
SPD Smith,2012-2019,8,8,2,314,73*,52.33,255,123.13,0,3,0,32,4
BJ Hodge,2008-2013,17,15,4,304,48*,27.63,221,137.55,0,0,0,23,10
STR Binny,2011-2019,22,15,7,248,41*,31,167,148.5,0,0,1,21,10
RA Tripathi,2018-2023,10,10,3,221,80*,31.57,169,130.76,0,1,0,14,8
YK Pathan,2008-2018,14,12,1,207,68,18.81,146,141.78,0,2,1,19,9
Shubman Gill,2018-2025,5,4,1,198,84,66,139,142.44,0,2,0,17,6
RV Uthappa,2008-2019,7,7,1,198,54,33,149,132.88,0,1,0,25,6
KL Rahul,2018-2024,4,4,1,196,95*,65.33,150,130.66,0,2,0,20,5
J Botha,2011-2012,12,10,4,188,45,31.33,177,106.21,0,0,0,12,2
CH Gayle,2011-2019,5,5,1,188,79,47,116,162.06,0,2,0,20,9
SR Tendulkar,2008-2013,5,5,2,185,89*,61.66,154,120.12,0,2,0,19,2
AL Menaria,2011-2012,14,12,2,183,40,18.3,155,118.06,0,0,1,11,10
RA Jadeja,2008-2023,13,9,5,180,36*,45,139,129.49,0,0,0,15,5
GC Smith,2008-2008,5,5,2,176,75*,58.66,170,103.52,0,1,0,19,2
AB de Villiers,2008-2019,6,5,1,166,59*,41.5,102,162.74,0,2,0,15,5
SA Asnodkar,2008-2008,4,4,0,159,60,39.75,126,126.19,0,2,0,24,2
DA Warner,2011-2024,4,4,0,153,54,38.25,128,119.53,0,1,0,13,4
SK Raina,2008-2019,6,6,0,150,52,25,112,133.92,0,1,0,20,1
LRPL Taylor,2010-2012,9,9,6,150,47*,50,126,119.04,0,0,0,9,6
MS Dhoni,2008-2023,7,6,2,145,58,36.25,111,130.63,0,1,0,7,7
BA Stokes,2018-2019,12,12,2,145,40,14.5,125,116,0,0,2,8,5
V Suryavanshi,2025-2025,2,2,0,135,101,67.5,58,232.75,1,0,0,9,14
TM Dilshan,2008-2012,3,3,2,132,76*,132,97,136.08,0,1,0,19,2
PA Patel,2008-2019,4,4,0,132,67,33,97,136.08,0,1,1,14,3
RR Pant,2018-2025,4,4,1,129,78*,43,85,151.76,0,1,0,11,5
G Gambhir,2008-2018,5,4,1,128,75*,42.66,90,142.22,0,1,1,16,2
DC Jurel,2023-2025,13,9,3,127,35*,21.16,86,147.67,0,0,1,10,5
SO Hetmyer,2019-2025,14,12,4,124,35,15.5,101,122.77,0,0,0,8,6
MK Pandey,2008-2019,5,5,0,124,61,24.8,101,122.77,0,1,0,17,0
N Pooran,2019-2025,4,4,1,116,64*,38.66,83,139.75,0,1,0,9,5
SA Yadav,2018-2024,3,3,0,116,72,38.66,88,131.81,0,1,0,9,4
S Dhawan,2008-2019,5,5,0,115,54,23,79,145.56,0,2,1,17,2
D Padikkal,2023-2025,6,6,2,109,40*,27.25,81,134.56,0,0,1,16,1
M Vijay,2011-2013,3,3,0,108,55,36,95,113.68,0,2,1,8,3
AT Rayudu,2010-2023,7,6,0,107,57,17.83,103,103.88,0,1,2,7,3
Yuvraj Singh,2008-2013,4,4,0,107,57,26.75,72,148.61,0,1,0,8,7
F du Plessis,2019-2024,3,3,0,106,55,35.33,87,121.83,0,1,0,5,4
MEK Hussey,2011-2013,3,3,0,105,46,35,102,102.94,0,0,0,16,0
JH Kallis,2008-2013,5,5,1,105,80*,26.25,106,99.05,0,1,2,9,2
V Sehwag,2008-2013,4,4,0,105,73,26.25,67,156.71,0,1,0,17,1
MJ Lumb,2010-2010,3,3,0,100,83,33.33,57,175.43,0,1,0,19,2
KP Pietersen,2010-2012,2,2,0,98,62,49,63,155.55,0,1,0,13,3
DJ Hussey,2008-2013,3,3,0,96,42,32,71,135.21,0,0,0,6,3
DR Smith,2008-2012,2,2,1,95,87*,95,65,146.15,0,1,0,11,3
K Gowtham,2018-2019,10,8,2,93,33*,15.5,43,216.27,0,0,0,5,8
DPMD Jayawardene,2008-2013,5,5,0,93,44,18.6,84,110.71,0,0,1,12,2
JP Duminy,2010-2012,2,2,1,89,58*,89,58,153.44,0,1,0,7,5
OA Shah,2012-2013,7,7,3,89,28*,22.25,73,121.91,0,0,0,6,3
AC Gilchrist,2008-2013,3,3,0,88,61,29.33,69,127.53,0,1,1,12,2
KD Karthik,2008-2024,7,4,1,85,42*,28.33,72,118.05,0,0,1,6,2
SP Narine,2012-2019,4,4,1,84,47,28,53,158.49,0,0,1,11,4
Y Venugopal Rao,2008-2011,2,2,1,83,60,83,51,162.74,0,1,0,7,5
MK Tiwary,2011-2018,4,3,0,80,59,26.66,70,114.28,0,1,0,8,0
DH Yagnik,2011-2013,12,7,3,80,34,20,60,133.33,0,0,0,10,2
KC Sangakkara,2008-2013,4,4,0,77,44,19.25,51,150.98,0,0,0,10,2
HH Pandya,2018-2024,4,4,1,76,39*,25.33,42,180.95,0,0,0,7,4
AS Raut,2010-2011,7,4,3,76,32*,76,59,128.81,0,0,0,4,4
KS Williamson,2018-2019,2,2,0,76,63,38,57,133.33,0,1,0,9,2
B Sai Sudharsan,2024-2025,2,2,0,74,39,37,59,125.42,0,0,0,7,2
AK Markram,2023-2025,2,2,0,72,66,36,50,144,0,1,0,6,3
GJ Maxwell,2018-2024,3,3,0,72,54,24,48,150,0,1,0,7,4
Q de Kock,2019-2024,2,2,0,69,65,34.5,52,132.69,0,1,0,7,2
MP Stoinis,2018-2024,4,4,1,66,31*,22,64,103.12,0,0,0,4,1
JA Morkel,2008-2012,3,3,2,65,42,65,43,151.16,0,0,0,5,3
PD Salt,2025-2025,1,1,0,65,65,65,33,196.96,0,1,0,5,6
NT Tilak Varma,2024-2024,1,1,0,65,65,65,45,144.44,0,1,0,5,3
BJ Rohrer,2013-2013,1,1,1,64,64*,-,40,160,0,1,0,9,1
MR Marsh,2013-2025,3,3,1,62,35*,31,39,158.97,0,0,0,7,3
NV Ojha,2010-2012,5,5,2,62,44*,20.66,56,110.71,0,0,2,6,2
KA Pollard,2010-2019,6,5,1,61,25,15.25,62,98.38,0,0,0,4,3
DJG Sammy,2013-2013,1,1,0,60,60,60,41,146.34,0,1,0,8,1
Ishan Kishan,2018-2024,2,2,0,58,58,29,45,128.88,0,1,1,4,3
H Klaasen,2018-2023,3,3,0,58,32,19.33,34,170.58,0,0,1,5,3
WP Saha,2008-2023,5,4,2,58,41*,29,48,120.83,0,0,0,6,0
AJ Finch,2011-2013,2,2,0,56,45,28,46,121.73,0,0,0,8,1
M Kaif,2008-2011,8,5,1,56,21,14,60,93.33,0,0,0,6,1
AC Voges,2010-2010,3,2,1,56,28*,56,54,103.7,0,0,0,5,0
Abhishek Sharma,2023-2023,1,1,0,55,55,55,34,161.76,0,1,0,5,2
SC Ganguly,2008-2012,2,2,0,53,51,26.5,43,123.25,0,1,0,4,2
SN Khan,2018-2019,2,2,1,53,46*,53,37,143.24,0,0,0,7,1
A Badoni,2023-2025,3,3,0,52,50,17.33,43,120.93,0,1,0,5,1
PP Chawla,2008-2024,7,5,2,52,24*,17.33,44,118.18,0,0,0,4,1
S Dube,2023-2023,1,1,0,52,52,52,33,157.57,0,1,0,2,4
KR Mayers,2023-2023,1,1,0,51,51,51,42,121.42,0,1,0,4,3
EJG Morgan,2011-2013,2,1,0,51,51,51,38,134.21,0,1,0,3,3
N Rana,2018-2025,5,4,2,51,35*,25.5,37,137.83,0,0,0,4,2
CA Lynn,2018-2019,2,2,0,50,50,25,34,147.05,0,1,1,6,3
DJM Short,2018-2018,2,2,0,50,44,25,46,108.69,0,0,0,6,1
N Wadhera,2024-2024,1,1,0,49,49,49,24,204.16,0,0,0,3,4
Abdul Samad,2023-2025,2,2,2,47,30*,-,17,276.47,0,0,0,0,6
RD Gaikwad,2023-2023,1,1,0,47,47,47,29,162.06,0,0,0,5,1
AD Hales,2018-2018,1,1,0,45,45,45,39,115.38,0,0,0,4,0
IK Pathan,2008-2012,4,3,2,45,24*,45,48,93.75,0,0,0,3,1
LS Livingstone,2019-2025,2,1,0,44,44,44,26,169.23,0,0,0,4,3
Mandeep Singh,2012-2019,4,4,1,44,34,14.66,39,112.82,0,0,0,5,0
NK Patel,2008-2008,3,2,2,44,40*,-,31,141.93,0,0,0,3,1
T Stubbs,2024-2024,1,1,1,44,44*,-,23,191.3,0,0,0,2,3
MM Ali,2018-2023,3,3,1,42,23,21,23,182.6,0,0,0,4,3
SP Goswami,2012-2012,5,3,1,42,23,21,41,102.43,0,0,0,3,0
Rashid Khan,2018-2025,5,3,2,42,24*,42,22,190.9,0,0,0,5,1
PP Shaw,2019-2019,1,1,0,42,42,42,39,107.69,0,0,0,4,1
AD Mathews,2012-2013,2,2,0,41,23,20.5,34,120.58,0,0,0,3,0
ST Jayasuriya,2008-2010,2,2,0,39,38,19.5,39,100,0,0,0,4,0
MF Maharoof,2008-2008,1,1,0,39,39,39,16,243.75,0,0,0,2,4
MA Agarwal,2012-2019,2,2,0,37,22,18.5,41,90.24,0,0,0,3,2
R Ashwin,2011-2024,15,6,2,35,29,8.75,30,116.66,0,0,2,0,3
AA Jhunjhunwala,2010-2012,4,2,0,35,22,17.5,44,79.54,0,0,0,1,1
AM Nayar,2008-2012,2,2,0,35,25,17.5,28,125,0,0,0,3,1
DJ Bravo,2011-2018,4,3,2,34,23*,34,27,125.92,0,0,0,4,0
Anmolpreet Singh,2023-2023,1,1,0,33,33,33,25,132,0,0,0,4,1
Kamran Akmal,2008-2008,2,2,0,33,18,16.5,26,126.92,0,0,0,6,1
RG Sharma,2008-2024,7,6,0,31,13,5.16,50,62,0,0,1,3,0
R Tewatia,2018-2025,4,2,0,31,22,15.5,15,206.66,0,0,0,3,1
AP Dole,2010-2010,2,1,0,30,30,30,18,166.66,0,0,0,2,1
B Lee,2008-2013,4,3,0,30,25,10,19,157.89,0,0,1,3,2
Anuj Rawat,2023-2023,1,1,1,29,29*,-,11,263.63,0,0,0,3,2
DT Christian,2012-2012,1,1,1,29,29*,-,19,152.63,0,0,0,2,1
KM Jadhav,2011-2019,3,3,1,29,23*,14.5,36,80.55,0,0,0,2,0
DJ Hooda,2019-2024,3,3,0,28,26,9.33,18,155.55,0,0,1,2,2
SW Billings,2018-2018,1,1,0,27,27,27,22,122.72,0,0,0,3,0
V Shankar,2018-2024,4,3,0,27,16,9,23,117.39,0,0,0,3,0
R Vinay Kumar,2010-2013,4,2,1,27,22*,27,10,270,0,0,0,1,3
K Goel,2008-2008,1,1,0,26,26,26,21,123.8,0,0,0,3,2
P Kumar,2008-2013,3,3,0,25,15,8.33,14,178.57,0,0,1,2,2
A Mishra,2008-2023,5,2,0,25,21,12.5,33,75.75,0,0,0,2,0
GD Phillips,2023-2023,1,1,0,25,25,25,7,357.14,0,0,0,1,3
JC Archer,2018-2025,14,7,3,24,13*,6,29,82.75,0,0,2,2,0
KK Cooper,2012-2013,9,4,2,24,11*,12,16,150,0,0,1,3,1
M Manhas,2011-2011,1,1,0,24,24,24,19,126.31,0,0,0,1,1
AR Patel,2018-2024,3,2,1,24,15*,24,18,133.33,0,0,0,2,0
YV Takawale,2008-2008,1,1,1,24,24*,-,8,300,0,0,0,4,1
Azhar Mahmood,2013-2013,1,1,0,23,23,23,20,115,0,0,0,3,0
DB Das,2008-2012,2,2,0,23,12,11.5,27,85.18,0,0,0,1,1
CJ Ferguson,2012-2012,1,1,0,23,23,23,26,88.46,0,0,0,2,0
Mohammad Nabi,2024-2024,1,1,0,23,23,23,17,135.29,0,0,0,2,1
SS Tiwary,2010-2013,4,2,1,23,15,23,17,135.29,0,0,0,3,0
MS Bisla,2010-2013,3,3,0,22,20,7.33,21,104.76,0,0,0,4,0
MC Henriques,2013-2013,1,1,0,22,22,22,19,115.78,0,0,0,2,1
MK Lomror,2018-2023,3,3,1,21,11,10.5,23,91.3,0,0,0,1,0
AB Agarkar,2008-2013,2,1,0,20,20,20,13,153.84,0,0,0,1,2
R Bhatia,2011-2013,3,2,0,20,12,10,15,133.33,0,0,0,3,0
S Gopal,2018-2019,11,3,2,20,19*,20,9,222.22,0,0,1,2,1
Bipul Sharma,2010-2012,2,2,1,19,18,19,14,135.71,0,0,0,2,0
HH Gibbs,2008-2008,1,1,0,19,19,19,20,95,0,0,0,2,0
A Mukund,2013-2013,1,1,0,19,19,19,21,90.47,0,0,0,1,0
JD Ryder,2011-2012,2,2,0,19,18,9.5,14,135.71,0,0,0,3,0
R Sathish,2010-2013,3,3,1,19,11,9.5,20,95,0,0,0,2,0
M Shahrukh Khan,2024-2025,2,2,1,19,14,19,10,190,0,0,0,2,1
S Anirudha,2012-2012,1,1,1,18,18*,-,6,300,0,0,0,1,2
DW Steyn,2010-2013,3,1,1,18,18*,-,8,225,0,0,0,2,1
SK Warne,2008-2011,17,3,0,18,11,6,22,81.81,0,0,1,1,0
DS Lehmann,2008-2008,1,1,0,17,17,17,16,106.25,0,0,0,3,0
CH Morris,2013-2019,3,1,1,17,17*,-,7,242.85,0,0,0,2,1
A Symonds,2011-2011,1,1,0,17,17,17,26,65.38,0,0,0,1,0
JP Faulkner,2012-2013,8,4,3,16,11*,16,14,114.28,0,0,0,0,0
JR Hopes,2008-2008,1,1,0,16,16,16,16,100,0,0,0,2,0
KH Pandya,2018-2025,5,4,3,16,7,16,15,106.66,0,0,0,2,0
S Badrinath,2008-2013,3,1,0,15,15,15,14,107.14,0,0,0,3,0
TA Boult,2018-2024,8,1,0,15,15,15,11,136.36,0,0,0,1,1
DJ Jacobs,2011-2011,1,1,0,15,15,15,15,100,0,0,0,0,1
Shakib Al Hasan,2011-2019,3,2,0,15,9,7.5,16,93.75,0,0,0,1,0
A Ashish Reddy,2013-2013,1,1,0,14,14,14,11,127.27,0,0,0,1,0
Mohammed Siraj,2018-2025,5,1,0,14,14,14,12,116.66,0,0,0,2,0
AG Paunikar,2010-2011,3,3,0,14,9,4.66,24,58.33,0,0,1,3,0
TG Southee,2018-2018,1,1,0,14,14,14,17,82.35,0,0,0,2,0
BCJ Cutting,2019-2019,1,1,1,13,13*,-,9,144.44,0,0,0,1,1
Harpreet Singh,2011-2011,1,1,0,13,13,13,19,68.42,0,0,0,0,0
GB Hogg,2012-2012,4,2,1,13,13,13,11,118.18,0,0,0,1,0
SB Styris,2008-2008,1,1,0,13,13,13,11,118.18,0,0,0,0,1
PC Valthaty,2012-2012,1,1,0,13,13,13,15,86.66,0,0,0,2,0
Washington Sundar,2025-2025,1,1,0,13,13,13,8,162.5,0,0,0,0,1
LR Shukla,2008-2013,3,3,0,12,8,4,19,63.15,0,0,0,0,1
Harbhajan Singh,2010-2018,5,2,1,11,10*,11,8,137.5,0,0,0,0,1
MG Johnson,2013-2013,1,1,0,11,11,11,9,122.22,0,0,0,2,0
NL McCullum,2011-2011,1,1,1,11,11*,-,6,183.33,0,0,0,0,1
M Ntini,2008-2008,1,1,0,11,11,11,12,91.66,0,0,0,2,0
SE Rutherford,2019-2019,1,1,0,11,11,11,5,220,0,0,0,1,1
FY Fazal,2010-2010,2,1,0,10,10,10,15,66.66,0,0,0,1,0
Gurkeerat Singh,2013-2013,1,1,0,10,10,10,15,66.66,0,0,0,1,0
JE Root,2023-2023,2,1,0,10,10,10,15,66.66,0,0,0,1,0
MJ Santner,2019-2019,1,1,1,10,10*,-,3,333.33,0,0,0,0,1
CL White,2008-2008,1,1,0,10,10,10,16,62.5,0,0,0,1,0
Abishek Porel,2024-2024,1,1,0,9,9,9,10,90,0,0,0,0,0
AD Nath,2018-2019,2,1,0,9,9,9,13,69.23,0,0,0,1,0
MG Bracewell,2023-2023,1,1,1,9,9*,-,9,100,0,0,0,0,0
SD Chauhan,2024-2024,1,1,0,9,9,9,6,150,0,0,0,0,1
AP Majumdar,2012-2012,1,1,0,9,9,9,8,112.5,0,0,0,2,0
AD Mascarenhas,2008-2008,1,1,0,9,9,9,8,112.5,0,0,0,0,1
Y Nagar,2012-2012,1,1,1,9,9*,-,9,100,0,0,0,1,0
A Nehra,2008-2012,2,1,1,9,9*,-,8,112.5,0,0,0,1,0
DT Patil,2008-2008,1,1,0,9,9,9,12,75,0,0,0,0,0
A Zampa,2023-2023,3,2,0,9,7,4.5,15,60,0,0,0,0,0
RS Bopara,2010-2010,1,1,0,8,8,8,11,72.72,0,0,0,0,0
P Chopra,2018-2019,2,1,0,8,8,8,6,133.33,0,0,0,2,0
DP Conway,2023-2023,1,1,0,8,8,8,16,50,0,0,0,1,0
M Kartik,2011-2013,3,2,2,8,8*,-,9,88.88,0,0,0,0,0
DS Kulkarni,2010-2019,12,2,1,8,5*,8,6,133.33,0,0,0,1,0
A Kumble,2008-2010,2,1,0,8,8,8,8,100,0,0,0,1,0
VVS Laxman,2011-2011,1,1,0,8,8,8,10,80,0,0,0,1,0
SL Malinga,2010-2019,5,2,0,8,7,4,15,53.33,0,0,0,1,0
AA Chavan,2012-2013,4,1,1,7,7*,-,6,116.66,0,0,0,1,0
SE Marsh,2012-2012,1,1,0,7,7,7,6,116.66,0,0,0,1,0
DA Miller,2023-2025,2,1,1,7,7*,-,8,87.5,0,0,0,0,0
Salman Butt,2008-2008,1,1,0,7,7,7,7,100,0,0,0,1,0
DB Ravi Teja,2008-2008,1,1,0,6,6,6,8,75,0,0,0,1,0
M Rawat,2008-2013,6,3,3,6,5*,-,5,120,0,0,0,1,0
KV Sharma,2013-2023,3,1,0,6,6,6,8,75,0,0,0,1,0
C Green,2024-2024,1,1,1,5,5*,-,6,83.33,0,0,0,0,0
Mohammed Shami,2013-2023,4,1,0,5,5,5,10,50,0,0,0,0,0
M Muralidaran,2008-2011,2,2,1,5,5*,5,11,45.45,0,0,1,0,0
NLTC Perera,2011-2013,2,2,0,5,4,2.5,8,62.5,0,0,0,1,0
S Vidyut,2008-2008,1,1,0,5,5,5,10,50,0,0,0,1,0
SS Iyer,2018-2019,2,2,1,4,4,4,5,80,0,0,0,0,0
B Kumar,2012-2025,5,2,0,4,3,2,9,44.44,0,0,0,0,0
RT Ponting,2013-2013,1,1,0,4,4,4,9,44.44,0,0,0,0,0
S Sohal,2008-2008,1,1,0,4,4,4,4,100,0,0,0,0,0
GH Vihari,2013-2013,1,1,0,4,4,4,9,44.44,0,0,0,0,0
MS Wade,2024-2024,1,1,0,4,4,4,6,66.66,0,0,0,0,0
SB Bangar,2008-2008,1,1,0,3,3,3,6,50,0,0,0,0,0
TH David,2024-2025,2,1,0,3,3,3,5,60,0,0,0,0,0
SB Dubey,2024-2025,2,1,1,3,3*,-,3,100,0,0,0,0,0
CA Ingram,2019-2019,1,1,1,3,3*,-,5,60,0,0,0,0,0
M Jansen,2023-2023,1,1,1,3,3*,-,2,150,0,0,0,0,0
KK Nair,2018-2018,1,1,0,3,3,3,5,60,0,0,0,0,0
R Rampaul,2013-2013,1,1,0,3,3,3,4,75,0,0,0,0,0
RP Singh,2008-2013,4,2,0,3,2,1.5,4,75,0,0,0,0,0
Sohail Tanvir,2008-2008,5,1,1,3,3*,-,3,100,0,0,0,0,0
AJ Turner,2019-2019,3,3,1,3,3*,1.5,9,33.33,0,0,2,0,0
M Vohra,2013-2013,1,1,0,3,3,3,6,50,0,0,0,0,0
JJ Bumrah,2018-2024,3,1,1,2,2*,-,1,200,0,0,0,0,0
UBT Chand,2011-2011,1,1,0,2,2,2,10,20,0,0,0,0,0
C de Grandhomme,2018-2018,1,1,0,2,2,2,3,66.66,0,0,0,0,0
CM Gautam,2013-2013,1,1,0,2,2,2,3,66.66,0,0,0,0,0
RJ Harris,2013-2013,1,1,1,2,2*,-,3,66.66,0,0,0,0,0
BB McCullum,2012-2012,1,1,0,2,2,2,4,50,0,0,0,0,0
AG Murtaza,2011-2011,1,1,1,2,2*,-,5,40,0,0,0,0,0
PP Ojha,2008-2013,2,2,2,2,1*,-,3,66.66,0,0,0,0,0
PA Reddy,2013-2013,1,1,0,2,2,2,5,40,0,0,0,0,0
Sandeep Sharma,2018-2025,12,2,2,2,2*,-,6,33.33,0,0,0,0,0
Umar Gul,2008-2008,1,1,0,2,2,2,2,100,0,0,0,0,0
RE van der Merwe,2011-2011,1,1,1,2,2*,-,3,66.66,0,0,0,0,0
AB Dinda,2008-2011,2,1,0,1,1,1,3,33.33,0,0,0,0,0
MS Gony,2008-2008,1,1,1,1,1*,-,4,25,0,0,0,0,0
Harmeet Singh,2012-2012,1,1,1,1,1*,-,1,100,0,0,0,0,0
Iqbal Abdulla,2011-2012,2,1,1,1,1*,-,2,50,0,0,0,0,0
Z Khan,2008-2012,4,1,0,1,1,1,5,20,0,0,0,0,0
A Manohar,2023-2024,2,1,0,1,1,1,2,50,0,0,0,0,0
WA Mota,2008-2008,1,1,1,1,1*,-,1,100,0,0,0,0,0
RR Raje,2008-2008,1,1,1,1,1*,-,2,50,0,0,0,0,0
Shahid Afridi,2008-2008,1,1,0,1,1,1,3,33.33,0,0,0,0,0
I Sharma,2008-2025,4,2,2,1,1*,-,1,100,0,0,0,0,0
A Singh,2011-2012,10,1,0,1,1,1,2,50,0,0,0,0,0
S Sreesanth,2008-2013,5,1,1,1,1*,-,2,50,0,0,0,0,0
AJ Tye,2018-2018,1,1,1,1,1*,-,1,100,0,0,0,0,0
JD Unadkat,2013-2019,13,4,2,1,1,0.5,3,33.33,0,0,1,0,0
Yudhvir Singh,2023-2025,2,1,0,1,1,1,1,100,0,0,0,0,0
Abdur Razzak,2008-2008,1,1,1,0,0*,-,2,0,0,0,0,0,0
J Arunkumar,2008-2008,1,1,0,0,0,0,3,0,0,0,1,0,0
KM Asif,2023-2023,1,1,0,0,0,0,2,0,0,0,1,0,0
P Awana,2013-2013,1,1,0,0,0,0,1,0,0,0,1,0,0
Basil Thampi,2018-2018,1,1,1,0,0*,-,0,-,0,0,0,0,0
RK Bhui,2024-2024,1,1,0,0,0,0,2,0,0,0,1,0,0
YS Chahal,2018-2024,12,1,1,0,0*,-,4,0,0,0,0,0,0
G Coetzee,2024-2024,1,1,0,0,0,0,1,0,0,0,1,0,0
R Dhawan,2013-2013,1,1,0,0,0,0,1,0,0,0,1,0,0
SP Fleming,2008-2008,1,1,0,0,0,0,2,0,0,0,1,0,0
RV Gomez,2011-2011,1,1,0,0,0,0,1,0,0,0,1,0,0
Joginder Sharma,2008-2008,1,1,0,0,0,0,1,0,0,0,1,0,0
S Kaul,2013-2019,3,1,1,0,0*,-,0,-,0,0,0,0,0
E Lewis,2018-2018,1,1,0,0,0,0,1,0,0,0,1,0,0
MJ McClenaghan,2018-2018,1,1,0,0,0,0,1,0,0,0,1,0,0
VY Mahesh,2008-2012,2,1,1,0,0*,-,1,0,0,0,0,0,0
M Markande,2018-2023,3,1,1,0,0*,-,1,0,0,0,0,0,0
Misbah-ul-Haq,2008-2008,1,1,0,0,0,0,1,0,0,0,1,0,0
C Munro,2018-2018,1,1,0,0,0,0,0,-,0,0,1,0,0
Noor Ahmad,2023-2024,2,1,1,0,0*,-,0,-,0,0,0,0,0
SM Pollock,2008-2008,1,1,0,0,0,0,1,0,0,0,1,0,0
R Sharma,2011-2013,3,2,0,0,0,0,4,0,0,0,2,0,0
SK Trivedi,2008-2013,32,1,1,0,0*,-,0,-,0,0,0,0,0
UT Yadav,2012-2024,5,1,0,0,0,0,1,0,0,0,1,0,0
VR Aaron,2019-2019,2,-,-,-,-,-,-,-,-,-,-,-,-
KK Ahmed,2019-2024,2,-,-,-,-,-,-,-,-,-,-,-,-
Akash Singh,2023-2023,1,-,-,-,-,-,-,-,-,-,-,-,-
Anand Rajan,2012-2012,1,-,-,-,-,-,-,-,-,-,-,-,-
Ankit Sharma,2012-2018,2,-,-,-,-,-,-,-,-,-,-,-,-
Anureet Singh,2018-2018,1,-,-,-,-,-,-,-,-,-,-,-,-
KP Appanna,2012-2012,1,-,-,-,-,-,-,-,-,-,-,-,-
S Aravind,2011-2011,1,-,-,-,-,-,-,-,-,-,-,-,-
KB Arun Karthik,2011-2011,1,-,-,-,-,-,-,-,-,-,-,-,-
M Ashwin,2023-2023,1,-,-,-,-,-,-,-,-,-,-,-,-
Avesh Khan,2023-2025,7,-,-,-,-,-,-,-,-,-,-,-,-
L Balaji,2011-2011,1,-,-,-,-,-,-,-,-,-,-,-,-
UA Birla,2013-2013,1,-,-,-,-,-,-,-,-,-,-,-,-
DE Bollinger,2011-2011,1,-,-,-,-,-,-,-,-,-,-,-,-
N Burger,2024-2024,3,-,-,-,-,-,-,-,-,-,-,-,-
DL Chahar,2019-2019,1,-,-,-,-,-,-,-,-,-,-,-,-
RD Chahar,2019-2019,1,-,-,-,-,-,-,-,-,-,-,-,-
A Chandila,2012-2013,8,-,-,-,-,-,-,-,-,-,-,-,-
B Chipli,2012-2012,1,-,-,-,-,-,-,-,-,-,-,-,-
SM Curran,2019-2019,1,-,-,-,-,-,-,-,-,-,-,-,-
TK Curran,2018-2018,1,-,-,-,-,-,-,-,-,-,-,-,-
MJ Dagar,2024-2024,1,-,-,-,-,-,-,-,-,-,-,-,-
TU Deshpande,2023-2025,3,-,-,-,-,-,-,-,-,-,-,-,-
ND Doshi,2011-2011,1,-,-,-,-,-,-,-,-,-,-,-,-
CRD Fernando,2008-2008,1,-,-,-,-,-,-,-,-,-,-,-,-
JEC Franklin,2012-2012,1,-,-,-,-,-,-,-,-,-,-,-,-
HF Gurney,2019-2019,1,-,-,-,-,-,-,-,-,-,-,-,-
PW Hasaranga,2025-2025,3,-,-,-,-,-,-,-,-,-,-,-,-
JR Hazlewood,2025-2025,1,-,-,-,-,-,-,-,-,-,-,-,-
BW Hilfenhaus,2012-2012,1,-,-,-,-,-,-,-,-,-,-,-,-
JO Holder,2013-2023,3,-,-,-,-,-,-,-,-,-,-,-,-
Imran Tahir,2019-2019,1,-,-,-,-,-,-,-,-,-,-,-,-
SB Jakati,2011-2011,1,-,-,-,-,-,-,-,-,-,-,-,-
SH Johnson,2024-2024,1,-,-,-,-,-,-,-,-,-,-,-,-
Kamran Khan,2010-2010,1,-,-,-,-,-,-,-,-,-,-,-,-
Karim Janat,2025-2025,1,-,-,-,-,-,-,-,-,-,-,-,-
K Kartikeya,2025-2025,1,-,-,-,-,-,-,-,-,-,-,-,-
AA Kazi,2011-2011,1,-,-,-,-,-,-,-,-,-,-,-,-
Kuldeep Yadav,2018-2024,3,-,-,-,-,-,-,-,-,-,-,-,-
CK Langeveldt,2011-2011,1,-,-,-,-,-,-,-,-,-,-,-,-
B Laughlin,2018-2018,3,-,-,-,-,-,-,-,-,-,-,-,-
JB Little,2023-2023,1,-,-,-,-,-,-,-,-,-,-,-,-
OC McCoy,2023-2023,1,-,-,-,-,-,-,-,-,-,-,-,-
GD McGrath,2008-2008,1,-,-,-,-,-,-,-,-,-,-,-,-
KA Maharaj,2024-2024,1,-,-,-,-,-,-,-,-,-,-,-,-
VS Malik,2013-2013,1,-,-,-,-,-,-,-,-,-,-,-,-
S Midhun,2019-2019,1,-,-,-,-,-,-,-,-,-,-,-,-
T Mishra,2012-2012,1,-,-,-,-,-,-,-,-,-,-,-,-
Mohsin Khan,2024-2024,1,-,-,-,-,-,-,-,-,-,-,-,-
M Morkel,2011-2013,3,-,-,-,-,-,-,-,-,-,-,-,-
Mujeeb Ur Rahman,2018-2019,2,-,-,-,-,-,-,-,-,-,-,-,-
Mukesh Kumar,2024-2024,1,-,-,-,-,-,-,-,-,-,-,-,-
Mustafizur Rahman,2018-2018,1,-,-,-,-,-,-,-,-,-,-,-,-
S Nadeem,2011-2018,3,-,-,-,-,-,-,-,-,-,-,-,-
T Natarajan,2023-2023,1,-,-,-,-,-,-,-,-,-,-,-,-
Naveen-ul-Haq,2023-2024,2,-,-,-,-,-,-,-,-,-,-,-,-
P Negi,2012-2013,2,-,-,-,-,-,-,-,-,-,-,-,-
A Nortje,2024-2024,1,-,-,-,-,-,-,-,-,-,-,-,-
Pankaj Singh,2008-2012,8,-,-,-,-,-,-,-,-,-,-,-,-
WD Parnell,2013-2023,2,-,-,-,-,-,-,-,-,-,-,-,-
HV Patel,2012-2023,2,-,-,-,-,-,-,-,-,-,-,-,-
MM Patel,2008-2011,7,-,-,-,-,-,-,-,-,-,-,-,-
M Pathirana,2023-2023,1,-,-,-,-,-,-,-,-,-,-,-,-
RM Patidar,2024-2025,2,-,-,-,-,-,-,-,-,-,-,-,-
RR Powar,2010-2010,1,-,-,-,-,-,-,-,-,-,-,-,-
R Powell,2024-2024,1,-,-,-,-,-,-,-,-,-,-,-,-
M Prasidh Krishna,2019-2025,2,-,-,-,-,-,-,-,-,-,-,-,-
Prince Yadav,2025-2025,1,-,-,-,-,-,-,-,-,-,-,-,-
K Rabada,2019-2019,1,-,-,-,-,-,-,-,-,-,-,-,-
AS Rajpoot,2019-2019,1,-,-,-,-,-,-,-,-,-,-,-,-
DS Rathi,2025-2025,1,-,-,-,-,-,-,-,-,-,-,-,-
Ravi Bishnoi,2023-2025,3,-,-,-,-,-,-,-,-,-,-,-,-
AD Russell,2018-2019,2,-,-,-,-,-,-,-,-,-,-,-,-
Sachin Baby,2013-2013,3,-,-,-,-,-,-,-,-,-,-,-,-
Shahbaz Ahmed,2023-2023,1,-,-,-,-,-,-,-,-,-,-,-,-
NA Saini,2019-2019,1,-,-,-,-,-,-,-,-,-,-,-,-
R Sai Kishore,2025-2025,1,-,-,-,-,-,-,-,-,-,-,-,-
D Salunkhe,2008-2008,1,-,-,-,-,-,-,-,-,-,-,-,-
PJ Sangwan,2008-2008,1,-,-,-,-,-,-,-,-,-,-,-,-
KR Sen,2024-2024,1,-,-,-,-,-,-,-,-,-,-,-,-
H Sharma,2024-2024,1,-,-,-,-,-,-,-,-,-,-,-,-
JM Sharma,2025-2025,1,-,-,-,-,-,-,-,-,-,-,-,-
MM Sharma,2013-2024,4,-,-,-,-,-,-,-,-,-,-,-,-
Shivam Mavi,2018-2018,1,-,-,-,-,-,-,-,-,-,-,-,-
R Shukla,2013-2013,1,-,-,-,-,-,-,-,-,-,-,-,-
IS Sodhi,2018-2018,4,-,-,-,-,-,-,-,-,-,-,-,-
Sumit Kumar,2024-2024,1,-,-,-,-,-,-,-,-,-,-,-,-
Suyash Sharma,2025-2025,1,-,-,-,-,-,-,-,-,-,-,-,-
SW Tait,2011-2013,6,-,-,-,-,-,-,-,-,-,-,-,-
PV Tambe,2013-2013,1,-,-,-,-,-,-,-,-,-,-,-,-
JE Taylor,2011-2011,1,-,-,-,-,-,-,-,-,-,-,-,-
SN Thakur,2018-2025,3,-,-,-,-,-,-,-,-,-,-,-,-
Yash Thakur,2024-2024,1,-,-,-,-,-,-,-,-,-,-,-,-
M Theekshana,2023-2025,4,-,-,-,-,-,-,-,-,-,-,-,-
J Theron,2010-2010,1,-,-,-,-,-,-,-,-,-,-,-,-
AC Thomas,2011-2011,1,-,-,-,-,-,-,-,-,-,-,-,-
O Thomas,2019-2019,1,-,-,-,-,-,-,-,-,-,-,-,-
N Thushara,2024-2024,1,-,-,-,-,-,-,-,-,-,-,-,-
RJW Topley,2024-2024,1,-,-,-,-,-,-,-,-,-,-,-,-
K Upadhyay,2013-2013,1,-,-,-,-,-,-,-,-,-,-,-,-
DL Vettori,2012-2012,1,-,-,-,-,-,-,-,-,-,-,-,-
DP Vijaykumar,2008-2008,1,-,-,-,-,-,-,-,-,-,-,-,-
Vivrant Sharma,2023-2023,1,-,-,-,-,-,-,-,-,-,-,-,-
DJ Willey,2018-2018,1,-,-,-,-,-,-,-,-,-,-,-,-
K Yadav,2023-2023,2,-,-,-,-,-,-,-,-,-,-,-,-
Yash Dayal,2024-2025,2,-,-,-,-,-,-,-,-,-,-,-,-
Player,Span,Mat,Inns,NO,Runs,HS,Ave,BF,SR,100,50,0,4s,6s
RG Sharma,2011-2025,85,84,13,2439,105*,34.35,1765,138.18,1,17,5,224,110
SA Yadav,2012-2025,37,37,6,1286,103*,41.48,776,165.72,2,10,5,147,57
KA Pollard,2011-2022,60,57,15,1226,83,29.19,787,155.78,0,7,2,78,85
AT Rayudu,2011-2023,55,52,7,1008,78,22.4,784,128.57,0,6,7,91,43
KD Karthik,2008-2024,32,31,8,855,86,37.17,602,142.02,0,3,1,92,30
HH Pandya,2015-2025,47,42,14,768,62*,27.42,511,150.29,0,2,1,67,41
JC Buttler,2016-2024,24,24,2,759,116,34.5,526,144.29,1,3,1,74,41
SR Tendulkar,2008-2013,23,23,2,726,100*,34.57,604,120.19,1,3,1,94,10
F du Plessis,2012-2024,19,19,4,701,95*,46.73,523,134.03,0,6,2,66,25
Ishan Kishan,2017-2025,31,29,0,659,69,22.72,453,145.47,0,2,2,66,34
V Kohli,2008-2025,19,19,5,641,92*,45.78,464,138.14,0,6,1,52,25
KL Rahul,2015-2024,12,12,2,634,103*,63.4,429,147.78,2,5,2,52,31
S Dhawan,2008-2022,17,17,2,625,92,41.66,479,130.48,0,4,1,68,16
SK Raina,2008-2021,21,20,3,577,87,33.94,388,148.71,0,4,1,51,33
SV Samson,2013-2024,18,18,2,577,119,36.06,393,146.81,1,3,0,60,24
PA Patel,2008-2019,24,23,1,518,52,23.54,406,127.58,0,2,3,70,9
AM Rahane,2011-2025,17,14,1,435,66*,33.46,320,135.93,0,3,0,52,13
N Rana,2017-2023,16,16,1,417,57,27.8,336,124.1,0,3,1,33,19
MS Dhoni,2008-2025,29,24,8,416,50*,26,347,119.88,0,1,2,33,20
KH Pandya,2016-2025,29,25,8,408,42,24,292,139.72,0,0,0,42,13
LMP Simmons,2014-2017,13,13,1,398,68*,33.16,331,120.24,0,4,1,36,18
DA Miller,2012-2025,16,16,3,395,62,30.38,301,131.22,0,2,1,31,16
NT Tilak Varma,2022-2025,19,17,5,394,56,32.83,306,128.75,0,1,0,38,12
Q de Kock,2018-2025,13,13,1,374,81,31.16,283,132.15,0,2,0,33,16
RR Pant,2017-2025,13,13,2,374,78*,34,229,163.31,0,2,1,43,16
GJ Maxwell,2013-2024,13,12,1,365,68,33.18,209,174.64,0,2,1,36,22
Harbhajan Singh,2008-2018,49,33,16,362,64,21.29,239,151.46,0,1,3,38,17
RV Uthappa,2008-2022,15,15,1,359,54,25.64,316,113.6,0,1,0,33,13
WP Saha,2008-2023,12,10,3,352,93*,50.28,251,140.23,0,4,1,43,10
DR Smith,2008-2017,14,14,1,345,62,26.53,289,119.37,0,3,3,37,15
SR Watson,2008-2019,11,11,2,342,117*,38,230,148.69,1,2,1,29,22
RA Jadeja,2008-2025,23,17,7,331,62*,33.1,228,145.17,0,2,0,22,16
D Padikkal,2021-2025,10,10,1,327,101*,36.33,224,145.98,1,1,1,33,15
TH David,2022-2025,17,14,6,326,46,40.75,173,188.43,0,0,1,14,28
RD Gaikwad,2021-2024,11,11,1,316,69,31.6,266,118.79,0,3,1,28,12
AB de Villiers,2011-2021,11,9,1,307,133*,38.37,189,162.43,1,1,0,33,13
CH Gayle,2011-2021,10,10,1,301,82*,33.44,218,138.07,0,2,0,22,23
YK Pathan,2008-2018,10,10,3,280,52,40,217,129.03,0,1,0,27,10
S Dube,2021-2025,12,12,1,275,66*,25,212,129.71,0,2,1,28,10
DA Warner,2011-2024,10,10,0,274,66,27.4,176,155.68,0,2,0,33,13
SE Marsh,2008-2017,6,6,1,268,81,53.6,188,142.55,0,3,0,24,10
MK Pandey,2012-2025,10,10,2,266,81*,33.25,199,133.66,0,2,1,21,11
DJ Hooda,2015-2024,11,11,1,262,64,26.2,188,139.36,0,3,0,23,11
PP Shaw,2019-2024,10,10,0,261,72,26.1,177,147.45,0,2,1,30,11
RA Tripathi,2017-2022,9,9,0,260,76,28.88,179,145.25,0,2,1,23,11
E Lewis,2018-2022,9,9,0,241,65,26.77,173,139.3,0,2,1,22,16
MA Agarwal,2011-2024,12,11,0,240,83,21.81,176,136.36,0,2,2,27,8
C Green,2023-2023,7,7,4,229,100*,76.33,133,172.18,1,1,0,19,13
YBK Jaiswal,2021-2024,5,5,0,228,124,45.6,132,172.72,1,1,0,32,10
BB McCullum,2011-2017,7,7,0,222,81,31.71,160,138.75,0,2,0,23,9
ST Jayasuriya,2008-2008,4,4,2,211,114*,105.5,93,226.88,1,0,0,21,17
MM Ali,2019-2022,7,7,0,204,50,29.14,138,147.82,0,1,1,15,14
VR Iyer,2022-2025,6,6,0,202,104,33.66,147,137.41,1,1,0,14,12
DJ Bravo,2008-2022,19,10,2,199,68,24.87,139,143.16,0,1,0,14,13
AD Russell,2015-2025,13,11,2,199,70*,22.11,118,168.64,0,2,2,13,17
SS Iyer,2015-2024,9,9,2,196,42,28,162,120.98,0,0,0,23,3
V Sehwag,2008-2015,6,6,0,196,122,32.66,123,159.34,1,0,0,20,10
RD Rickelton,2025-2025,5,5,1,192,62*,48,125,153.6,0,2,0,22,10
R Tewatia,2017-2023,13,10,3,191,40*,27.28,132,144.69,0,0,0,16,9
N Pooran,2021-2025,9,9,0,176,75,19.55,106,166.03,0,1,2,11,15
JEC Franklin,2011-2012,10,9,2,174,79,24.85,169,102.95,0,1,0,12,4
G Gambhir,2008-2018,8,8,0,173,59,21.62,151,114.56,0,1,1,21,2
Abhishek Sharma,2019-2025,7,7,0,170,65,24.28,134,126.86,0,1,1,19,6
MK Tiwary,2008-2018,7,7,1,170,58,28.33,146,116.43,0,1,1,16,5
SO Hetmyer,2021-2024,8,7,6,168,59*,168,106,158.49,0,1,0,9,13
CJ Anderson,2014-2018,8,8,2,163,95*,27.16,101,161.38,0,1,2,14,11
RM Patidar,2022-2025,4,3,0,162,64,54,96,168.75,0,2,0,12,10
Yuvraj Singh,2008-2019,10,10,0,161,57,16.1,137,117.51,0,2,1,15,7
S Badrinath,2008-2013,6,5,2,159,71*,53,117,135.89,0,2,1,19,4
MEK Hussey,2011-2015,6,6,0,157,56,26.16,118,133.05,0,1,1,16,6
R Powell,2022-2022,5,5,1,147,43,36.75,87,168.96,0,0,1,5,14
KM Jadhav,2011-2023,8,7,3,146,58,36.5,130,112.3,0,1,0,13,4
AR Patel,2014-2024,12,9,5,137,42*,34.25,92,148.91,0,0,0,6,8
Rashid Khan,2017-2023,10,6,4,137,79*,68.5,62,220.96,0,1,0,4,16
MR Marsh,2013-2025,7,6,0,136,38,22.66,102,133.33,0,0,1,10,7
R Parag,2021-2024,11,8,2,136,54*,22.66,95,143.15,0,1,0,11,9
A Badoni,2022-2025,6,5,1,130,54,32.5,91,142.85,0,1,0,7,8
AJ Finch,2013-2022,6,6,1,128,67*,25.6,118,108.47,0,1,1,11,2
TM Head,2016-2025,4,4,0,125,48,31.25,98,127.55,0,0,0,13,3
MP Stoinis,2018-2024,9,9,3,125,38*,20.83,89,140.44,0,0,3,14,6
PJ Cummins,2017-2025,5,5,4,123,66*,123,66,186.36,0,1,0,6,10
AK Markram,2022-2025,6,6,1,122,56,24.4,106,115.09,0,1,0,7,5
JM Sharma,2022-2025,5,4,2,122,40*,61,51,239.21,0,0,0,9,11
LS Livingstone,2019-2025,7,7,1,120,49*,20,75,160,0,0,1,5,11
JP Duminy,2011-2018,6,6,4,119,45*,59.5,93,127.95,0,0,0,7,7
KS Williamson,2018-2022,7,7,1,116,47,19.33,94,123.4,0,0,1,16,2
SM Curran,2019-2023,7,5,1,115,55,28.75,57,201.75,0,1,0,12,7
RK Singh,2019-2025,6,6,1,113,42*,22.6,85,132.94,0,0,0,14,2
WG Jacks,2024-2025,6,5,0,111,36,22.2,88,126.13,0,0,0,10,5
AP Tare,2013-2017,8,8,3,111,59,22.2,68,163.23,0,1,1,14,3
Naman Dhir,2024-2025,9,7,2,109,62*,21.8,69,157.97,0,1,3,9,8
LA Pomersbach,2008-2011,2,2,1,108,79*,108,68,158.82,0,1,0,12,5
JJ Roy,2017-2018,2,2,2,105,91*,-,60,175,0,1,0,7,7
Shakib Al Hasan,2011-2018,7,7,0,105,26,15,76,138.15,0,0,0,13,1
M Vijay,2011-2015,6,6,0,103,41,17.16,88,117.04,0,0,0,12,4
CH Morris,2013-2021,7,6,3,101,52*,33.66,76,132.89,0,1,1,5,6
SPD Smith,2012-2021,7,6,0,101,39,16.83,93,108.6,0,0,0,9,0
R Ashwin,2011-2025,22,11,3,100,28,12.5,87,114.94,0,0,2,5,3
CA Lynn,2016-2019,4,4,1,100,41,33.33,76,131.57,0,0,0,9,5
PBB Rajapaksa,2022-2022,3,3,0,100,42,33.33,59,169.49,0,0,0,7,7
Lalit Yadav,2021-2024,7,7,1,98,37,16.33,95,103.15,0,0,0,9,3
AC Blizzard,2011-2011,3,3,0,89,51,29.66,60,148.33,0,1,0,15,2
Shahbaz Ahmed,2021-2024,6,3,1,87,45,43.5,59,147.45,0,0,0,7,4
M Shahrukh Khan,2021-2023,6,6,3,87,47,29,60,145,0,0,1,9,4
JM Bairstow,2022-2022,3,3,0,85,56,28.33,58,146.55,0,1,0,14,1
DPMD Jayawardene,2008-2013,5,5,1,85,56,21.25,74,114.86,0,1,0,11,0
R Dravid,2008-2013,4,4,1,82,43*,27.33,75,109.33,0,0,0,11,0
SN Thakur,2017-2024,17,9,3,81,17,13.5,59,137.28,0,0,0,5,4
KK Nair,2014-2022,6,5,0,80,50,16,67,119.4,0,1,0,9,2
N Wadhera,2023-2024,7,6,1,80,52*,16,60,133.33,0,1,1,7,4
BJ Hodge,2011-2014,3,3,2,79,39,79,50,158,0,0,0,11,1
K Rabada,2017-2022,8,3,1,78,44,39,59,132.2,0,0,0,9,2
T Stubbs,2022-2024,4,4,1,78,71*,26,39,200,0,1,1,3,7
GJ Bailey,2014-2015,3,3,1,77,61*,38.5,48,160.41,0,1,0,6,3
M Vohra,2013-2021,7,6,0,77,34,12.83,72,106.94,0,0,0,6,4
OA Shah,2012-2012,1,1,0,76,76,76,42,180.95,0,1,0,5,5
KP Pietersen,2012-2016,3,3,1,74,44,37,53,139.62,0,0,0,7,3
Shubman Gill,2018-2023,9,9,0,74,22,8.22,98,75.51,0,0,2,6,1
Mandeep Singh,2012-2019,6,5,1,73,24,18.25,59,123.72,0,0,0,10,0
CM Gautam,2014-2014,3,3,0,72,33,24,65,110.76,0,0,0,6,5
RN ten Doeschate,2011-2011,1,1,1,70,70*,-,49,142.85,0,1,0,6,3
Vivrant Sharma,2023-2023,1,1,0,69,69,69,47,146.8,0,1,0,9,2
AM Nayar,2008-2014,7,4,0,67,27,16.75,48,139.58,0,0,0,4,3
R Shepherd,2022-2024,5,4,3,67,39*,67,28,239.28,0,0,0,5,6
MS Wade,2022-2022,3,3,0,66,30,22,57,115.78,0,0,0,8,1
TM Dilshan,2008-2013,3,3,0,65,33,21.66,65,100,0,0,0,10,1
CR Brathwaite,2018-2018,2,2,1,64,43*,64,40,160,0,0,0,1,7
D Brevis,2022-2024,4,4,0,63,37,15.75,59,106.77,0,0,1,2,5
A Symonds,2011-2011,7,5,4,63,31*,63,70,90,0,0,0,3,2
DJ Hussey,2008-2014,5,5,0,59,34,11.8,52,113.46,0,0,0,7,1
JR Hopes,2008-2011,3,3,0,57,55,19,50,114,0,1,1,10,0
H Klaasen,2023-2025,3,3,0,57,37,19,45,126.66,0,0,0,5,2
GH Vihari,2013-2015,2,2,0,57,41,28.5,47,121.27,0,0,0,7,0
JH Kallis,2008-2013,4,4,0,56,25,14,58,96.55,0,0,1,3,2
TL Suman,2011-2013,7,6,1,54,23,10.8,51,105.88,0,0,0,6,3
Washington Sundar,2017-2022,8,6,1,53,25,10.6,51,103.92,0,0,0,5,1
MJ Guptill,2017-2019,2,2,0,51,36,25.5,29,175.86,0,0,0,6,2
Ramandeep Singh,2022-2025,5,4,2,51,22,25.5,28,182.14,0,0,0,4,3
J Suchith,2015-2022,10,7,4,50,34*,16.66,39,128.2,0,0,1,4,2
SW Billings,2022-2022,2,2,1,49,25,49,45,108.88,0,0,0,2,2
MC Juneja,2013-2013,1,1,0,49,49,49,40,122.5,0,0,0,6,0
MJ McClenaghan,2015-2019,26,11,7,49,12*,12.25,36,136.11,0,0,2,3,4
Mohammad Nabi,2018-2024,5,3,1,49,31,24.5,37,132.43,0,0,0,4,2
CA Ingram,2011-2019,2,2,0,48,47,24,34,141.17,0,0,0,7,1
STR Binny,2013-2018,4,3,2,47,37*,47,37,127.02,0,0,0,4,1
PK Garg,2022-2022,2,2,0,46,42,23,33,139.39,0,0,0,4,2
V Shankar,2017-2025,6,4,0,46,29,11.5,39,117.94,0,0,0,6,0
IK Pathan,2008-2013,5,4,1,45,23,15,47,95.74,0,0,0,4,1
KV Sharma,2013-2025,9,5,1,45,19,11.25,36,125,0,0,0,4,2
SN Khan,2015-2022,6,4,0,44,28,11,34,129.41,0,0,0,3,3
PP Chawla,2008-2024,19,8,4,43,12,10.75,55,78.18,0,0,1,2,1
SS Tiwary,2011-2015,4,3,2,43,21,43,36,119.44,0,0,0,3,1
CL White,2012-2013,2,2,1,43,43*,43,24,179.16,0,0,1,3,3
JP Faulkner,2013-2016,3,3,0,42,23,14,33,127.27,0,0,0,3,3
Abishek Porel,2024-2024,1,1,0,41,41,41,31,132.25,0,0,0,5,0
Harpreet Singh,2023-2023,1,1,0,41,41,41,28,146.42,0,0,0,4,2
SA Asnodkar,2008-2008,1,1,0,39,39,39,21,185.71,0,0,0,6,1
MV Boucher,2008-2008,1,1,1,39,39*,-,19,205.26,0,0,0,4,2
N Jagadeesan,2022-2023,2,2,1,39,39*,39,38,102.63,0,0,1,3,1
JA Morkel,2008-2012,5,4,1,39,28*,13,21,185.71,0,0,0,2,3
K Nitish Kumar Reddy,2023-2025,3,2,0,39,20,19.5,36,108.33,0,0,0,3,0
A Raghuvanshi,2024-2025,2,2,0,39,26,19.5,22,177.27,0,0,0,3,3
SP Narine,2012-2025,16,11,3,38,9*,4.75,41,92.68,0,0,2,5,1
P Negi,2015-2019,3,3,0,38,35,12.66,28,135.71,0,0,1,1,3
LRPL Taylor,2008-2013,4,3,1,38,23,19,27,140.74,0,0,0,3,2
R Vinay Kumar,2008-2016,12,5,3,38,26*,19,33,115.15,0,0,1,4,1
BCJ Cutting,2017-2019,5,4,1,37,20,12.33,28,132.14,0,0,0,4,1
Y Venugopal Rao,2011-2011,1,1,0,37,37,37,27,137.03,0,0,0,4,1
HR Shokeen,2022-2023,6,3,2,36,18*,36,36,100,0,0,0,5,0
JD Unadkat,2013-2022,11,3,1,36,24,18,25,144,0,0,0,2,2
CR Woakes,2017-2021,5,3,1,35,15*,17.5,30,116.66,0,0,0,2,1
B Kumar,2012-2025,14,7,3,34,8,8.5,43,79.06,0,0,0,2,0
S Gopal,2014-2024,9,4,2,33,13*,16.5,37,89.18,0,0,0,3,1
M Morkel,2011-2015,4,2,1,33,23*,33,18,183.33,0,0,0,4,0
Shashank Singh,2022-2022,2,2,1,33,25*,33,15,220,0,0,0,1,4
PC Valthaty,2011-2011,1,1,0,33,33,33,38,86.84,0,0,0,1,2
Anuj Rawat,2022-2023,3,3,0,32,26,10.66,30,106.66,0,0,1,5,0
DT Christian,2011-2021,6,4,1,32,18,10.66,38,84.21,0,0,0,2,0
MG Johnson,2013-2018,14,8,7,32,10*,32,30,106.66,0,0,0,1,2
A Mhatre,2025-2025,1,1,0,32,32,32,15,213.33,0,0,0,4,2
NV Ojha,2011-2017,4,4,0,32,13,8,40,80,0,0,0,2,0
JJ Bumrah,2014-2025,46,8,8,31,16*,-,35,88.57,0,0,0,2,1
AD Mathews,2013-2015,2,2,0,31,19,15.5,28,110.71,0,0,0,0,2
TG Southee,2015-2022,7,3,0,31,25,10.33,17,182.35,0,0,1,1,2
RE Levi,2012-2012,4,4,0,30,29,7.5,29,103.44,0,0,2,4,1
N Saini,2012-2012,1,1,0,30,30,30,25,120,0,0,0,5,0
KC Sangakkara,2008-2011,2,2,0,30,27,15,32,93.75,0,0,0,1,1
Vishnu Vinod,2023-2023,1,1,0,30,30,30,20,150,0,0,0,2,2
A Taide,2023-2023,1,1,0,29,29,29,17,170.58,0,0,0,3,1
SM Pollock,2008-2008,4,2,0,28,28,14,13,215.38,0,0,1,3,2
RR Powar,2008-2011,2,1,1,28,28*,-,21,133.33,0,0,0,4,1
Kuldeep Yadav,2017-2022,7,4,4,27,16*,-,19,142.1,0,0,0,3,1
SP Fleming,2008-2008,1,1,0,26,26,26,29,89.65,0,0,0,4,0
P Kumar,2008-2017,8,4,1,26,24,8.66,22,118.18,0,0,2,1,2
Prabhsimran Singh,2023-2023,1,1,0,26,26,26,17,152.94,0,0,0,1,2
R Ravindra,2024-2025,2,2,0,26,21,13,25,104,0,0,0,2,1
DB Das,2012-2013,2,2,0,25,23,12.5,20,125,0,0,0,2,2
M Jansen,2022-2024,2,2,1,25,17,25,17,147.05,0,0,0,1,2
M Kartik,2011-2012,2,2,1,25,14*,25,22,113.63,0,0,0,2,1
WA Mota,2008-2008,1,1,0,25,25,25,26,96.15,0,0,0,2,0
GC Smith,2008-2008,1,1,0,25,25,25,21,119.04,0,0,0,5,0
RR Rossouw,2014-2014,1,1,0,24,24,24,14,171.42,0,0,0,1,2
PR Shah,2008-2011,3,2,0,24,19,12,28,85.71,0,0,0,2,0
RS Bopara,2015-2015,1,1,0,23,23,23,27,85.18,0,0,0,1,0
R Rampaul,2013-2013,1,1,1,23,23*,-,18,127.77,0,0,0,3,0
R Sharma,2011-2013,3,3,1,23,13,11.5,21,109.52,0,0,1,2,1
AB Agarkar,2008-2012,3,2,1,22,15,22,20,110,0,0,0,3,0
DJ Jacobs,2011-2012,3,3,0,22,12,7.33,41,53.65,0,0,1,3,0
AS Joseph,2019-2023,5,2,2,22,15*,-,25,88,0,0,0,3,0
S Vidyut,2008-2008,2,2,0,22,16,11,18,122.22,0,0,0,4,0
KK Cooper,2012-2014,3,3,2,21,14,21,10,210,0,0,0,0,3
TK Curran,2021-2021,2,1,0,21,21,21,16,131.25,0,0,0,2,0
B Indrajith,2022-2022,2,2,0,21,15,10.5,24,87.5,0,0,0,2,0
SL Malinga,2011-2019,43,7,2,21,8,4.2,14,150,0,0,2,1,2
A Mishra,2008-2021,7,3,1,21,18*,10.5,17,123.52,0,0,0,4,0
C Bosch,2025-2025,1,1,0,20,20,20,10,200,0,0,0,2,1
BR Dunk,2014-2014,2,2,0,20,15,10,18,111.11,0,0,0,3,0
AL Menaria,2011-2012,2,1,0,20,20,20,15,133.33,0,0,0,2,1
Mohammed Siraj,2018-2024,9,3,3,20,12*,-,17,117.64,0,0,0,0,2
WD Parnell,2011-2014,3,2,0,20,11,10,22,90.9,0,0,0,3,0
S Sohal,2011-2011,1,1,0,20,20,20,22,90.9,0,0,0,0,2
Azhar Mahmood,2012-2013,2,2,0,19,10,9.5,20,95,0,0,0,1,1
Harpreet Brar,2022-2023,3,2,0,19,14,9.5,20,95,0,0,0,2,1
JO Holder,2022-2023,4,3,1,19,11,9.5,25,76,0,0,0,2,1
CA Pujara,2014-2014,1,1,0,19,19,19,18,105.55,0,0,0,4,0
SK Rasheed,2025-2025,1,1,0,19,19,19,20,95,0,0,0,1,0
DR Sams,2022-2022,4,4,1,19,15,6.33,25,76,0,0,0,0,1
R Bhatia,2011-2016,4,3,0,18,12,6,15,120,0,0,0,2,0
DL Chahar,2018-2025,15,6,2,18,10,4.5,16,112.5,0,0,2,1,1
UBT Chand,2013-2015,3,3,0,18,13,6,19,94.73,0,0,1,2,0
SC Ganguly,2008-2012,2,2,0,18,15,9,26,69.23,0,0,0,2,0
MJ Santner,2022-2025,8,4,2,18,9,9,21,85.71,0,0,0,1,1
AU Verma,2025-2025,1,1,1,18,18*,-,8,225,0,0,0,0,2
MS Bisla,2013-2013,1,1,0,17,17,17,19,89.47,0,0,0,3,0
SP Goswami,2011-2018,4,4,0,17,12,4.25,18,94.44,0,0,2,2,0
A Manohar,2022-2023,3,3,1,17,15*,8.5,11,154.54,0,0,1,3,0
DJ Mitchell,2024-2024,1,1,0,17,17,17,14,121.42,0,0,0,1,0
JA Richardson,2021-2024,4,3,0,17,15,5.66,26,65.38,0,0,1,2,0
BA Stokes,2017-2021,3,3,1,17,17,8.5,15,113.33,0,0,1,2,0
S Chanderpaul,2008-2008,1,1,0,16,16,16,11,145.45,0,0,0,3,0
KA Jamieson,2021-2021,2,1,0,16,16,16,13,123.07,0,0,0,1,1
SD Chitnis,2008-2012,2,1,0,15,15,15,6,250,0,0,0,1,1
SD Lad,2019-2019,1,1,0,15,15,15,13,115.38,0,0,0,1,1
HV Patel,2012-2025,12,4,2,15,9*,7.5,14,107.14,0,0,1,0,2
AD Nath,2016-2019,2,2,0,14,12,7,14,100,0,0,0,1,0
PVD Chameera,2022-2022,4,2,1,14,13,14,8,175,0,0,0,2,0
RT Ponting,2013-2013,2,2,0,14,14,7,23,60.86,0,0,1,2,0
HH Gibbs,2012-2012,1,1,0,13,13,13,24,54.16,0,0,0,1,0
Ravi Bishnoi,2022-2025,6,1,0,13,13,13,14,92.85,0,0,0,0,2
Salman Butt,2008-2008,1,1,0,13,13,13,13,100,0,0,0,1,1
KB Arun Karthik,2013-2013,1,1,0,12,12,12,8,150,0,0,0,0,1
G Coetzee,2024-2024,5,2,0,12,8,6,16,75,0,0,0,0,1
CJ Ferguson,2012-2012,1,1,0,12,12,12,13,92.3,0,0,0,1,0
PW Hasaranga,2022-2023,5,1,1,12,12*,-,8,150,0,0,0,2,0
M Kaif,2008-2011,2,1,0,12,12,12,11,109.09,0,0,0,0,1
M Markande,2018-2022,9,3,2,12,7*,12,10,120,0,0,0,1,0
MD Mishra,2011-2011,1,1,0,12,12,12,10,120,0,0,0,2,0
EJG Morgan,2013-2021,3,3,0,12,7,4,17,70.58,0,0,1,1,0
JD Ryder,2011-2011,1,1,0,12,12,12,15,80,0,0,0,2,0
Sanvir Singh,2023-2024,2,2,2,12,8*,-,10,120,0,0,0,1,0
RA Bawa,2022-2022,1,1,0,11,11,11,13,84.61,0,0,0,1,0
B Chipli,2011-2012,2,2,0,11,10,5.5,14,78.57,0,0,0,1,0
R Dhawan,2013-2022,6,2,1,11,6,11,8,137.5,0,0,0,2,0
MW Short,2023-2023,1,1,0,11,11,11,10,110,0,0,0,2,0
UT Yadav,2012-2023,11,5,4,11,5*,11,10,110,0,0,0,2,0
A Ashish Reddy,2012-2012,1,1,0,10,10,10,10,100,0,0,0,0,1
DH Yagnik,2013-2013,1,1,0,10,10,10,14,71.42,0,0,0,1,0
S Anirudha,2011-2011,1,1,0,9,9,9,9,100,0,0,0,0,1
SD Chauhan,2024-2024,1,1,0,9,9,9,8,112.5,0,0,0,1,0
Mohammed Shami,2018-2025,11,1,1,9,9*,-,12,75,0,0,0,0,0
PD Salt,2024-2025,2,2,0,9,5,4.5,5,180,0,0,0,2,0
OF Smith,2022-2022,1,1,1,9,9*,-,12,75,0,0,0,0,1
J Syed Mohammad,2012-2013,2,1,0,9,9,9,11,81.81,0,0,0,1,0
YS Chahal,2014-2024,14,1,1,8,8*,-,21,38.09,0,0,0,0,0
DP Conway,2022-2023,4,4,0,8,5,2,22,36.36,0,0,2,0,0
SB Dubey,2024-2024,1,1,1,8,8*,-,6,133.33,0,0,0,1,0
CJ McKay,2012-2012,1,1,0,8,8,8,15,53.33,0,0,0,0,0
Rahmanullah Gurbaz,2023-2023,1,1,0,8,8,8,12,66.66,0,0,0,0,0
L Ronchi,2008-2008,1,1,0,8,8,8,10,80,0,0,0,2,0
VR Aaron,2014-2022,3,1,1,7,7*,-,8,87.5,0,0,0,1,0
Avesh Khan,2021-2025,7,2,1,7,7*,7,3,233.33,0,0,1,0,1
M Ashwin,2016-2021,3,1,0,6,6,6,14,42.85,0,0,0,0,0
Iqbal Abdulla,2011-2016,4,1,1,6,6*,-,11,54.54,0,0,0,0,0
DS Kulkarni,2008-2019,15,2,2,6,6*,-,3,200,0,0,0,1,0
MF Maharoof,2008-2008,1,1,0,6,6,6,6,100,0,0,0,1,0
NLTC Perera,2011-2013,3,2,2,6,4*,-,10,60,0,0,0,0,0
SS Prabhudessai,2022-2022,1,1,0,6,6,6,5,120,0,0,0,1,0
SK Trivedi,2008-2012,3,2,2,6,5*,-,8,75,0,0,0,0,0
Abdul Samad,2024-2025,2,2,0,5,3,2.5,8,62.5,0,0,0,0,0
Mohammad Hafeez,2008-2008,1,1,0,5,5,5,11,45.45,0,0,0,1,0
PP Ojha,2011-2014,16,3,1,5,3,2.5,15,33.33,0,0,0,0,0
Rasikh Salam,2019-2019,1,1,1,5,5*,-,4,125,0,0,0,0,0
SE Rutherford,2022-2022,1,1,0,5,5,5,10,50,0,0,0,0,0
Shivam Mavi,2021-2022,4,1,0,5,5,5,7,71.42,0,0,0,1,0
Sohail Tanvir,2008-2008,1,1,0,5,5,5,5,100,0,0,0,1,0
MA Starc,2014-2024,3,2,0,5,5,2.5,6,83.33,0,0,1,1,0
AA Chavan,2011-2013,3,1,0,4,4,4,2,200,0,0,0,1,0
A Dananjaya,2018-2018,1,1,1,4,4*,-,5,80,0,0,0,0,0
Harshit Rana,2022-2025,2,2,1,4,4,4,9,44.44,0,0,0,0,0
B Laughlin,2013-2013,1,1,1,4,4*,-,8,50,0,0,0,0,0
GD McGrath,2008-2008,1,1,1,4,4*,-,3,133.33,0,0,0,1,0
A Madhwal,2023-2024,7,1,1,4,4*,-,5,80,0,0,0,0,0
PN Mankad,2022-2022,1,1,1,4,4*,-,1,400,0,0,0,1,0
Mukesh Choudhary,2022-2022,3,1,0,4,4,4,4,100,0,0,0,1,0
J Overton,2025-2025,1,1,1,4,4*,-,3,133.33,0,0,0,1,0
Prince Yadav,2025-2025,1,1,1,4,4*,-,9,44.44,0,0,0,0,0
MN Samuels,2012-2012,1,1,0,4,4,4,4,100,0,0,0,0,0
I Sharma,2008-2024,7,1,0,4,4,4,5,80,0,0,0,1,0
MM Sharma,2013-2023,9,4,3,4,3*,4,11,36.36,0,0,1,0,0
DJM Short,2018-2018,1,1,0,4,4,4,5,80,0,0,0,1,0
RP Singh,2011-2016,9,3,1,4,3,2,10,40,0,0,1,0,0
HE van der Dussen,2022-2022,1,1,0,4,4,4,4,100,0,0,0,1,0
B Akhil,2008-2008,1,1,1,3,3*,-,5,60,0,0,0,0,0
Basil Thampi,2017-2019,3,1,0,3,3,3,6,50,0,0,0,0,0
TA Boult,2015-2025,16,3,3,3,2*,-,2,150,0,0,0,0,0
NM Coulter-Nile,2015-2015,1,1,1,3,3*,-,2,150,0,0,0,0,0
AB Dinda,2008-2014,4,2,2,3,2*,-,5,60,0,0,0,0,0
SP Jackson,2022-2022,1,1,1,3,3*,-,3,100,0,0,0,0,0
VY Mahesh,2008-2008,1,1,0,3,3,3,10,30,0,0,0,0,0
Mohammad Asif,2008-2008,1,1,0,3,3,3,5,60,0,0,0,0,0
KMA Paul,2019-2019,1,1,0,3,3,3,5,60,0,0,0,0,0
DW Steyn,2012-2015,3,2,0,3,3,1.5,6,50,0,0,1,0,0
Akash Deep,2022-2024,2,1,1,2,2*,-,2,100,0,0,0,0,0
Arshad Khan,2023-2024,3,2,0,2,2,1,5,40,0,0,1,0,0
J Botha,2011-2012,2,1,0,2,2,2,3,66.66,0,0,0,0,0
Fazalhaq Farooqi,2022-2022,3,1,1,2,2*,-,8,25,0,0,0,0,0
CRD Fernando,2008-2008,1,1,1,2,2*,-,1,200,0,0,0,0,0
Gurkeerat Singh,2013-2013,1,1,0,2,2,2,4,50,0,0,0,0,0
GB Hogg,2012-2012,1,1,0,2,2,2,5,40,0,0,0,0,0
Imran Tahir,2014-2021,6,1,1,2,2*,-,2,100,0,0,0,0,0
IR Jaggi,2012-2012,1,1,0,2,2,2,7,28.57,0,0,0,0,0
DC Jurel,2023-2024,2,1,0,2,2,2,3,66.66,0,0,0,0,0
S Randiv,2011-2011,1,1,0,2,2,2,4,50,0,0,0,0,0
S Kaul,2014-2022,5,1,0,2,2,2,9,22.22,0,0,0,0,0
B Lee,2011-2011,1,1,1,2,2*,-,3,66.66,0,0,0,0,0
S Nadeem,2011-2018,5,2,0,2,2,1,4,50,0,0,1,0,0
TD Paine,2011-2011,1,1,0,2,2,2,9,22.22,0,0,0,0,0
MM Patel,2008-2017,17,4,4,2,1*,-,7,28.57,0,0,0,0,0
M Rawat,2008-2008,1,1,0,2,2,2,4,50,0,0,0,0,0
NA Saini,2019-2022,3,1,0,2,2,2,4,50,0,0,0,0,0
Shoaib Akhtar,2008-2008,1,1,0,2,2,2,7,28.57,0,0,0,0,0
Simarjeet Singh,2022-2022,2,1,0,2,2,2,3,66.66,0,0,0,0,0
SB Wagh,2011-2011,1,1,0,2,2,2,2,100,0,0,0,0,0
VS Yeligati,2008-2008,1,1,0,2,2,2,2,100,0,0,0,0,0
JC Archer,2018-2023,4,1,1,1,1*,-,2,50,0,0,0,0,0
Bipul Sharma,2011-2011,1,1,0,1,1,1,2,50,0,0,0,0,0
RD Chahar,2019-2025,11,2,1,1,1*,1,3,33.33,0,0,1,0,0
A Chopra,2008-2008,1,1,0,1,1,1,4,25,0,0,0,0,0
M de Lange,2014-2014,1,1,0,1,1,1,2,50,0,0,0,0,0
RJ Harris,2011-2011,1,1,0,1,1,1,2,50,0,0,0,0,0
SH Johnson,2025-2025,1,1,1,1,1*,-,3,33.33,0,0,0,0,0
MK Lomror,2022-2024,4,2,0,1,1,0.5,4,25,0,0,1,0,0
R McLaren,2013-2013,1,1,0,1,1,1,3,33.33,0,0,0,0,0
M Manhas,2011-2014,2,2,0,1,1,0.5,2,50,0,0,1,0,0
Mustafizur Rahman,2017-2024,15,3,2,1,1,1,7,14.28,0,0,0,0,0
A Nehra,2008-2017,9,4,1,1,1,0.33,7,14.28,0,0,2,0,0
Noor Ahmad,2023-2025,2,1,0,1,1,1,3,33.33,0,0,0,0,0
RJ Peterson,2012-2012,2,2,1,1,1*,1,7,14.28,0,0,1,0,0
GD Phillips,2023-2023,1,1,0,1,1,1,4,25,0,0,0,0,0
D Pretorius,2022-2023,2,1,1,1,1*,-,1,100,0,0,0,0,0
DS Rathi,2025-2025,1,1,0,1,1,1,3,33.33,0,0,0,0,0
KW Richardson,2016-2021,2,1,1,1,1*,-,1,100,0,0,0,0,0
J Theron,2015-2015,1,1,1,1,1*,-,1,100,0,0,0,0,0
DJ Thornely,2008-2008,3,2,2,1,1*,-,11,9.09,0,0,0,0,0
MA Wood,2018-2018,1,1,0,1,1,1,3,33.33,0,0,0,0,0
S Aravind,2011-2017,3,1,0,0,0,0,0,-,0,0,1,0,0
VG Arora,2024-2024,1,1,1,0,0*,-,0,-,0,0,0,0,0
Arshdeep Singh,2021-2023,8,1,0,0,0,0,1,0,0,0,1,0,0
P Awana,2012-2014,3,1,1,0,0*,-,2,0,0,0,0,0,0
L Balaji,2008-2014,6,1,0,0,0,0,3,0,0,0,1,0,0
DE Bollinger,2011-2011,2,1,1,0,0*,-,1,0,0,0,0,0,0
HC Brook,2023-2023,1,1,0,0,0,0,1,0,0,0,1,0,0
AC Gilchrist,2011-2011,1,1,0,0,0,0,2,0,0,0,1,0,0
MS Gony,2008-2013,3,1,0,0,0,0,3,0,0,0,1,0,0
K Gowtham,2018-2022,4,2,1,0,0*,0,2,0,0,0,1,0,0
Joginder Sharma,2008-2011,2,1,0,0,0,0,1,0,0,0,1,0,0
CK Kapugedera,2008-2008,2,1,0,0,0,0,2,0,0,0,1,0,0
Kartik Tyagi,2022-2023,2,1,0,0,0,0,1,0,0,0,1,0,0
K Kushagra,2024-2024,1,1,0,0,0,0,1,0,0,0,1,0,0
MJ Lumb,2011-2011,1,1,0,0,0,0,2,0,0,0,1,0,0
BMAJ Mendis,2013-2013,1,1,0,0,0,0,1,0,0,0,1,0,0
RP Meredith,2021-2023,9,1,1,0,0*,-,0,-,0,0,0,0,0
AF Milne,2017-2022,2,1,1,0,0*,-,1,0,0,0,0,0,0
Y Nagar,2011-2012,2,1,0,0,0,0,1,0,0,0,1,0,0
KL Nagarkoti,2021-2021,1,1,0,0,0,0,2,0,0,0,1,0,0
M Prasidh Krishna,2018-2022,9,2,1,0,0*,0,1,0,0,0,1,0,0
V Pratap Singh,2012-2012,1,1,0,0,0,0,1,0,0,0,1,0,0
C Sakariya,2021-2022,7,2,1,0,0*,0,1,0,0,0,1,0,0
Sandeep Sharma,2014-2023,10,1,1,0,0*,-,1,0,0,0,0,0,0
R Sanjay Yadav,2022-2022,1,1,0,0,0,0,2,0,0,0,1,0,0
R Sathish,2011-2016,4,1,0,0,0,0,7,0,0,0,1,0,0
LR Shukla,2008-2008,1,1,0,0,0,0,4,0,0,0,1,0,0
A Singh,2011-2012,2,1,0,0,0,0,3,0,0,0,1,0,0
S Sreesanth,2008-2008,2,1,1,0,0*,-,2,0,0,0,0,0,0
M Theekshana,2022-2022,2,1,0,0,0,0,3,0,0,0,1,0,0
AC Thomas,2011-2011,1,1,1,0,0*,-,2,0,0,0,0,0,0
Umran Malik,2022-2023,5,2,1,0,0*,0,2,0,0,0,1,0,0
CV Varun,2021-2025,7,1,0,0,0,0,1,0,0,0,1,0,0
V Vyshak,2023-2024,2,1,0,0,0,0,1,0,0,0,1,0,0
SK Warne,2008-2011,2,1,0,0,0,0,1,0,0,0,1,0,0
DJ Willey,2022-2022,1,1,0,0,0,0,2,0,0,0,1,0,0
AN Ahmed,2011-2013,4,-,-,-,-,-,-,-,-,-,-,-,-
KK Ahmed,2019-2025,6,-,-,-,-,-,-,-,-,-,-,-,-
Anand Rajan,2011-2011,1,-,-,-,-,-,-,-,-,-,-,-,-
Ankit Sharma,2014-2015,2,-,-,-,-,-,-,-,-,-,-,-,-
Anureet Singh,2015-2015,1,-,-,-,-,-,-,-,-,-,-,-,-
Ashwani Kumar,2025-2025,2,-,-,-,-,-,-,-,-,-,-,-,-
S Badree,2014-2014,1,-,-,-,-,-,-,-,-,-,-,-,-
JP Behrendorff,2019-2023,9,-,-,-,-,-,-,-,-,-,-,-,-
BA Bhatt,2011-2012,2,-,-,-,-,-,-,-,-,-,-,-,-
N Burger,2024-2024,1,-,-,-,-,-,-,-,-,-,-,-,-
A Choudhary,2017-2017,1,-,-,-,-,-,-,-,-,-,-,-,-
MJ Dagar,2023-2023,1,-,-,-,-,-,-,-,-,-,-,-,-
TU Deshpande,2022-2024,3,-,-,-,-,-,-,-,-,-,-,-,-
NT Ellis,2022-2023,2,-,-,-,-,-,-,-,-,-,-,-,-
LH Ferguson,2017-2023,5,-,-,-,-,-,-,-,-,-,-,-,-
RV Gomez,2011-2011,1,-,-,-,-,-,-,-,-,-,-,-,-
HF Gurney,2019-2019,1,-,-,-,-,-,-,-,-,-,-,-,-
JR Hazlewood,2022-2025,5,-,-,-,-,-,-,-,-,-,-,-,-
MJ Henry,2017-2024,2,-,-,-,-,-,-,-,-,-,-,-,-
BW Hilfenhaus,2012-2012,1,-,-,-,-,-,-,-,-,-,-,-,-
SB Jakati,2011-2016,3,-,-,-,-,-,-,-,-,-,-,-,-
D Jansen,2023-2023,1,-,-,-,-,-,-,-,-,-,-,-,-
CJ Jordan,2023-2023,3,-,-,-,-,-,-,-,-,-,-,-,-
SB Joshi,2008-2008,1,-,-,-,-,-,-,-,-,-,-,-,-
A Kamboj,2024-2024,2,-,-,-,-,-,-,-,-,-,-,-,-
Karanveer Singh,2014-2014,1,-,-,-,-,-,-,-,-,-,-,-,-
K Kartikeya,2022-2023,6,-,-,-,-,-,-,-,-,-,-,-,-
U Kaul,2008-2008,1,-,-,-,-,-,-,-,-,-,-,-,-
Z Khan,2008-2017,6,-,-,-,-,-,-,-,-,-,-,-,-
MA Khote,2008-2008,1,-,-,-,-,-,-,-,-,-,-,-,-
OC McCoy,2022-2022,1,-,-,-,-,-,-,-,-,-,-,-,-
SSB Magala,2023-2023,1,-,-,-,-,-,-,-,-,-,-,-,-
E Malinga,2025-2025,1,-,-,-,-,-,-,-,-,-,-,-,-
KT Maphaka,2024-2024,1,-,-,-,-,-,-,-,-,-,-,-,-
LI Meriwala,2021-2021,1,-,-,-,-,-,-,-,-,-,-,-,-
A Mithun,2011-2011,1,-,-,-,-,-,-,-,-,-,-,-,-
Mohsin Khan,2022-2024,4,-,-,-,-,-,-,-,-,-,-,-,-
M Muralidaran,2008-2012,3,-,-,-,-,-,-,-,-,-,-,-,-
AG Murtaza,2011-2011,2,-,-,-,-,-,-,-,-,-,-,-,-
T Natarajan,2022-2024,3,-,-,-,-,-,-,-,-,-,-,-,-
Naveen-ul-Haq,2024-2024,1,-,-,-,-,-,-,-,-,-,-,-,-
L Ngidi,2018-2021,3,-,-,-,-,-,-,-,-,-,-,-,-
A Nortje,2022-2024,2,-,-,-,-,-,-,-,-,-,-,-,-
M Ntini,2008-2008,1,-,-,-,-,-,-,-,-,-,-,-,-
IC Pandey,2014-2015,3,-,-,-,-,-,-,-,-,-,-,-,-
M Pathirana,2022-2025,3,-,-,-,-,-,-,-,-,-,-,-,-
RV Pawar,2008-2008,1,-,-,-,-,-,-,-,-,-,-,-,-
V Puthur,2025-2025,2,-,-,-,-,-,-,-,-,-,-,-,-
RR Raje,2008-2008,2,-,-,-,-,-,-,-,-,-,-,-,-
AS Rajpoot,2017-2019,3,-,-,-,-,-,-,-,-,-,-,-,-
AS Roy,2022-2022,1,-,-,-,-,-,-,-,-,-,-,-,-
R Sai Kishore,2022-2022,2,-,-,-,-,-,-,-,-,-,-,-,-
BB Samantray,2013-2013,1,-,-,-,-,-,-,-,-,-,-,-,-
Sameer Rizvi,2024-2024,1,-,-,-,-,-,-,-,-,-,-,-,-
DJG Sammy,2013-2013,1,-,-,-,-,-,-,-,-,-,-,-,-
S Sandeep Warrier,2019-2019,1,-,-,-,-,-,-,-,-,-,-,-,-
Jalaj S Saxena,2021-2021,1,-,-,-,-,-,-,-,-,-,-,-,-
KR Sen,2022-2023,4,-,-,-,-,-,-,-,-,-,-,-,-
VRV Singh,2008-2008,2,-,-,-,-,-,-,-,-,-,-,-,-
PH Solanki,2022-2022,1,-,-,-,-,-,-,-,-,-,-,-,-
BB Sran,2019-2019,1,-,-,-,-,-,-,-,-,-,-,-,-
TM Srivastava,2008-2008,1,-,-,-,-,-,-,-,-,-,-,-,-
P Suyal,2013-2015,4,-,-,-,-,-,-,-,-,-,-,-,-
Suyash Sharma,2023-2025,2,-,-,-,-,-,-,-,-,-,-,-,-
YV Takawale,2008-2008,2,-,-,-,-,-,-,-,-,-,-,-,-
PV Tambe,2013-2016,3,-,-,-,-,-,-,-,-,-,-,-,-
AS Tendulkar,2023-2024,3,-,-,-,-,-,-,-,-,-,-,-,-
N Thushara,2024-2024,3,-,-,-,-,-,-,-,-,-,-,-,-
RJW Topley,2024-2024,1,-,-,-,-,-,-,-,-,-,-,-,-
AJ Tye,2017-2018,2,-,-,-,-,-,-,-,-,-,-,-,-
DL Vettori,2011-2011,1,-,-,-,-,-,-,-,-,-,-,-,-
GC Viljoen,2019-2019,1,-,-,-,-,-,-,-,-,-,-,-,-
D Wiese,2015-2015,1,-,-,-,-,-,-,-,-,-,-,-,-
MP Yadav,2025-2025,1,-,-,-,-,-,-,-,-,-,-,-,-
Yash Dayal,2022-2025,4,-,-,-,-,-,-,-,-,-,-,-,-
A Zampa,2017-2017,1,-,-,-,-,-,-,-,-,-,-,-,-
Zeeshan Ansari,2025-2025,1,-,-,-,-,-,-,-,-,-,-,-,-
