,,,,,,,,,venue Chennai,,,,,
Player,Span,Mat,Inns,NO,Runs,HS,Ave,BF,SR,100,50,0,4s,6s
MS Dhoni,2008-2025,75,65,27,1547,75*,40.71,1072,144.3,0,7,2,99,78
(Chennai Super Kings),,,,,,,,,,,,,,
SK Raina,2008-2019,56,55,5,1498,100*,29.96,1107,135.32,1,8,1,140,49
(Chennai Super Kings),,,,,,,,,,,,,,
M Vijay,2010-2019,30,30,2,928,127,33.14,693,133.91,2,3,1,82,40
"(Chennai Super Kings, Kings XI Punjab)",,,,,,,,,,,,,,
MEK Hussey,2008-2013,22,21,3,848,95,47.11,674,125.81,0,7,0,90,14
(Chennai Super Kings),,,,,,,,,,,,,,
RD Gaikwad,2023-2025,18,18,3,764,108*,50.93,539,141.74,1,6,1,79,22
(Chennai Super Kings),,,,,,,,,,,,,,
F du Plessis,2012-2024,20,18,2,588,73,36.75,486,120.98,0,4,0,43,19
"(Chennai Super Kings, Royal Challengers Bengaluru)",,,,,,,,,,,,,,
RA Jadeja,2011-2025,55,41,10,518,38*,16.7,430,120.46,0,0,3,31,18
"(Chennai Super Kings, Kochi Tuskers Kerala)",,,,,,,,,,,,,,
S Dube,2019-2025,22,21,5,496,66,31,323,153.56,0,2,1,26,38
"(Chennai Super Kings, Royal Challengers Bangalore)",,,,,,,,,,,,,,
JA Morkel,2008-2015,31,26,9,486,73*,28.58,330,147.27,0,3,2,32,26
"(Chennai Super Kings, Delhi Daredevils)",,,,,,,,,,,,,,
S Badrinath,2008-2013,39,26,8,438,64,24.33,375,116.8,0,3,1,45,7
(Chennai Super Kings),,,,,,,,,,,,,,
SR Watson,2010-2019,13,13,0,433,101,33.3,296,146.28,1,2,2,40,23
"(Chennai Super Kings, Rajasthan Royals)",,,,,,,,,,,,,,
DP Conway,2023-2025,10,10,2,415,92*,51.87,318,130.5,0,3,0,54,4
(Chennai Super Kings),,,,,,,,,,,,,,
V Kohli,2008-2025,14,14,0,414,58,29.57,375,110.4,0,2,0,29,10
"(Royal Challengers Bangalore, Royal Challengers Bengaluru)",,,,,,,,,,,,,,
BB McCullum,2008-2015,12,12,1,378,100*,34.36,271,139.48,1,2,1,39,20
"(Chennai Super Kings, Kochi Tuskers Kerala, Kolkata Knight Riders)",,,,,,,,,,,,,,
RG Sharma,2008-2025,16,16,1,364,67,24.26,298,122.14,0,2,3,28,15
"(Deccan Chargers, Mumbai Indians)",,,,,,,,,,,,,,
AB de Villiers,2008-2021,11,11,3,353,76*,44.12,216,163.42,0,3,0,37,9
"(Delhi Daredevils, Royal Challengers Bangalore)",,,,,,,,,,,,,,
AT Rayudu,2010-2023,22,21,6,333,42*,22.2,310,107.41,0,0,2,19,14
"(Chennai Super Kings, Mumbai Indians)",,,,,,,,,,,,,,
SA Yadav,2015-2025,11,10,1,329,71*,36.55,255,129.01,0,2,0,37,8
"(Kolkata Knight Riders, Mumbai Indians)",,,,,,,,,,,,,,
DJ Bravo,2008-2019,37,26,11,325,33*,21.66,237,137.13,0,0,0,20,14
"(Chennai Super Kings, Mumbai Indians)",,,,,,,,,,,,,,
DA Warner,2010-2023,13,13,0,322,57,24.76,289,111.41,0,3,2,21,10
"(Delhi Capitals, Delhi Daredevils, Sunrisers Hyderabad)",,,,,,,,,,,,,,
S Dhawan,2008-2023,10,10,2,299,63*,37.37,250,119.6,0,1,0,35,3
"(Deccan Chargers, Delhi Capitals, Delhi Daredevils, Mumbai Indians, Punjab Kings, Sunrisers Hyderabad)",,,,,,,,,,,,,,
ML Hayden,2008-2010,9,9,1,283,81,35.37,203,139.4,0,2,1,29,12
(Chennai Super Kings),,,,,,,,,,,,,,
PA Patel,2008-2019,11,11,0,276,57,25.09,270,102.22,0,2,0,31,4
"(Chennai Super Kings, Deccan Chargers, Kochi Tuskers Kerala, Mumbai Indians, Royal Challengers Bangalore)",,,,,,,,,,,,,,
AM Rahane,2011-2025,19,17,1,271,31,16.93,226,119.91,0,0,1,21,7
"(Chennai Super Kings, Kolkata Knight Riders, Rajasthan Royals)",,,,,,,,,,,,,,
MK Pandey,2010-2023,10,10,2,265,83*,33.12,218,121.55,0,2,0,18,11
"(Delhi Capitals, Kolkata Knight Riders, Pune Warriors, Royal Challengers Bangalore, Sunrisers Hyderabad)",,,,,,,,,,,,,,
JM Bairstow,2019-2024,7,7,1,257,63*,42.83,181,141.98,0,2,1,22,15
"(Punjab Kings, Sunrisers Hyderabad)",,,,,,,,,,,,,,
R Ravindra,2024-2025,8,8,1,238,65*,34,152,156.57,0,1,0,20,12
(Chennai Super Kings),,,,,,,,,,,,,,
KL Rahul,2015-2025,7,7,1,237,77,39.5,196,120.91,0,3,0,16,8
"(Delhi Capitals, Kings XI Punjab, Lucknow Super Giants, Punjab Kings, Sunrisers Hyderabad)",,,,,,,,,,,,,,
CH Gayle,2010-2021,8,8,1,231,89,33,158,146.2,0,2,1,20,14
"(Kings XI Punjab, Kolkata Knight Riders, Punjab Kings, Royal Challengers Bangalore)",,,,,,,,,,,,,,
N Rana,2018-2023,6,6,1,228,80,45.6,175,130.28,0,3,1,25,8
(Kolkata Knight Riders),,,,,,,,,,,,,,
JH Kallis,2008-2013,6,6,0,225,69,37.5,196,114.79,0,3,0,23,3
"(Kolkata Knight Riders, Royal Challengers Bangalore)",,,,,,,,,,,,,,
MS Bisla,2010-2013,4,4,0,215,92,53.75,147,146.25,0,2,0,26,7
"(Kings XI Punjab, Kolkata Knight Riders)",,,,,,,,,,,,,,
AD Russell,2012-2025,11,9,3,215,88*,35.83,147,146.25,0,2,0,15,16
"(Delhi Daredevils, Kolkata Knight Riders)",,,,,,,,,,,,,,
RA Tripathi,2019-2025,10,10,0,212,53,21.2,155,136.77,0,1,0,24,6
"(Chennai Super Kings, Kolkata Knight Riders, Rajasthan Royals, Sunrisers Hyderabad)",,,,,,,,,,,,,,
V Shankar,2019-2025,10,9,1,200,69*,25,161,124.22,0,1,0,9,8
"(Chennai Super Kings, Gujarat Titans, Sunrisers Hyderabad)",,,,,,,,,,,,,,
WP Saha,2008-2024,15,12,2,193,46*,19.3,172,112.2,0,0,0,17,8
"(Chennai Super Kings, Gujarat Titans, Kings XI Punjab, Kolkata Knight Riders, Sunrisers Hyderabad)",,,,,,,,,,,,,,
MA Agarwal,2011-2023,10,10,0,191,45,19.1,159,120.12,0,0,1,22,8
"(Delhi Daredevils, Kings XI Punjab, Punjab Kings, Royal Challengers Bangalore, Sunrisers Hyderabad)",,,,,,,,,,,,,,
KD Karthik,2008-2024,11,9,3,188,38*,31.33,158,118.98,0,0,0,19,5
"(Delhi Daredevils, Kolkata Knight Riders, Mumbai Indians, Royal Challengers Bangalore, Royal Challengers Bengaluru)",,,,,,,,,,,,,,
G Gambhir,2008-2015,7,7,1,187,63,31.16,160,116.87,0,3,1,19,2
"(Delhi Daredevils, Kolkata Knight Riders)",,,,,,,,,,,,,,
MP Stoinis,2021-2024,5,4,2,187,124*,93.5,110,170,1,0,0,18,8
"(Delhi Capitals, Lucknow Super Giants)",,,,,,,,,,,,,,
RV Uthappa,2008-2019,8,8,0,177,43,22.12,133,133.08,0,0,1,21,7
"(Kolkata Knight Riders, Mumbai Indians, Pune Warriors, Royal Challengers Bangalore)",,,,,,,,,,,,,,
GJ Maxwell,2021-2024,4,4,0,176,78,44,119,147.89,0,2,1,17,8
"(Royal Challengers Bangalore, Royal Challengers Bengaluru)",,,,,,,,,,,,,,
SE Marsh,2008-2015,4,4,0,173,73,43.25,121,142.97,0,2,0,16,7
(Kings XI Punjab),,,,,,,,,,,,,,
Ishan Kishan,2019-2025,9,9,0,167,44,18.55,174,95.97,0,0,0,13,4
"(Mumbai Indians, Sunrisers Hyderabad)",,,,,,,,,,,,,,
SM Curran,2019-2025,7,7,2,164,88,32.8,120,136.66,0,1,0,14,5
"(Chennai Super Kings, Kings XI Punjab, Punjab Kings)",,,,,,,,,,,,,,
SS Iyer,2015-2025,5,5,1,163,72,40.75,114,142.98,0,1,0,14,5
"(Delhi Capitals, Delhi Daredevils, Kolkata Knight Riders, Punjab Kings)",,,,,,,,,,,,,,
SPD Smith,2012-2021,6,6,2,161,39*,40.25,127,126.77,0,0,0,12,4
"(Delhi Capitals, Pune Warriors, Rajasthan Royals)",,,,,,,,,,,,,,
DJ Mitchell,2024-2024,7,7,2,157,52,31.4,113,138.93,0,1,0,15,4
(Chennai Super Kings),,,,,,,,,,,,,,
DR Smith,2013-2015,8,8,0,148,34,18.5,144,102.77,0,0,1,21,4
"(Chennai Super Kings, Mumbai Indians)",,,,,,,,,,,,,,
R Dravid,2008-2013,5,4,0,145,66,36.25,127,114.17,0,1,0,18,1
"(Rajasthan Royals, Royal Challengers Bangalore)",,,,,,,,,,,,,,
NV Ojha,2010-2015,5,5,1,144,94*,36,96,150,0,1,0,11,10
"(Delhi Daredevils, Rajasthan Royals, Sunrisers Hyderabad)",,,,,,,,,,,,,,
KA Pollard,2010-2021,12,10,4,144,57*,24,122,118.03,0,1,0,9,9
(Mumbai Indians),,,,,,,,,,,,,,
IK Pathan,2008-2013,5,5,2,140,44*,46.66,106,132.07,0,0,0,11,6
"(Delhi Daredevils, Kings XI Punjab)",,,,,,,,,,,,,,
Shubman Gill,2019-2024,6,6,0,128,42,21.33,101,126.73,0,0,0,12,6
"(Gujarat Titans, Kolkata Knight Riders)",,,,,,,,,,,,,,
D Padikkal,2021-2025,5,5,0,114,38,22.8,100,114,0,0,0,11,2
"(Lucknow Super Giants, Rajasthan Royals, Royal Challengers Bangalore, Royal Challengers Bengaluru)",,,,,,,,,,,,,,
CL White,2010-2013,4,4,1,113,77,37.66,87,129.88,0,1,0,12,3
"(Deccan Chargers, Royal Challengers Bangalore, Sunrisers Hyderabad)",,,,,,,,,,,,,,
H Klaasen,2023-2025,5,5,0,110,50,22,96,114.58,0,1,0,3,5
(Sunrisers Hyderabad),,,,,,,,,,,,,,
Prabhsimran Singh,2023-2025,3,3,0,109,54,36.33,70,155.71,0,1,0,10,6
(Punjab Kings),,,,,,,,,,,,,,
KS Williamson,2015-2021,3,3,3,108,66*,-,88,122.72,0,1,0,9,1
(Sunrisers Hyderabad),,,,,,,,,,,,,,
DA Miller,2012-2024,6,6,1,104,51*,20.8,77,135.06,0,1,0,11,2
"(Gujarat Titans, Kings XI Punjab)",,,,,,,,,,,,,,
HH Pandya,2015-2023,9,9,3,101,23*,16.83,81,124.69,0,0,1,8,4
"(Gujarat Titans, Mumbai Indians)",,,,,,,,,,,,,,
SR Tendulkar,2010-2013,4,4,1,101,45,33.66,75,134.66,0,0,1,14,1
(Mumbai Indians),,,,,,,,,,,,,,
Harbhajan Singh,2008-2021,17,7,3,100,33,25,72,138.88,0,0,0,5,8
"(Chennai Super Kings, Kolkata Knight Riders, Mumbai Indians)",,,,,,,,,,,,,,
Q de Kock,2013-2025,9,9,0,97,40,10.77,97,100,0,0,1,9,4
"(Kolkata Knight Riders, Lucknow Super Giants, Mumbai Indians, Sunrisers Hyderabad)",,,,,,,,,,,,,,
R Ashwin,2010-2025,47,14,5,95,30,10.55,90,105.55,0,0,2,8,2
"(Chennai Super Kings, Delhi Capitals, Kings XI Punjab, Rajasthan Royals)",,,,,,,,,,,,,,
SP Narine,2012-2025,9,5,0,95,44,19,49,193.87,0,0,0,5,10
(Kolkata Knight Riders),,,,,,,,,,,,,,
MM Ali,2019-2025,14,10,2,93,19,11.62,83,112.04,0,0,0,7,3
"(Chennai Super Kings, Kolkata Knight Riders, Royal Challengers Bangalore)",,,,,,,,,,,,,,
DJ Hooda,2015-2025,12,10,1,93,22,10.33,91,102.19,0,0,1,7,3
"(Chennai Super Kings, Lucknow Super Giants, Punjab Kings, Rajasthan Royals, Sunrisers Hyderabad)",,,,,,,,,,,,,,
AC Gilchrist,2008-2010,2,2,0,92,54,46,53,173.58,0,1,0,11,5
(Deccan Chargers),,,,,,,,,,,,,,
N Wadhera,2023-2025,3,3,0,92,64,30.66,66,139.39,0,1,0,11,3
"(Mumbai Indians, Punjab Kings)",,,,,,,,,,,,,,
GC Smith,2008-2008,1,1,0,91,91,91,51,178.43,0,1,0,9,4
(Rajasthan Royals),,,,,,,,,,,,,,
DC Jurel,2023-2024,3,3,1,88,56*,44,59,149.15,0,1,0,8,4
(Rajasthan Royals),,,,,,,,,,,,,,
Yuvraj Singh,2008-2015,4,4,0,88,43,22,82,107.31,0,0,0,7,2
"(Delhi Daredevils, Kings XI Punjab, Pune Warriors)",,,,,,,,,,,,,,
SS Tiwary,2010-2012,5,5,2,86,42*,28.66,83,103.61,0,0,0,3,3
"(Mumbai Indians, Royal Challengers Bangalore)",,,,,,,,,,,,,,
V Sehwag,2008-2015,6,6,0,81,71,13.5,57,142.1,0,1,1,8,4
"(Delhi Daredevils, Kings XI Punjab)",,,,,,,,,,,,,,
SP Fleming,2008-2008,5,5,0,80,45,16,77,103.89,0,0,0,7,3
(Chennai Super Kings),,,,,,,,,,,,,,
RK Singh,2018-2025,5,4,1,80,54,26.66,73,109.58,0,1,0,5,4
(Kolkata Knight Riders),,,,,,,,,,,,,,
JC Buttler,2019-2024,3,3,0,79,52,26.33,68,116.17,0,1,0,4,3
(Rajasthan Royals),,,,,,,,,,,,,,
KM Jadhav,2011-2021,12,9,4,78,20,15.6,85,91.76,0,0,0,7,1
"(Chennai Super Kings, Delhi Daredevils, Kochi Tuskers Kerala, Sunrisers Hyderabad)",,,,,,,,,,,,,,
RR Rossouw,2023-2024,2,2,0,78,43,39,60,130,0,0,0,7,3
"(Delhi Capitals, Punjab Kings)",,,,,,,,,,,,,,
YBK Jaiswal,2023-2024,3,3,0,76,42,25.33,50,152,0,0,0,9,4
(Rajasthan Royals),,,,,,,,,,,,,,
EJG Morgan,2011-2021,5,5,1,76,32*,19,61,124.59,0,0,0,5,4
(Kolkata Knight Riders),,,,,,,,,,,,,,
LR Shukla,2008-2012,5,5,1,76,42,19,59,128.81,0,0,0,6,3
(Kolkata Knight Riders),,,,,,,,,,,,,,
MK Tiwary,2010-2012,4,4,1,76,27,25.33,62,122.58,0,0,0,6,2
(Kolkata Knight Riders),,,,,,,,,,,,,,
S Anirudha,2008-2013,10,6,2,75,64,18.75,73,102.73,0,1,1,6,2
(Chennai Super Kings),,,,,,,,,,,,,,
SN Khan,2015-2019,2,2,0,75,67,37.5,67,111.94,0,1,0,5,2
"(Kings XI Punjab, Royal Challengers Bangalore)",,,,,,,,,,,,,,
AD Mathews,2010-2012,2,2,0,75,48,37.5,70,107.14,0,0,0,4,2
"(Kolkata Knight Riders, Pune Warriors)",,,,,,,,,,,,,,
D Brevis,2025-2025,2,2,0,74,42,37,51,145.09,0,0,0,3,5
(Chennai Super Kings),,,,,,,,,,,,,,
DPMD Jayawardene,2008-2012,4,4,0,74,55,18.5,59,125.42,0,1,0,5,3
"(Delhi Daredevils, Kings XI Punjab)",,,,,,,,,,,,,,
Mandeep Singh,2012-2019,4,4,1,72,56,24,66,109.09,0,1,1,7,1
"(Kings XI Punjab, Royal Challengers Bangalore)",,,,,,,,,,,,,,
CA Lynn,2018-2021,3,3,0,71,49,23.66,56,126.78,0,0,1,8,3
"(Kolkata Knight Riders, Mumbai Indians)",,,,,,,,,,,,,,
KR Mayers,2023-2023,2,2,0,71,53,35.5,35,202.85,0,1,0,11,2
(Lucknow Super Giants),,,,,,,,,,,,,,
Abhishek Sharma,2021-2025,8,7,0,70,34,10,57,122.8,0,0,1,5,3
(Sunrisers Hyderabad),,,,,,,,,,,,,,
Sameer Rizvi,2024-2025,6,4,1,70,21,23.33,52,134.61,0,0,0,5,3
"(Chennai Super Kings, Delhi Capitals)",,,,,,,,,,,,,,
AJ Finch,2013-2013,1,1,0,67,67,67,45,148.88,0,1,0,10,2
(Pune Warriors),,,,,,,,,,,,,,
Y Venugopal Rao,2008-2012,4,3,0,67,30,22.33,51,131.37,0,0,0,2,5
"(Deccan Chargers, Delhi Daredevils)",,,,,,,,,,,,,,
TM Head,2024-2025,4,4,0,66,34,16.5,52,126.92,0,0,1,8,2
(Sunrisers Hyderabad),,,,,,,,,,,,,,
N Pooran,2021-2024,5,4,0,66,34,16.5,34,194.11,0,0,2,5,5
"(Lucknow Super Giants, Punjab Kings)",,,,,,,,,,,,,,
C Green,2023-2024,3,3,0,65,41,21.66,49,132.65,0,0,0,8,1
"(Mumbai Indians, Royal Challengers Bengaluru)",,,,,,,,,,,,,,
AK Markram,2023-2024,4,4,0,65,32,16.25,63,103.17,0,0,0,8,0
(Sunrisers Hyderabad),,,,,,,,,,,,,,
VR Iyer,2023-2025,4,3,1,64,52*,32,38,168.42,0,1,0,6,3
(Kolkata Knight Riders),,,,,,,,,,,,,,
PP Shaw,2019-2021,3,3,0,64,53,21.33,49,130.61,0,1,0,9,1
(Delhi Capitals),,,,,,,,,,,,,,
BJ Hodge,2011-2013,3,3,3,63,51*,-,53,118.86,0,1,0,4,2
"(Kochi Tuskers Kerala, Rajasthan Royals)",,,,,,,,,,,,,,
S Vidyut,2008-2008,3,3,0,62,54,20.66,44,140.9,0,1,1,9,1
(Chennai Super Kings),,,,,,,,,,,,,,
AR Patel,2015-2025,5,4,0,60,21,15,45,133.33,0,0,0,5,3
"(Delhi Capitals, Kings XI Punjab)",,,,,,,,,,,,,,
RM Patidar,2021-2025,4,4,0,60,51,15,45,133.33,0,1,1,5,3
"(Royal Challengers Bangalore, Royal Challengers Bengaluru)",,,,,,,,,,,,,,
P Negi,2012-2015,4,4,1,59,36,19.66,33,178.78,0,0,0,5,3
"(Chennai Super Kings, Delhi Daredevils)",,,,,,,,,,,,,,
SV Samson,2015-2024,5,5,0,59,26,11.8,59,100,0,0,1,3,2
(Rajasthan Royals),,,,,,,,,,,,,,
NT Tilak Varma,2023-2025,2,2,0,57,31,28.5,47,121.27,0,0,0,2,4
(Mumbai Indians),,,,,,,,,,,,,,
SW Billings,2018-2018,1,1,0,56,56,56,23,243.47,0,1,0,2,5
(Chennai Super Kings),,,,,,,,,,,,,,
S Sohal,2011-2011,1,1,0,56,56,56,30,186.66,0,1,0,6,4
(Deccan Chargers),,,,,,,,,,,,,,
HH Gibbs,2008-2010,2,2,0,55,45,27.5,46,119.56,0,0,0,6,2
(Deccan Chargers),,,,,,,,,,,,,,
YK Pathan,2008-2019,8,8,2,55,13,9.16,57,96.49,0,0,0,2,1
"(Kolkata Knight Riders, Rajasthan Royals, Sunrisers Hyderabad)",,,,,,,,,,,,,,
OA Shah,2011-2012,2,2,0,55,52,27.5,46,119.56,0,1,0,4,3
"(Kochi Tuskers Kerala, Rajasthan Royals)",,,,,,,,,,,,,,
BA Stokes,2019-2023,2,2,0,54,46,27,34,158.82,0,0,0,2,3
"(Chennai Super Kings, Rajasthan Royals)",,,,,,,,,,,,,,
Kamran Akmal,2008-2008,1,1,1,53,53*,-,28,189.28,0,1,0,4,3
(Rajasthan Royals),,,,,,,,,,,,,,
R Parag,2024-2024,2,2,1,53,47*,53,45,117.77,0,0,0,1,3
(Rajasthan Royals),,,,,,,,,,,,,,
K Nitish Kumar Reddy,2024-2025,4,4,1,52,19*,17.33,48,108.33,0,0,0,3,1
(Sunrisers Hyderabad),,,,,,,,,,,,,,
LRPL Taylor,2011-2013,3,3,0,52,24,17.33,41,126.82,0,0,0,3,2
"(Delhi Daredevils, Pune Warriors, Rajasthan Royals)",,,,,,,,,,,,,,
RE Levi,2012-2012,1,1,0,50,50,50,35,142.85,0,1,0,6,3
(Mumbai Indians),,,,,,,,,,,,,,
LS Livingstone,2023-2025,2,2,0,50,40,25,33,151.51,0,0,0,1,5
"(Punjab Kings, Royal Challengers Bengaluru)",,,,,,,,,,,,,,
A Symonds,2010-2010,1,1,0,50,50,50,43,116.27,0,1,0,3,3
(Deccan Chargers),,,,,,,,,,,,,,
Abdul Samad,2021-2024,6,6,1,49,19*,9.8,41,119.51,0,0,2,2,3
(Sunrisers Hyderabad),,,,,,,,,,,,,,
SO Hetmyer,2019-2024,5,5,2,49,30*,16.33,41,119.51,0,0,1,4,2
"(Delhi Capitals, Rajasthan Royals, Royal Challengers Bangalore)",,,,,,,,,,,,,,
RR Pant,2019-2021,3,3,0,49,37,16.33,38,128.94,0,0,0,6,1
(Delhi Capitals),,,,,,,,,,,,,,
PD Salt,2023-2025,3,3,0,49,32,16.33,28,175,0,0,1,6,3
"(Delhi Capitals, Kolkata Knight Riders, Royal Challengers Bengaluru)",,,,,,,,,,,,,,
Shakib Al Hasan,2012-2021,5,4,1,49,26,16.33,46,106.52,0,0,0,3,1
"(Kolkata Knight Riders, Sunrisers Hyderabad)",,,,,,,,,,,,,,
Anuj Rawat,2024-2024,1,1,0,48,48,48,25,192,0,0,0,4,3
(Royal Challengers Bengaluru),,,,,,,,,,,,,,
Rashid Khan,2019-2024,8,5,0,48,30,9.6,29,165.51,0,0,2,4,3
"(Gujarat Titans, Sunrisers Hyderabad)",,,,,,,,,,,,,,
Shahbaz Ahmed,2021-2024,6,5,0,48,18,9.6,42,114.28,0,0,0,1,3
"(Royal Challengers Bangalore, Sunrisers Hyderabad)",,,,,,,,,,,,,,
Shashank Singh,2024-2025,2,2,1,48,25*,48,38,126.31,0,0,0,2,3
(Punjab Kings),,,,,,,,,,,,,,
KH Pandya,2019-2025,11,10,1,47,15,5.22,54,87.03,0,0,2,5,1
"(Lucknow Super Giants, Mumbai Indians, Royal Challengers Bengaluru)",,,,,,,,,,,,,,
SC Ganguly,2008-2012,3,3,0,46,24,15.33,57,80.7,0,0,0,7,0
"(Kolkata Knight Riders, Pune Warriors)",,,,,,,,,,,,,,
M Manhas,2010-2011,2,2,1,45,25*,45,55,81.81,0,0,0,2,1
"(Delhi Daredevils, Pune Warriors)",,,,,,,,,,,,,,
Y Nagar,2011-2012,2,2,2,45,44*,-,49,91.83,0,0,0,1,1
(Delhi Daredevils),,,,,,,,,,,,,,
AM Nayar,2008-2013,2,2,2,45,45*,-,21,214.28,0,0,0,6,1
"(Mumbai Indians, Pune Warriors)",,,,,,,,,,,,,,
T Stubbs,2023-2025,2,2,1,44,24*,44,33,133.33,0,0,0,4,1
"(Delhi Capitals, Mumbai Indians)",,,,,,,,,,,,,,
STR Binny,2011-2013,3,2,2,43,36*,-,29,148.27,0,0,0,3,1
(Rajasthan Royals),,,,,,,,,,,,,,
SA Asnodkar,2008-2008,1,1,0,41,41,41,27,151.85,0,0,0,5,2
(Rajasthan Royals),,,,,,,,,,,,,,
JEC Franklin,2011-2012,2,2,1,41,25*,41,47,87.23,0,0,0,2,1
(Mumbai Indians),,,,,,,,,,,,,,
SB Styris,2008-2011,2,2,2,41,36*,-,43,95.34,0,0,0,4,1
"(Chennai Super Kings, Deccan Chargers)",,,,,,,,,,,,,,
PJ Cummins,2015-2025,8,6,1,40,24,8,36,111.11,0,0,2,4,2
"(Kolkata Knight Riders, Sunrisers Hyderabad)",,,,,,,,,,,,,,
Rahmanullah Gurbaz,2023-2024,2,2,0,40,39,20,36,111.11,0,0,0,5,2
(Kolkata Knight Riders),,,,,,,,,,,,,,
A Ashish Reddy,2012-2013,2,2,1,39,36*,39,19,205.26,0,0,0,2,3
"(Deccan Chargers, Sunrisers Hyderabad)",,,,,,,,,,,,,,
AL Menaria,2011-2012,2,2,0,38,36,19,42,90.47,0,0,0,2,1
(Rajasthan Royals),,,,,,,,,,,,,,
LMP Simmons,2015-2015,1,1,0,38,38,38,31,122.58,0,0,0,3,2
(Mumbai Indians),,,,,,,,,,,,,,
RN ten Doeschate,2015-2015,1,1,1,38,38*,-,28,135.71,0,0,0,3,2
(Kolkata Knight Riders),,,,,,,,,,,,,,
TH David,2023-2025,3,3,1,37,22*,18.5,25,148,0,0,0,2,3
"(Mumbai Indians, Royal Challengers Bengaluru)",,,,,,,,,,,,,,
MJ Lumb,2010-2010,1,1,0,37,37,37,26,142.3,0,0,0,6,1
(Rajasthan Royals),,,,,,,,,,,,,,
A Mhatre,2025-2025,2,2,0,37,30,18.5,25,148,0,0,0,7,0
(Chennai Super Kings),,,,,,,,,,,,,,
B Sai Sudharsan,2024-2024,1,1,0,37,37,37,31,119.35,0,0,0,3,0
(Gujarat Titans),,,,,,,,,,,,,,
PP Chawla,2008-2023,9,6,2,35,17,8.75,38,92.1,0,0,2,3,2
"(Kings XI Punjab, Kolkata Knight Riders, Mumbai Indians)",,,,,,,,,,,,,,
MJ Santner,2019-2025,4,3,1,34,22,17,34,100,0,0,0,1,2
"(Chennai Super Kings, Mumbai Indians)",,,,,,,,,,,,,,
Lalit Yadav,2021-2023,2,2,1,34,22*,34,30,113.33,0,0,0,4,0
(Delhi Capitals),,,,,,,,,,,,,,
Abishek Porel,2025-2025,1,1,0,33,33,33,20,165,0,0,0,4,1
(Delhi Capitals),,,,,,,,,,,,,,
JM Sharma,2023-2025,3,2,0,33,21,16.5,16,206.25,0,0,0,3,2
"(Punjab Kings, Royal Challengers Bengaluru)",,,,,,,,,,,,,,
DT Christian,2011-2021,5,5,1,32,27*,8,32,100,0,0,0,2,1
"(Deccan Chargers, Royal Challengers Bangalore)",,,,,,,,,,,,,,
E Lewis,2019-2019,1,1,0,32,32,32,30,106.66,0,0,0,3,1
(Mumbai Indians),,,,,,,,,,,,,,
PHKD Mendis,2025-2025,1,1,1,32,32*,-,22,145.45,0,0,0,3,0
(Sunrisers Hyderabad),,,,,,,,,,,,,,
J Botha,2011-2013,2,2,0,31,23,15.5,26,119.23,0,0,0,4,1
"(Delhi Daredevils, Rajasthan Royals)",,,,,,,,,,,,,,
KC Sangakkara,2010-2012,3,3,0,31,15,10.33,33,93.93,0,0,0,3,1
"(Deccan Chargers, Kings XI Punjab)",,,,,,,,,,,,,,
DL Chahar,2018-2025,20,3,2,29,28*,29,19,152.63,0,0,1,2,2
"(Chennai Super Kings, Mumbai Indians)",,,,,,,,,,,,,,
DJ Hussey,2008-2013,4,4,0,29,22,7.25,25,116,0,0,2,3,1
"(Kings XI Punjab, Kolkata Knight Riders)",,,,,,,,,,,,,,
A Mishra,2010-2021,8,4,0,29,15,7.25,41,70.73,0,0,0,3,0
"(Deccan Chargers, Delhi Capitals, Delhi Daredevils, Sunrisers Hyderabad)",,,,,,,,,,,,,,
CH Morris,2013-2019,8,6,5,29,16*,29,22,131.81,0,0,1,0,1
"(Chennai Super Kings, Delhi Capitals, Rajasthan Royals)",,,,,,,,,,,,,,
K Gowtham,2019-2023,3,3,1,28,17*,14,22,127.27,0,0,0,0,2
"(Lucknow Super Giants, Rajasthan Royals)",,,,,,,,,,,,,,
JC Archer,2019-2023,2,2,2,27,24*,-,13,207.69,0,0,0,1,2
"(Mumbai Indians, Rajasthan Royals)",,,,,,,,,,,,,,
KA Jamieson,2021-2021,3,3,1,27,12,13.5,17,158.82,0,0,0,3,1
(Royal Challengers Bangalore),,,,,,,,,,,,,,
P Kumar,2008-2013,4,2,1,27,21,27,17,158.82,0,0,0,2,1
"(Kings XI Punjab, Royal Challengers Bangalore)",,,,,,,,,,,,,,
Washington Sundar,2021-2023,4,3,0,27,10,9,33,81.81,0,0,0,2,0
"(Royal Challengers Bangalore, Sunrisers Hyderabad)",,,,,,,,,,,,,,
MN Samuels,2012-2012,1,1,0,26,26,26,24,108.33,0,0,0,2,1
(Pune Warriors),,,,,,,,,,,,,,
A Badoni,2023-2024,3,2,0,24,23,12,25,96,0,0,0,0,0
(Lucknow Super Giants),,,,,,,,,,,,,,
M Kaif,2008-2010,2,2,0,24,14,12,23,104.34,0,0,0,1,0
"(Kings XI Punjab, Rajasthan Royals)",,,,,,,,,,,,,,
A Raghuvanshi,2024-2024,1,1,0,24,24,24,18,133.33,0,0,0,3,1
(Kolkata Knight Riders),,,,,,,,,,,,,,
JD Ryder,2011-2012,2,2,0,24,15,12,21,114.28,0,0,0,3,1
(Pune Warriors),,,,,,,,,,,,,,
M Shahrukh Khan,2021-2023,3,2,1,24,22,24,20,120,0,0,0,0,2
(Punjab Kings),,,,,,,,,,,,,,
UT Yadav,2010-2024,7,5,2,24,12*,8,35,68.57,0,0,1,0,2
"(Delhi Daredevils, Gujarat Titans, Kolkata Knight Riders, Royal Challengers Bangalore)",,,,,,,,,,,,,,
P Arya,2025-2025,1,1,0,23,23,23,15,153.33,0,0,0,5,0
(Punjab Kings),,,,,,,,,,,,,,
RS Bopara,2010-2015,2,2,0,23,22,11.5,23,100,0,0,0,0,2
"(Kings XI Punjab, Sunrisers Hyderabad)",,,,,,,,,,,,,,
MS Gony,2008-2013,10,5,3,23,15*,11.5,21,109.52,0,0,0,1,2
"(Chennai Super Kings, Kings XI Punjab)",,,,,,,,,,,,,,
KP Pietersen,2010-2010,1,1,1,23,23*,-,14,164.28,0,0,0,2,1
(Royal Challengers Bangalore),,,,,,,,,,,,,,
J Yadav,2019-2021,3,2,1,23,23,23,22,104.54,0,0,0,1,0
(Mumbai Indians),,,,,,,,,,,,,,
AN Ahmed,2010-2012,3,2,2,22,18*,-,20,110,0,0,0,1,1
(Mumbai Indians),,,,,,,,,,,,,,
JP Duminy,2011-2015,2,2,0,22,17,11,16,137.5,0,0,0,2,0
"(Deccan Chargers, Delhi Daredevils)",,,,,,,,,,,,,,
JR Hopes,2008-2011,2,2,0,22,14,11,13,169.23,0,0,0,1,1
"(Delhi Daredevils, Kings XI Punjab)",,,,,,,,,,,,,,
JM Kemp,2010-2010,2,1,0,22,22,22,16,137.5,0,0,0,1,1
(Chennai Super Kings),,,,,,,,,,,,,,
R Sathish,2010-2013,3,3,1,22,18*,11,27,81.48,0,0,1,1,0
"(Kings XI Punjab, Mumbai Indians)",,,,,,,,,,,,,,
M Jansen,2021-2025,4,4,2,21,17*,10.5,27,77.77,0,0,2,2,0
"(Mumbai Indians, Punjab Kings, Sunrisers Hyderabad)",,,,,,,,,,,,,,
Z Khan,2011-2012,4,2,1,21,21,21,21,100,0,0,0,2,0
(Royal Challengers Bangalore),,,,,,,,,,,,,,
AB Agarkar,2008-2011,3,2,1,20,11,20,14,142.85,0,0,0,3,0
"(Delhi Daredevils, Kolkata Knight Riders)",,,,,,,,,,,,,,
ST Jayasuriya,2008-2008,1,1,0,20,20,20,11,181.81,0,0,0,4,0
(Mumbai Indians),,,,,,,,,,,,,,
RR Sarwan,2008-2008,1,1,0,20,20,20,22,90.9,0,0,0,0,0
(Kings XI Punjab),,,,,,,,,,,,,,
Shahid Afridi,2008-2008,1,1,1,20,20*,-,6,333.33,0,0,0,2,2
(Deccan Chargers),,,,,,,,,,,,,,
J Suchith,2015-2021,3,2,1,20,14*,20,21,95.23,0,0,0,2,1
"(Delhi Capitals, Mumbai Indians, Sunrisers Hyderabad)",,,,,,,,,,,,,,
DE Bollinger,2010-2012,14,2,1,19,16*,19,19,100,0,0,0,1,1
(Chennai Super Kings),,,,,,,,,,,,,,
Y Gnaneswara Rao,2011-2011,1,1,0,19,19,19,17,111.76,0,0,0,3,0
(Kochi Tuskers Kerala),,,,,,,,,,,,,,
DJG Sammy,2013-2013,1,1,0,19,19,19,12,158.33,0,0,0,2,1
(Sunrisers Hyderabad),,,,,,,,,,,,,,
AU Verma,2025-2025,1,1,0,19,19,19,19,100,0,0,0,0,2
(Sunrisers Hyderabad),,,,,,,,,,,,,,
Azhar Mahmood,2012-2012,1,1,0,18,18,18,12,150,0,0,0,0,2
(Kings XI Punjab),,,,,,,,,,,,,,
L Balaji,2008-2013,8,3,0,18,15,6,22,81.81,0,0,1,1,1
"(Chennai Super Kings, Kolkata Knight Riders)",,,,,,,,,,,,,,
HC Brook,2023-2023,1,1,0,18,18,18,13,138.46,0,0,0,3,0
(Sunrisers Hyderabad),,,,,,,,,,,,,,
MV Boucher,2008-2008,1,1,0,17,17,17,15,113.33,0,0,0,3,0
(Royal Challengers Bangalore),,,,,,,,,,,,,,
B Chipli,2011-2011,1,1,0,17,17,17,15,113.33,0,0,0,0,0
(Deccan Chargers),,,,,,,,,,,,,,
Naman Dhir,2025-2025,1,1,0,17,17,17,12,141.66,0,0,0,1,0
(Mumbai Indians),,,,,,,,,,,,,,
SM Pollock,2008-2008,1,1,0,17,17,17,15,113.33,0,0,0,0,1
(Mumbai Indians),,,,,,,,,,,,,,
MD Shanaka,2023-2023,1,1,0,17,17,17,16,106.25,0,0,0,1,1
(Gujarat Titans),,,,,,,,,,,,,,
D Wiese,2015-2015,1,1,0,17,17,17,14,121.42,0,0,0,2,0
(Royal Challengers Bangalore),,,,,,,,,,,,,,
UBT Chand,2013-2013,1,1,0,16,16,16,12,133.33,0,0,0,2,1
(Delhi Daredevils),,,,,,,,,,,,,,
JP Faulkner,2013-2015,2,1,0,16,16,16,13,123.07,0,0,0,2,0
(Rajasthan Royals),,,,,,,,,,,,,,
Joginder Sharma,2008-2008,4,2,1,16,16,16,10,160,0,0,0,1,1
(Chennai Super Kings),,,,,,,,,,,,,,
Mohammad Hafeez,2008-2008,1,1,0,16,16,16,24,66.66,0,0,0,1,0
(Kolkata Knight Riders),,,,,,,,,,,,,,
NL McCullum,2011-2011,1,1,0,15,15,15,16,93.75,0,0,0,0,0
(Pune Warriors),,,,,,,,,,,,,,
Virat Singh,2021-2021,3,2,0,15,11,7.5,26,57.69,0,0,0,1,0
(Sunrisers Hyderabad),,,,,,,,,,,,,,
RD Chahar,2019-2024,9,3,0,14,8,4.66,13,107.69,0,0,1,1,0
"(Mumbai Indians, Punjab Kings)",,,,,,,,,,,,,,
MC Henriques,2021-2021,2,1,0,14,14,14,17,82.35,0,0,0,0,0
(Punjab Kings),,,,,,,,,,,,,,
Mohammad Nabi,2021-2021,1,1,0,14,14,14,11,127.27,0,0,0,2,0
(Sunrisers Hyderabad),,,,,,,,,,,,,,
AUK Pathan,2011-2011,1,1,0,14,14,14,5,280,0,0,0,2,1
(Royal Challengers Bangalore),,,,,,,,,,,,,,
RE van der Merwe,2012-2013,2,1,0,14,14,14,16,87.5,0,0,0,1,0
(Delhi Daredevils),,,,,,,,,,,,,,
JJ van der Wath,2011-2011,1,1,1,14,14*,-,10,140,0,0,0,1,1
(Royal Challengers Bangalore),,,,,,,,,,,,,,
LA Pomersbach,2011-2013,3,3,0,13,7,4.33,16,81.25,0,0,0,1,0
"(Kings XI Punjab, Royal Challengers Bangalore)",,,,,,,,,,,,,,
Ramandeep Singh,2024-2025,3,1,0,13,13,13,12,108.33,0,0,0,0,1
(Kolkata Knight Riders),,,,,,,,,,,,,,
RD Rickelton,2025-2025,1,1,0,13,13,13,7,185.71,0,0,0,3,0
(Mumbai Indians),,,,,,,,,,,,,,
Sikandar Raza,2023-2023,1,1,1,13,13*,-,7,185.71,0,0,0,1,0
(Punjab Kings),,,,,,,,,,,,,,
A Taide,2023-2023,1,1,0,13,13,13,17,76.47,0,0,0,0,0
(Punjab Kings),,,,,,,,,,,,,,
VVS Laxman,2010-2010,1,1,0,12,12,12,11,109.09,0,0,0,2,0
(Deccan Chargers),,,,,,,,,,,,,,
JJ Roy,2023-2023,1,1,0,12,12,12,15,80,0,0,0,1,0
(Kolkata Knight Riders),,,,,,,,,,,,,,
Azmatullah Omarzai,2024-2025,2,1,0,11,11,11,10,110,0,0,0,1,0
"(Gujarat Titans, Punjab Kings)",,,,,,,,,,,,,,
DB Das,2012-2013,2,1,1,11,11*,-,4,275,0,0,0,2,0
(Kolkata Knight Riders),,,,,,,,,,,,,,
WG Jacks,2025-2025,1,1,0,11,11,11,7,157.14,0,0,0,2,0
(Mumbai Indians),,,,,,,,,,,,,,
A Mithun,2011-2011,2,1,0,11,11,11,8,137.5,0,0,0,2,0
(Royal Challengers Bangalore),,,,,,,,,,,,,,
SK Rasheed,2025-2025,2,2,0,11,11,5.5,13,84.61,0,0,1,1,1
(Chennai Super Kings),,,,,,,,,,,,,,
Anureet Singh,2015-2015,1,1,0,10,10,10,20,50,0,0,0,0,0
(Kings XI Punjab),,,,,,,,,,,,,,
AC Blizzard,2011-2011,1,1,0,10,10,10,11,90.9,0,0,0,2,0
(Mumbai Indians),,,,,,,,,,,,,,
SP Goswami,2008-2012,2,1,0,10,10,10,19,52.63,0,0,0,1,0
"(Rajasthan Royals, Royal Challengers Bangalore)",,,,,,,,,,,,,,
T Kohler-Cadmore,2024-2024,1,1,0,10,10,10,16,62.5,0,0,0,1,0
(Rajasthan Royals),,,,,,,,,,,,,,
KK Nair,2015-2015,1,1,0,10,10,10,12,83.33,0,0,0,1,0
(Rajasthan Royals),,,,,,,,,,,,,,
Noor Ahmad,2023-2025,7,5,2,10,7*,3.33,19,52.63,0,0,1,1,0
"(Chennai Super Kings, Gujarat Titans)",,,,,,,,,,,,,,
RV Patel,2023-2023,1,1,0,10,10,10,16,62.5,0,0,0,0,0
(Delhi Capitals),,,,,,,,,,,,,,
TL Suman,2010-2013,2,1,1,10,10*,-,5,200,0,0,0,2,0
"(Deccan Chargers, Pune Warriors)",,,,,,,,,,,,,,
X Thalaivan Sargunam,2013-2013,1,1,0,10,10,10,17,58.82,0,0,0,0,0
(Sunrisers Hyderabad),,,,,,,,,,,,,,
JD Unadkat,2019-2025,5,4,1,10,5,3.33,15,66.66,0,0,0,1,0
"(Rajasthan Royals, Sunrisers Hyderabad)",,,,,,,,,,,,,,
MA Wood,2023-2023,1,1,1,10,10*,-,3,333.33,0,0,0,1,1
(Lucknow Super Giants),,,,,,,,,,,,,,
M Ashwin,2019-2021,2,1,0,9,9,9,10,90,0,0,0,1,0
"(Kings XI Punjab, Punjab Kings)",,,,,,,,,,,,,,
MA Khote,2008-2008,1,1,0,9,9,9,5,180,0,0,0,0,1
(Mumbai Indians),,,,,,,,,,,,,,
B Kumar,2012-2025,13,6,5,9,4*,9,14,64.28,0,0,0,0,0
"(Pune Warriors, Royal Challengers Bengaluru, Sunrisers Hyderabad)",,,,,,,,,,,,,,
MD Mishra,2011-2011,1,1,0,9,9,9,9,100,0,0,0,1,0
(Pune Warriors),,,,,,,,,,,,,,
R Tewatia,2023-2024,2,2,0,9,6,4.5,16,56.25,0,0,0,1,0
(Gujarat Titans),,,,,,,,,,,,,,
CA Ingram,2011-2019,2,2,0,8,7,4,17,47.05,0,0,0,1,0
"(Delhi Capitals, Delhi Daredevils)",,,,,,,,,,,,,,
AA Jhunjhunwala,2010-2012,2,2,1,8,7,8,5,160,0,0,0,0,1
"(Deccan Chargers, Rajasthan Royals)",,,,,,,,,,,,,,
M Kartik,2008-2013,4,3,2,8,4*,8,8,100,0,0,0,0,0
"(Kolkata Knight Riders, Pune Warriors, Royal Challengers Bangalore)",,,,,,,,,,,,,,
AB McDonald,2011-2011,1,1,0,8,8,8,7,114.28,0,0,0,0,0
(Delhi Daredevils),,,,,,,,,,,,,,
Mohammed Shami,2013-2025,6,2,0,8,5,4,8,100,0,0,0,1,0
"(Gujarat Titans, Kings XI Punjab, Kolkata Knight Riders, Punjab Kings, Sunrisers Hyderabad)",,,,,,,,,,,,,,
DH Yagnik,2011-2013,2,2,1,8,7,8,9,88.88,0,0,0,1,0
(Rajasthan Royals),,,,,,,,,,,,,,
Bipul Sharma,2012-2012,1,1,0,7,7,7,5,140,0,0,0,1,0
(Kings XI Punjab),,,,,,,,,,,,,,
S Kaul,2013-2021,3,1,1,7,7*,-,9,77.77,0,0,0,0,0
"(Delhi Daredevils, Sunrisers Hyderabad)",,,,,,,,,,,,,,
SL Malinga,2010-2019,5,1,0,7,7,7,5,140,0,0,0,0,1
(Mumbai Indians),,,,,,,,,,,,,,
MR Marsh,2013-2023,2,2,0,7,5,3.5,8,87.5,0,0,0,1,0
"(Delhi Capitals, Pune Warriors)",,,,,,,,,,,,,,
B Akhil,2008-2008,1,1,1,6,6*,-,7,85.71,0,0,0,1,0
(Royal Challengers Bangalore),,,,,,,,,,,,,,
FA Allen,2021-2021,2,1,0,6,6,6,11,54.54,0,0,0,0,0
(Punjab Kings),,,,,,,,,,,,,,
JP Inglis,2025-2025,1,1,1,6,6*,-,6,100,0,0,0,1,0
(Punjab Kings),,,,,,,,,,,,,,
SB Jakati,2010-2012,23,1,1,6,6*,-,10,60,0,0,0,0,0
(Chennai Super Kings),,,,,,,,,,,,,,
RT Ponting,2008-2013,2,2,0,6,6,3,11,54.54,0,0,1,0,0
"(Kolkata Knight Riders, Mumbai Indians)",,,,,,,,,,,,,,
R Powell,2024-2024,1,1,0,6,6,6,12,50,0,0,0,0,0
(Rajasthan Royals),,,,,,,,,,,,,,
N Saini,2012-2012,1,1,0,6,6,6,4,150,0,0,0,1,0
(Kings XI Punjab),,,,,,,,,,,,,,
R Vinay Kumar,2008-2018,7,2,1,6,6*,6,2,300,0,0,1,0,1
"(Kochi Tuskers Kerala, Kolkata Knight Riders, Mumbai Indians, Royal Challengers Bangalore)",,,,,,,,,,,,,,
KB Arun Karthik,2013-2013,1,1,1,5,5*,-,5,100,0,0,0,0,0
(Royal Challengers Bangalore),,,,,,,,,,,,,,
NM Coulter-Nile,2015-2015,1,1,0,5,5,5,4,125,0,0,0,1,0
(Delhi Daredevils),,,,,,,,,,,,,,
SH Johnson,2024-2024,1,1,1,5,5*,-,5,100,0,0,0,1,0
(Gujarat Titans),,,,,,,,,,,,,,
A Kamboj,2025-2025,3,3,1,5,3*,2.5,8,62.5,0,0,1,0,0
(Chennai Super Kings),,,,,,,,,,,,,,
KMDN Kulasekara,2012-2012,3,1,1,5,5*,-,3,166.66,0,0,0,1,0
(Chennai Super Kings),,,,,,,,,,,,,,
JDP Oram,2008-2008,2,1,1,5,5*,-,2,250,0,0,0,1,0
(Chennai Super Kings),,,,,,,,,,,,,,
I Sharma,2008-2023,5,2,2,5,4*,-,4,125,0,0,0,0,0
"(Deccan Chargers, Delhi Capitals, Kolkata Knight Riders, Sunrisers Hyderabad)",,,,,,,,,,,,,,
DR Shorey,2019-2019,1,1,0,5,5,5,8,62.5,0,0,0,0,0
(Chennai Super Kings),,,,,,,,,,,,,,
JJ Bumrah,2019-2021,7,3,2,4,3*,4,6,66.66,0,0,1,0,0
(Mumbai Indians),,,,,,,,,,,,,,
YS Chahal,2015-2025,9,2,1,4,4,4,12,33.33,0,0,0,0,0
"(Punjab Kings, Rajasthan Royals, Royal Challengers Bangalore)",,,,,,,,,,,,,,
C de Grandhomme,2019-2019,1,1,0,4,4,4,6,66.66,0,0,0,1,0
(Royal Challengers Bangalore),,,,,,,,,,,,,,
FY Fazal,2010-2010,1,1,0,4,4,4,5,80,0,0,0,0,0
(Rajasthan Royals),,,,,,,,,,,,,,
CM Gautam,2015-2015,1,1,0,4,4,4,5,80,0,0,0,0,0
(Delhi Daredevils),,,,,,,,,,,,,,
JO Holder,2013-2023,5,2,0,4,4,2,6,66.66,0,0,1,0,0
"(Chennai Super Kings, Rajasthan Royals, Sunrisers Hyderabad)",,,,,,,,,,,,,,
CJ Jordan,2023-2023,1,1,0,4,4,4,7,57.14,0,0,0,0,0
(Mumbai Indians),,,,,,,,,,,,,,
NJ Maddinson,2015-2015,1,1,0,4,4,4,7,57.14,0,0,0,1,0
(Royal Challengers Bangalore),,,,,,,,,,,,,,
Misbah-ul-Haq,2008-2008,1,1,0,4,4,4,6,66.66,0,0,0,0,0
(Royal Challengers Bangalore),,,,,,,,,,,,,,
HV Patel,2015-2025,6,3,2,4,4*,4,4,100,0,0,1,0,0
"(Punjab Kings, Royal Challengers Bangalore, Sunrisers Hyderabad)",,,,,,,,,,,,,,
BJ Rohrer,2013-2013,1,1,0,4,4,4,5,80,0,0,0,0,0
(Delhi Daredevils),,,,,,,,,,,,,,
KV Sharma,2013-2024,3,1,0,4,4,4,6,66.66,0,0,0,0,0
"(Royal Challengers Bengaluru, Sunrisers Hyderabad)",,,,,,,,,,,,,,
TA Boult,2015-2025,10,5,4,3,1*,3,7,42.85,0,0,0,0,0
"(Delhi Capitals, Mumbai Indians, Rajasthan Royals, Sunrisers Hyderabad)",,,,,,,,,,,,,,
Iqbal Abdulla,2010-2015,5,3,2,3,3*,3,7,42.85,0,0,1,0,0
"(Kolkata Knight Riders, Royal Challengers Bangalore)",,,,,,,,,,,,,,
T Kohli,2008-2008,1,1,0,3,3,3,3,100,0,0,0,0,0
(Rajasthan Royals),,,,,,,,,,,,,,
PN Mankad,2023-2023,1,1,0,3,3,3,6,50,0,0,0,0,0
(Lucknow Super Giants),,,,,,,,,,,,,,
R Minz,2025-2025,1,1,0,3,3,3,9,33.33,0,0,0,0,0
(Mumbai Indians),,,,,,,,,,,,,,
Ravi Bishnoi,2021-2024,4,1,0,3,3,3,6,50,0,0,0,0,0
"(Lucknow Super Giants, Punjab Kings)",,,,,,,,,,,,,,
AS Roy,2019-2024,2,1,1,3,3*,-,3,100,0,0,0,0,0
"(Kolkata Knight Riders, Mumbai Indians)",,,,,,,,,,,,,,
S Tyagi,2010-2010,3,1,1,3,3*,-,4,75,0,0,0,0,0
(Chennai Super Kings),,,,,,,,,,,,,,
DL Vettori,2011-2012,4,3,1,3,2*,1.5,4,75,0,0,1,0,0
(Royal Challengers Bangalore),,,,,,,,,,,,,,
KK Ahmed,2019-2025,11,3,2,2,1*,2,4,50,0,0,0,0,0
"(Chennai Super Kings, Delhi Capitals, Sunrisers Hyderabad)",,,,,,,,,,,,,,
Aman Hakim Khan,2023-2023,1,1,1,2,2*,-,3,66.66,0,0,0,0,0
(Delhi Capitals),,,,,,,,,,,,,,
TK Curran,2018-2018,1,1,1,2,2*,-,5,40,0,0,0,0,0
(Kolkata Knight Riders),,,,,,,,,,,,,,
GB Hogg,2012-2015,2,1,1,2,2*,-,1,200,0,0,0,0,0
"(Kolkata Knight Riders, Rajasthan Royals)",,,,,,,,,,,,,,
Imran Tahir,2015-2019,10,2,1,2,2,2,2,100,0,0,0,0,0
"(Chennai Super Kings, Delhi Daredevils)",,,,,,,,,,,,,,
Karanveer Singh,2015-2015,1,1,1,2,2*,-,5,40,0,0,0,0,0
(Kings XI Punjab),,,,,,,,,,,,,,
A Kumble,2008-2010,2,1,1,2,2*,-,1,200,0,0,0,0,0
(Royal Challengers Bangalore),,,,,,,,,,,,,,
Parvez Rasool,2015-2015,1,1,1,2,2*,-,2,100,0,0,0,0,0
(Sunrisers Hyderabad),,,,,,,,,,,,,,
RR Powar,2010-2010,1,1,1,2,2*,-,1,200,0,0,0,0,0
(Kings XI Punjab),,,,,,,,,,,,,,
CA Pujara,2011-2012,2,2,0,2,2,1,5,40,0,0,1,0,0
(Royal Challengers Bangalore),,,,,,,,,,,,,,
AS Rajpoot,2013-2013,1,1,1,2,2*,-,6,33.33,0,0,0,0,0
(Chennai Super Kings),,,,,,,,,,,,,,
AS Raut,2010-2010,1,1,1,2,2*,-,4,50,0,0,0,0,0
(Rajasthan Royals),,,,,,,,,,,,,,
L Ronchi,2008-2008,1,1,0,2,2,2,3,66.66,0,0,0,0,0
(Mumbai Indians),,,,,,,,,,,,,,
SE Rutherford,2019-2019,1,1,0,2,2,2,4,50,0,0,0,0,0
(Delhi Capitals),,,,,,,,,,,,,,
NA Saini,2019-2019,1,1,0,2,2,2,3,66.66,0,0,0,0,0
(Royal Challengers Bangalore),,,,,,,,,,,,,,
MM Sharma,2013-2025,16,2,1,2,2*,2,1,200,0,0,1,0,0
"(Chennai Super Kings, Delhi Capitals, Gujarat Titans)",,,,,,,,,,,,,,
J Syed Mohammad,2011-2013,3,1,1,2,2*,-,2,100,0,0,0,0,0
(Royal Challengers Bangalore),,,,,,,,,,,,,,
JE Taylor,2011-2011,1,1,0,2,2,2,1,200,0,0,0,0,0
(Pune Warriors),,,,,,,,,,,,,,
CV Varun,2021-2025,7,1,1,2,2*,-,3,66.66,0,0,0,0,0
(Kolkata Knight Riders),,,,,,,,,,,,,,
GH Vihari,2013-2013,1,1,0,2,2,2,3,66.66,0,0,0,0,0
(Sunrisers Hyderabad),,,,,,,,,,,,,,
VG Arora,2023-2025,4,1,1,1,1*,-,1,100,0,0,0,0,0
(Kolkata Knight Riders),,,,,,,,,,,,,,
Arshad Khan,2023-2023,1,1,0,1,1,1,2,50,0,0,0,0,0
(Mumbai Indians),,,,,,,,,,,,,,
Arshdeep Singh,2021-2025,5,1,1,1,1*,-,2,50,0,0,0,0,0
(Punjab Kings),,,,,,,,,,,,,,
GJ Bailey,2015-2015,1,1,0,1,1,1,3,33.33,0,0,0,0,0
(Kings XI Punjab),,,,,,,,,,,,,,
TM Dilshan,2010-2011,2,2,0,1,1,0.5,3,33.33,0,0,1,0,0
"(Delhi Daredevils, Royal Challengers Bangalore)",,,,,,,,,,,,,,
K Goel,2008-2008,1,1,0,1,1,1,7,14.28,0,0,0,0,0
(Kings XI Punjab),,,,,,,,,,,,,,
HF Gurney,2019-2019,1,1,1,1,1*,-,5,20,0,0,0,0,0
(Kolkata Knight Riders),,,,,,,,,,,,,,
MG Johnson,2013-2015,2,1,0,1,1,1,2,50,0,0,0,0,0
"(Kings XI Punjab, Mumbai Indians)",,,,,,,,,,,,,,
R McLaren,2010-2010,1,1,0,1,1,1,3,33.33,0,0,0,0,0
(Mumbai Indians),,,,,,,,,,,,,,
Mujeeb Ur Rahman,2021-2021,1,1,1,1,1*,-,1,100,0,0,0,0,0
(Sunrisers Hyderabad),,,,,,,,,,,,,,
M Muralidaran,2008-2012,14,1,0,1,1,1,2,50,0,0,0,0,0
"(Chennai Super Kings, Kochi Tuskers Kerala, Royal Challengers Bangalore)",,,,,,,,,,,,,,
Naveen-ul-Haq,2023-2023,1,1,1,1,1*,-,5,20,0,0,0,0,0
(Lucknow Super Giants),,,,,,,,,,,,,,
A Nehra,2008-2015,11,3,2,1,1*,1,4,25,0,0,1,0,0
"(Chennai Super Kings, Delhi Daredevils, Mumbai Indians, Pune Warriors)",,,,,,,,,,,,,,
V Nigam,2025-2025,1,1,1,1,1*,-,2,50,0,0,0,0,0
(Delhi Capitals),,,,,,,,,,,,,,
PVSN Raju,2025-2025,1,1,1,1,1*,-,1,100,0,0,0,0,0
(Mumbai Indians),,,,,,,,,,,,,,
Sandeep Sharma,2015-2024,6,1,1,1,1*,-,4,25,0,0,0,0,0
"(Kings XI Punjab, Rajasthan Royals, Sunrisers Hyderabad)",,,,,,,,,,,,,,
AR Sharma,2024-2025,2,1,0,1,1,1,1,100,0,0,0,0,0
"(Delhi Capitals, Punjab Kings)",,,,,,,,,,,,,,
R Sharma,2011-2013,3,1,0,1,1,1,1,100,0,0,0,0,0
(Pune Warriors),,,,,,,,,,,,,,
MA Starc,2015-2025,4,2,0,1,1,0.5,10,10,0,0,1,0,0
"(Delhi Capitals, Kolkata Knight Riders, Royal Challengers Bangalore)",,,,,,,,,,,,,,
Suryansh Shedge,2025-2025,1,1,0,1,1,1,3,33.33,0,0,0,0,0
(Punjab Kings),,,,,,,,,,,,,,
PV Tambe,2015-2015,1,1,1,1,1*,-,1,100,0,0,0,0,0
(Rajasthan Royals),,,,,,,,,,,,,,
AC Thomas,2011-2011,1,1,1,1,1*,-,2,50,0,0,0,0,0
(Pune Warriors),,,,,,,,,,,,,,
A Zampa,2023-2023,1,1,0,1,1,1,1,100,0,0,0,0,0
(Rajasthan Royals),,,,,,,,,,,,,,
VR Aaron,2011-2012,3,1,0,0,0,0,2,0,0,0,1,0,0
(Delhi Daredevils),,,,,,,,,,,,,,
Ankit Sharma,2012-2015,2,1,0,0,0,0,1,0,0,0,1,0,0
"(Deccan Chargers, Rajasthan Royals)",,,,,,,,,,,,,,
Anmolpreet Singh,2024-2024,1,1,0,0,0,0,1,0,0,0,1,0,0
(Sunrisers Hyderabad),,,,,,,,,,,,,,
P Awana,2012-2013,2,1,1,0,0*,-,0,-,0,0,0,0,0
(Kings XI Punjab),,,,,,,,,,,,,,
R Bhatia,2008-2015,6,2,1,0,0*,0,2,0,0,0,1,0,0
"(Delhi Daredevils, Kolkata Knight Riders, Rajasthan Royals)",,,,,,,,,,,,,,
RR Bhatkal,2012-2012,1,1,0,0,0,0,2,0,0,0,1,0,0
(Royal Challengers Bangalore),,,,,,,,,,,,,,
TU Deshpande,2023-2024,14,1,1,0,0*,-,1,0,0,0,0,0,0
(Chennai Super Kings),,,,,,,,,,,,,,
AB Dinda,2008-2013,3,1,1,0,0*,-,0,-,0,0,0,0,0
"(Kolkata Knight Riders, Pune Warriors)",,,,,,,,,,,,,,
SB Dubey,2024-2024,1,1,0,0,0,0,1,0,0,0,1,0,0
(Rajasthan Royals),,,,,,,,,,,,,,
J Fraser-McGurk,2025-2025,1,1,0,0,0,0,5,0,0,0,1,0,0
(Delhi Capitals),,,,,,,,,,,,,,
C Ganapathy,2010-2010,1,1,1,0,0*,-,0,-,0,0,0,0,0
(Chennai Super Kings),,,,,,,,,,,,,,
S Gopal,2019-2019,1,1,0,0,0,0,3,0,0,0,1,0,0
(Rajasthan Royals),,,,,,,,,,,,,,
Sunny Gupta,2012-2012,1,1,0,0,0,0,1,0,0,0,1,0,0
(Delhi Daredevils),,,,,,,,,,,,,,
Gurkeerat Singh,2013-2013,1,1,0,0,0,0,1,0,0,0,1,0,0
(Kings XI Punjab),,,,,,,,,,,,,,
U Kaul,2008-2008,1,1,1,0,0*,-,1,0,0,0,0,0,0
(Kings XI Punjab),,,,,,,,,,,,,,
Kuldeep Yadav,2018-2025,4,2,1,0,0*,0,2,0,0,0,1,0,0
"(Delhi Capitals, Kolkata Knight Riders)",,,,,,,,,,,,,,
B Laughlin,2013-2013,1,1,0,0,0,0,1,0,0,0,1,0,0
(Chennai Super Kings),,,,,,,,,,,,,,
Mohammed Siraj,2019-2024,5,2,2,0,0*,-,2,0,0,0,0,0,0
"(Royal Challengers Bangalore, Royal Challengers Bengaluru)",,,,,,,,,,,,,,
Mohsin Khan,2023-2024,2,1,0,0,0,0,7,0,0,0,1,0,0
(Lucknow Super Giants),,,,,,,,,,,,,,
A Mukund,2008-2008,1,1,0,0,0,0,1,0,0,0,1,0,0
(Chennai Super Kings),,,,,,,,,,,,,,
DJ Muthuswami,2015-2015,1,1,1,0,0*,-,0,-,0,0,0,0,0
(Delhi Daredevils),,,,,,,,,,,,,,
S Nadeem,2011-2021,2,1,0,0,0,0,1,0,0,0,1,0,0
"(Delhi Daredevils, Sunrisers Hyderabad)",,,,,,,,,,,,,,
DG Nalkande,2023-2023,1,1,0,0,0,0,1,0,0,0,1,0,0
(Gujarat Titans),,,,,,,,,,,,,,
DP Nannes,2010-2013,5,1,1,0,0*,-,0,-,0,0,0,0,0
"(Chennai Super Kings, Delhi Daredevils)",,,,,,,,,,,,,,
T Natarajan,2021-2024,5,1,1,0,0*,-,0,-,0,0,0,0,0
(Sunrisers Hyderabad),,,,,,,,,,,,,,
M Ntini,2008-2008,4,1,1,0,0*,-,6,0,0,0,0,0,0
(Chennai Super Kings),,,,,,,,,,,,,,
M Prasidh Krishna,2019-2021,4,1,0,0,0,0,2,0,0,0,1,0,0
(Kolkata Knight Riders),,,,,,,,,,,,,,
R Rampaul,2013-2013,1,1,0,0,0,0,4,0,0,0,1,0,0
(Royal Challengers Bangalore),,,,,,,,,,,,,,
HR Shokeen,2023-2023,1,1,1,0,0*,-,1,0,0,0,0,0,0
(Mumbai Indians),,,,,,,,,,,,,,
VRV Singh,2008-2008,1,1,0,0,0,0,1,0,0,0,1,0,0
(Kings XI Punjab),,,,,,,,,,,,,,
S Sreesanth,2008-2011,2,1,1,0,0*,-,0,-,0,0,0,0,0
"(Kings XI Punjab, Kochi Tuskers Kerala)",,,,,,,,,,,,,,
J Theron,2010-2010,1,1,0,0,0,0,1,0,0,0,1,0,0
(Kings XI Punjab),,,,,,,,,,,,,,
P Amarnath,2008-2008,3,-,-,-,-,-,-,-,-,-,-,-,-
(Chennai Super Kings),,,,,,,,,,,,,,
S Ladda,2011-2011,1,-,-,-,-,-,-,-,-,-,-,-,-
(Kolkata Knight Riders),,,,,,,,,,,,,,
Akash Singh,2023-2023,3,-,-,-,-,-,-,-,-,-,-,-,-
(Chennai Super Kings),,,,,,,,,,,,,,
Anirudh Singh,2010-2010,1,-,-,-,-,-,-,-,-,-,-,-,-
(Deccan Chargers),,,,,,,,,,,,,,
S Aravind,2011-2011,2,-,-,-,-,-,-,-,-,-,-,-,-
(Royal Challengers Bangalore),,,,,,,,,,,,,,
Avesh Khan,2021-2024,5,-,-,-,-,-,-,-,-,-,-,-,-
"(Delhi Capitals, Lucknow Super Giants, Rajasthan Royals)",,,,,,,,,,,,,,
SB Bangar,2008-2008,1,-,-,-,-,-,-,-,-,-,-,-,-
(Deccan Chargers),,,,,,,,,,,,,,
JP Behrendorff,2023-2023,1,-,-,-,-,-,-,-,-,-,-,-,-
(Mumbai Indians),,,,,,,,,,,,,,
BA Bhatt,2012-2012,1,-,-,-,-,-,-,-,-,-,-,-,-
(Kings XI Punjab),,,,,,,,,,,,,,
N Burger,2024-2024,1,-,-,-,-,-,-,-,-,-,-,-,-
(Rajasthan Royals),,,,,,,,,,,,,,
A Chandila,2013-2013,1,-,-,-,-,-,-,-,-,-,-,-,-
(Rajasthan Royals),,,,,,,,,,,,,,
PD Collingwood,2010-2010,1,-,-,-,-,-,-,-,-,-,-,-,-
(Delhi Daredevils),,,,,,,,,,,,,,
KK Cooper,2012-2013,2,-,-,-,-,-,-,-,-,-,-,-,-
(Rajasthan Royals),,,,,,,,,,,,,,
MJ Dagar,2023-2024,2,-,-,-,-,-,-,-,-,-,-,-,-
"(Royal Challengers Bengaluru, Sunrisers Hyderabad)",,,,,,,,,,,,,,
M de Lange,2015-2015,1,-,-,-,-,-,-,-,-,-,-,-,-
(Mumbai Indians),,,,,,,,,,,,,,
ND Doshi,2011-2011,1,-,-,-,-,-,-,-,-,-,-,-,-
(Rajasthan Royals),,,,,,,,,,,,,,
NT Ellis,2025-2025,1,-,-,-,-,-,-,-,-,-,-,-,-
(Chennai Super Kings),,,,,,,,,,,,,,
RJ Gleeson,2024-2024,1,-,-,-,-,-,-,-,-,-,-,-,-
(Chennai Super Kings),,,,,,,,,,,,,,
R Goyal,2023-2023,1,-,-,-,-,-,-,-,-,-,-,-,-
(Mumbai Indians),,,,,,,,,,,,,,
RS Hangargekar,2023-2023,1,-,-,-,-,-,-,-,-,-,-,-,-
(Chennai Super Kings),,,,,,,,,,,,,,
Harmeet Singh,2011-2011,1,-,-,-,-,-,-,-,-,-,-,-,-
(Deccan Chargers),,,,,,,,,,,,,,
Harpreet Brar,2023-2025,3,-,-,-,-,-,-,-,-,-,-,-,-
(Punjab Kings),,,,,,,,,,,,,,
Harshit Rana,2023-2025,3,-,-,-,-,-,-,-,-,-,-,-,-
(Kolkata Knight Riders),,,,,,,,,,,,,,
JR Hazlewood,2025-2025,1,-,-,-,-,-,-,-,-,-,-,-,-
(Royal Challengers Bengaluru),,,,,,,,,,,,,,
MJ Henry,2024-2024,1,-,-,-,-,-,-,-,-,-,-,-,-
(Lucknow Super Giants),,,,,,,,,,,,,,
BW Hilfenhaus,2012-2012,4,-,-,-,-,-,-,-,-,-,-,-,-
(Chennai Super Kings),,,,,,,,,,,,,,
Jaskaran Singh,2010-2010,1,-,-,-,-,-,-,-,-,-,-,-,-
(Deccan Chargers),,,,,,,,,,,,,,
AS Joseph,2024-2024,1,-,-,-,-,-,-,-,-,-,-,-,-
(Royal Challengers Bengaluru),,,,,,,,,,,,,,
S Randiv,2011-2011,5,-,-,-,-,-,-,-,-,-,-,-,-
(Chennai Super Kings),,,,,,,,,,,,,,
CK Kapugedera,2008-2008,1,-,-,-,-,-,-,-,-,-,-,-,-
(Chennai Super Kings),,,,,,,,,,,,,,
SC Kuggeleijn,2019-2019,2,-,-,-,-,-,-,-,-,-,-,-,-
(Chennai Super Kings),,,,,,,,,,,,,,
DS Kulkarni,2008-2019,2,-,-,-,-,-,-,-,-,-,-,-,-
"(Mumbai Indians, Rajasthan Royals)",,,,,,,,,,,,,,
B Lee,2012-2012,2,-,-,-,-,-,-,-,-,-,-,-,-
(Kolkata Knight Riders),,,,,,,,,,,,,,
MJ McClenaghan,2015-2015,1,-,-,-,-,-,-,-,-,-,-,-,-
(Mumbai Indians),,,,,,,,,,,,,,
GD McGrath,2008-2008,1,-,-,-,-,-,-,-,-,-,-,-,-
(Delhi Daredevils),,,,,,,,,,,,,,
SSB Magala,2023-2023,1,-,-,-,-,-,-,-,-,-,-,-,-
(Chennai Super Kings),,,,,,,,,,,,,,
VY Mahesh,2008-2012,2,-,-,-,-,-,-,-,-,-,-,-,-
"(Chennai Super Kings, Delhi Daredevils)",,,,,,,,,,,,,,
A Madhwal,2023-2023,2,-,-,-,-,-,-,-,-,-,-,-,-
(Mumbai Indians),,,,,,,,,,,,,,
M Markande,2023-2023,1,-,-,-,-,-,-,-,-,-,-,-,-
(Sunrisers Hyderabad),,,,,,,,,,,,,,
AF Milne,2021-2021,1,-,-,-,-,-,-,-,-,-,-,-,-
(Mumbai Indians),,,,,,,,,,,,,,
Mohammad Asif,2008-2008,1,-,-,-,-,-,-,-,-,-,-,-,-
(Delhi Daredevils),,,,,,,,,,,,,,
M Morkel,2012-2012,1,-,-,-,-,-,-,-,-,-,-,-,-
(Delhi Daredevils),,,,,,,,,,,,,,
Mukesh Choudhary,2025-2025,1,-,-,-,-,-,-,-,-,-,-,-,-
(Chennai Super Kings),,,,,,,,,,,,,,
Mukesh Kumar,2025-2025,1,-,-,-,-,-,-,-,-,-,-,-,-
(Delhi Capitals),,,,,,,,,,,,,,
Mustafizur Rahman,2024-2024,6,-,-,-,-,-,-,-,-,-,-,-,-
(Chennai Super Kings),,,,,,,,,,,,,,
S Narwal,2010-2010,1,-,-,-,-,-,-,-,-,-,-,-,-
(Rajasthan Royals),,,,,,,,,,,,,,
R Ninan,2011-2011,1,-,-,-,-,-,-,-,-,-,-,-,-
(Royal Challengers Bangalore),,,,,,,,,,,,,,
PP Ojha,2008-2013,5,-,-,-,-,-,-,-,-,-,-,-,-
"(Deccan Chargers, Mumbai Indians)",,,,,,,,,,,,,,
IC Pandey,2015-2015,5,-,-,-,-,-,-,-,-,-,-,-,-
(Chennai Super Kings),,,,,,,,,,,,,,
Pankaj Singh,2008-2008,1,-,-,-,-,-,-,-,-,-,-,-,-
(Rajasthan Royals),,,,,,,,,,,,,,
MM Patel,2008-2013,3,-,-,-,-,-,-,-,-,-,-,-,-
"(Mumbai Indians, Rajasthan Royals)",,,,,,,,,,,,,,
M Pathirana,2023-2025,13,-,-,-,-,-,-,-,-,-,-,-,-
(Chennai Super Kings),,,,,,,,,,,,,,
V Pratap Singh,2012-2012,1,-,-,-,-,-,-,-,-,-,-,-,-
(Deccan Chargers),,,,,,,,,,,,,,
V Puthur,2025-2025,1,-,-,-,-,-,-,-,-,-,-,-,-
(Mumbai Indians),,,,,,,,,,,,,,
K Rabada,2021-2024,4,-,-,-,-,-,-,-,-,-,-,-,-
"(Delhi Capitals, Punjab Kings)",,,,,,,,,,,,,,
R Sai Kishore,2024-2024,1,-,-,-,-,-,-,-,-,-,-,-,-
(Gujarat Titans),,,,,,,,,,,,,,
D Salunkhe,2008-2008,1,-,-,-,-,-,-,-,-,-,-,-,-
(Rajasthan Royals),,,,,,,,,,,,,,
PJ Sangwan,2008-2008,1,-,-,-,-,-,-,-,-,-,-,-,-
(Delhi Daredevils),,,,,,,,,,,,,,
KR Sen,2023-2023,1,-,-,-,-,-,-,-,-,-,-,-,-
(Rajasthan Royals),,,,,,,,,,,,,,
Shoaib Malik,2008-2008,1,-,-,-,-,-,-,-,-,-,-,-,-
(Delhi Daredevils),,,,,,,,,,,,,,
R Shukla,2013-2013,1,-,-,-,-,-,-,-,-,-,-,-,-
(Rajasthan Royals),,,,,,,,,,,,,,
Simarjeet Singh,2024-2024,1,-,-,-,-,-,-,-,-,-,-,-,-
(Chennai Super Kings),,,,,,,,,,,,,,
RP Singh,2008-2013,4,-,-,-,-,-,-,-,-,-,-,-,-
"(Deccan Chargers, Kochi Tuskers Kerala, Royal Challengers Bangalore)",,,,,,,,,,,,,,
A Singh,2012-2012,1,-,-,-,-,-,-,-,-,-,-,-,-
(Rajasthan Royals),,,,,,,,,,,,,,
Sohail Tanvir,2008-2008,1,-,-,-,-,-,-,-,-,-,-,-,-
(Rajasthan Royals),,,,,,,,,,,,,,
TG Southee,2011-2011,2,-,-,-,-,-,-,-,-,-,-,-,-
(Chennai Super Kings),,,,,,,,,,,,,,
SJ Srivastava,2010-2010,1,-,-,-,-,-,-,-,-,-,-,-,-
(Kings XI Punjab),,,,,,,,,,,,,,
DW Steyn,2008-2013,4,-,-,-,-,-,-,-,-,-,-,-,-
"(Deccan Chargers, Royal Challengers Bangalore, Sunrisers Hyderabad)",,,,,,,,,,,,,,
Suyash Sharma,2023-2025,2,-,-,-,-,-,-,-,-,-,-,-,-
"(Kolkata Knight Riders, Royal Challengers Bengaluru)",,,,,,,,,,,,,,
SW Tait,2010-2010,1,-,-,-,-,-,-,-,-,-,-,-,-
(Rajasthan Royals),,,,,,,,,,,,,,
SN Thakur,2018-2024,9,-,-,-,-,-,-,-,-,-,-,-,-
"(Chennai Super Kings, Kolkata Knight Riders)",,,,,,,,,,,,,,
Yash Thakur,2023-2024,3,-,-,-,-,-,-,-,-,-,-,-,-
(Lucknow Super Giants),,,,,,,,,,,,,,
M Theekshana,2023-2024,10,-,-,-,-,-,-,-,-,-,-,-,-
(Chennai Super Kings),,,,,,,,,,,,,,
T Thushara,2010-2010,2,-,-,-,-,-,-,-,-,-,-,-,-
(Chennai Super Kings),,,,,,,,,,,,,,
SK Trivedi,2011-2013,3,-,-,-,-,-,-,-,-,-,-,-,-
(Rajasthan Royals),,,,,,,,,,,,,,
AJ Tye,2019-2019,1,-,-,-,-,-,-,-,-,-,-,-,-
(Kings XI Punjab),,,,,,,,,,,,,,
Umran Malik,2023-2023,1,-,-,-,-,-,-,-,-,-,-,-,-
(Sunrisers Hyderabad),,,,,,,,,,,,,,
WPUJC Vaas,2010-2010,1,-,-,-,-,-,-,-,-,-,-,-,-
(Deccan Chargers),,,,,,,,,,,,,,
DP Vijaykumar,2008-2008,1,-,-,-,-,-,-,-,-,-,-,-,-
(Deccan Chargers),,,,,,,,,,,,,,
SB Wagh,2010-2010,1,-,-,-,-,-,-,-,-,-,-,-,-
(Rajasthan Royals),,,,,,,,,,,,,,
SK Warne,2008-2011,3,-,-,-,-,-,-,-,-,-,-,-,-
(Rajasthan Royals),,,,,,,,,,,,,,
AS Yadav,2008-2008,1,-,-,-,-,-,-,-,-,-,-,-,-
(Deccan Chargers),,,,,,,,,,,,,,
Yash Dayal,2024-2025,2,-,-,-,-,-,-,-,-,-,-,-,-
(Royal Challengers Bengaluru),,,,,,,,,,,,,,
VS Yeligati,2008-2008,1,-,-,-,-,-,-,-,-,-,-,-,-
(Mumbai Indians),,,,,,,,,,,,,,
Zeeshan Ansari,2025-2025,1,-,-,-,-,-,-,-,-,-,-,-,-
(Sunrisers Hyderabad),,,,,,,,,,,,,,
,,,,,,,,,,,,,,
,,,,,,,venue  Banglore,,,,,,,
,,,,,,,,,,,,,,
Player,Span,Mat,Inns,NO,Runs,HS,Ave,BF,SR,100,50,0,4s,6s
V Kohli,2008-2025,92,90,11,3140,113,39.74,2197,142.92,4,23,5,287,132
"(Royal Challengers Bangalore, Royal Challengers Bengaluru)",,,,,,,,,,,,,,
AB de Villiers,2008-2019,60,58,13,1960,129*,43.55,1216,161.18,1,15,2,155,118
"(Delhi Daredevils, Royal Challengers Bangalore)",,,,,,,,,,,,,,
CH Gayle,2010-2019,44,44,6,1561,175*,41.07,976,159.93,3,8,3,121,127
"(Kings XI Punjab, Kolkata Knight Riders, Royal Challengers Bangalore)",,,,,,,,,,,,,,
F du Plessis,2014-2025,18,18,3,653,79*,43.53,409,159.65,0,8,0,63,35
"(Chennai Super Kings, Delhi Capitals, Royal Challengers Bangalore, Royal Challengers Bengaluru)",,,,,,,,,,,,,,
KD Karthik,2008-2024,33,30,3,505,83,18.7,340,148.52,0,2,4,41,24
"(Delhi Daredevils, Gujarat Lions, Kings XI Punjab, Kolkata Knight Riders, Mumbai Indians, Royal Challengers Bangalore, Royal Challengers Bengaluru)",,,,,,,,,,,,,,
MS Dhoni,2008-2024,12,12,6,489,84*,81.5,270,181.11,0,5,0,38,33
"(Chennai Super Kings, Rising Pune Supergiant, Rising Pune Supergiants)",,,,,,,,,,,,,,
KL Rahul,2013-2025,18,15,4,475,93*,43.18,330,143.93,0,3,1,40,22
"(Delhi Capitals, Kings XI Punjab, Lucknow Super Giants, Royal Challengers Bangalore, Sunrisers Hyderabad)",,,,,,,,,,,,,,
Q de Kock,2014-2024,11,11,0,465,108,42.27,318,146.22,1,3,0,52,19
"(Delhi Daredevils, Lucknow Super Giants, Mumbai Indians, Royal Challengers Bangalore)",,,,,,,,,,,,,,
Mandeep Singh,2012-2019,22,19,4,413,52,27.53,299,138.12,0,1,3,38,15
"(Kings XI Punjab, Royal Challengers Bangalore)",,,,,,,,,,,,,,
MK Pandey,2008-2023,15,13,3,402,94,40.2,313,128.43,0,3,0,39,14
"(Delhi Capitals, Kolkata Knight Riders, Mumbai Indians, Pune Warriors, Royal Challengers Bangalore, Sunrisers Hyderabad)",,,,,,,,,,,,,,
RV Uthappa,2008-2019,18,17,4,401,69,30.84,261,153.63,0,4,1,39,22
"(Kolkata Knight Riders, Mumbai Indians, Pune Warriors, Royal Challengers Bangalore)",,,,,,,,,,,,,,
AT Rayudu,2010-2023,11,11,2,394,82,43.77,303,130.03,0,3,1,29,20
"(Chennai Super Kings, Mumbai Indians)",,,,,,,,,,,,,,
JH Kallis,2008-2013,16,16,2,388,89*,27.71,317,122.39,0,2,1,47,10
"(Kolkata Knight Riders, Royal Challengers Bangalore)",,,,,,,,,,,,,,
GJ Maxwell,2012-2024,18,18,1,354,77,20.82,207,171.01,0,3,2,23,28
"(Delhi Daredevils, Kings XI Punjab, Royal Challengers Bangalore, Royal Challengers Bengaluru)",,,,,,,,,,,,,,
AM Rahane,2012-2024,9,8,1,351,103*,50.14,230,152.6,1,1,0,42,12
"(Chennai Super Kings, Rajasthan Royals, Rising Pune Supergiant, Rising Pune Supergiants)",,,,,,,,,,,,,,
DA Warner,2010-2024,9,9,0,350,69,38.88,216,162.03,0,4,0,34,19
"(Delhi Capitals, Delhi Daredevils, Sunrisers Hyderabad)",,,,,,,,,,,,,,
Yuvraj Singh,2008-2019,14,14,1,345,83,26.53,220,156.81,0,2,0,23,26
"(Delhi Daredevils, Kings XI Punjab, Mumbai Indians, Pune Warriors, Royal Challengers Bangalore, Sunrisers Hyderabad)",,,,,,,,,,,,,,
TM Dilshan,2008-2013,11,11,2,326,71,36.22,299,109.03,0,3,1,40,6
"(Delhi Daredevils, Royal Challengers Bangalore)",,,,,,,,,,,,,,
BB McCullum,2008-2018,11,11,1,323,158*,32.3,212,152.35,1,0,1,30,19
"(Chennai Super Kings, Gujarat Lions, Kochi Tuskers Kerala, Kolkata Knight Riders, Royal Challengers Bangalore)",,,,,,,,,,,,,,
PA Patel,2008-2019,21,20,1,308,53,16.21,261,118,0,1,1,37,8
"(Chennai Super Kings, Deccan Chargers, Kochi Tuskers Kerala, Mumbai Indians, Royal Challengers Bangalore, Sunrisers Hyderabad)",,,,,,,,,,,,,,
G Gambhir,2008-2018,11,11,1,302,64,30.2,239,126.35,0,2,0,36,5
"(Delhi Daredevils, Kolkata Knight Riders)",,,,,,,,,,,,,,
S Dhawan,2008-2024,10,10,3,286,73*,40.85,243,117.69,0,2,1,29,8
"(Deccan Chargers, Delhi Capitals, Delhi Daredevils, Punjab Kings, Sunrisers Hyderabad)",,,,,,,,,,,,,,
R Dravid,2008-2013,16,14,0,283,66,20.21,248,114.11,0,2,2,30,6
"(Rajasthan Royals, Royal Challengers Bangalore)",,,,,,,,,,,,,,
KM Jadhav,2010-2019,13,13,4,283,69,31.44,192,147.39,0,2,1,25,11
"(Chennai Super Kings, Delhi Daredevils, Royal Challengers Bangalore)",,,,,,,,,,,,,,
SR Watson,2008-2019,17,17,2,271,61*,18.06,203,133.49,0,1,1,28,14
"(Chennai Super Kings, Rajasthan Royals, Royal Challengers Bangalore)",,,,,,,,,,,,,,
MA Agarwal,2011-2019,15,14,1,270,64*,20.76,188,143.61,0,1,1,25,17
"(Delhi Daredevils, Kings XI Punjab, Royal Challengers Bangalore)",,,,,,,,,,,,,,
WP Saha,2008-2024,11,10,1,258,115*,28.66,195,132.3,1,0,0,24,12
"(Chennai Super Kings, Gujarat Titans, Kings XI Punjab, Kolkata Knight Riders, Sunrisers Hyderabad)",,,,,,,,,,,,,,
SS Tiwary,2010-2016,18,15,6,243,52,27,215,113.02,0,1,0,21,8
"(Delhi Daredevils, Mumbai Indians, Rising Pune Supergiants, Royal Challengers Bangalore)",,,,,,,,,,,,,,
RG Sharma,2008-2023,13,12,0,235,57,19.58,193,121.76,0,1,2,23,9
"(Deccan Chargers, Mumbai Indians)",,,,,,,,,,,,,,
KA Pollard,2010-2019,11,10,4,230,70,38.33,154,149.35,0,2,0,16,14
(Mumbai Indians),,,,,,,,,,,,,,
YK Pathan,2008-2019,11,11,3,221,60*,27.62,147,150.34,0,1,1,17,14
"(Kolkata Knight Riders, Rajasthan Royals, Sunrisers Hyderabad)",,,,,,,,,,,,,,
RM Patidar,2024-2025,11,11,0,215,52,19.54,162,132.71,0,1,0,12,13
(Royal Challengers Bengaluru),,,,,,,,,,,,,,
MP Stoinis,2018-2025,9,9,3,210,65,35,134,156.71,0,1,1,12,15
"(Kings XI Punjab, Lucknow Super Giants, Punjab Kings, Royal Challengers Bangalore)",,,,,,,,,,,,,,
DR Smith,2008-2016,7,6,0,197,73,32.83,120,164.16,0,1,0,19,12
"(Chennai Super Kings, Gujarat Lions, Mumbai Indians)",,,,,,,,,,,,,,
AR Patel,2014-2025,10,9,3,192,57,32,118,162.71,0,1,0,20,8
"(Delhi Capitals, Kings XI Punjab)",,,,,,,,,,,,,,
JP Duminy,2010-2018,5,5,3,187,67*,93.5,126,148.41,0,1,0,14,9
"(Delhi Daredevils, Mumbai Indians)",,,,,,,,,,,,,,
SS Iyer,2015-2025,6,6,1,185,67,37,137,135.03,0,2,1,15,8
"(Delhi Capitals, Delhi Daredevils, Kolkata Knight Riders, Punjab Kings)",,,,,,,,,,,,,,
TM Head,2016-2024,4,4,2,183,102,91.5,98,186.73,1,1,1,12,13
"(Royal Challengers Bangalore, Sunrisers Hyderabad)",,,,,,,,,,,,,,
CA Lynn,2016-2019,6,6,1,180,62*,36,127,141.73,0,2,0,16,9
(Kolkata Knight Riders),,,,,,,,,,,,,,
KS Williamson,2015-2019,4,4,1,180,81,60,120,150,0,2,0,14,10
(Sunrisers Hyderabad),,,,,,,,,,,,,,
SV Samson,2014-2023,6,6,1,177,92*,35.4,107,165.42,0,1,0,8,15
"(Delhi Daredevils, Rajasthan Royals)",,,,,,,,,,,,,,
AJ Finch,2012-2018,7,7,0,169,72,24.14,126,134.12,0,1,1,17,8
"(Delhi Daredevils, Gujarat Lions, Kings XI Punjab, Pune Warriors, Sunrisers Hyderabad)",,,,,,,,,,,,,,
SK Raina,2008-2019,11,11,1,167,62,16.7,131,127.48,0,1,3,14,10
"(Chennai Super Kings, Gujarat Lions)",,,,,,,,,,,,,,
RR Pant,2017-2019,3,3,0,160,85,53.33,98,163.26,0,2,0,11,11
"(Delhi Capitals, Delhi Daredevils)",,,,,,,,,,,,,,
MM Ali,2018-2023,7,7,2,159,65,31.8,91,174.72,0,1,0,10,12
"(Chennai Super Kings, Royal Challengers Bangalore)",,,,,,,,,,,,,,
MS Bisla,2010-2015,5,5,0,159,75,31.8,115,138.26,0,1,0,15,8
"(Kings XI Punjab, Kolkata Knight Riders, Royal Challengers Bangalore)",,,,,,,,,,,,,,
MK Lomror,2019-2024,12,10,2,151,34,18.87,91,165.93,0,0,1,7,12
"(Rajasthan Royals, Royal Challengers Bangalore, Royal Challengers Bengaluru)",,,,,,,,,,,,,,
SP Narine,2013-2024,10,7,2,151,54,30.2,81,186.41,0,1,0,13,11
(Kolkata Knight Riders),,,,,,,,,,,,,,
N Pooran,2019-2024,3,3,1,148,62,74,68,217.64,0,1,0,6,17
"(Kings XI Punjab, Lucknow Super Giants)",,,,,,,,,,,,,,
N Rana,2016-2025,6,6,1,148,48,29.6,103,143.68,0,0,0,10,8
"(Kolkata Knight Riders, Mumbai Indians, Rajasthan Royals)",,,,,,,,,,,,,,
SR Tendulkar,2008-2013,6,6,2,148,55*,37,138,107.24,0,1,1,20,1
(Mumbai Indians),,,,,,,,,,,,,,
TH David,2023-2025,5,5,2,146,50*,48.66,86,169.76,0,1,0,12,10
"(Mumbai Indians, Royal Challengers Bengaluru)",,,,,,,,,,,,,,
KK Nair,2013-2018,5,5,1,143,56,35.75,113,126.54,0,2,1,18,1
"(Delhi Daredevils, Kings XI Punjab, Rajasthan Royals, Royal Challengers Bangalore)",,,,,,,,,,,,,,
CL White,2008-2013,8,7,1,143,52,23.83,94,152.12,0,1,1,8,9
"(Deccan Chargers, Royal Challengers Bangalore, Sunrisers Hyderabad)",,,,,,,,,,,,,,
M Vohra,2013-2018,7,6,0,141,67,23.5,120,117.5,0,1,1,9,7
"(Kings XI Punjab, Royal Challengers Bangalore)",,,,,,,,,,,,,,
DA Miller,2013-2024,8,8,1,139,66,19.85,102,136.27,0,1,0,15,5
"(Gujarat Titans, Kings XI Punjab)",,,,,,,,,,,,,,
AD Russell,2015-2024,6,5,1,133,48*,33.25,57,233.33,0,0,1,7,14
(Kolkata Knight Riders),,,,,,,,,,,,,,
SPD Smith,2012-2019,5,4,1,132,48*,44,90,146.66,0,0,0,13,5
"(Pune Warriors, Rajasthan Royals, Rising Pune Supergiant)",,,,,,,,,,,,,,
RA Jadeja,2008-2024,13,11,2,131,42*,14.55,113,115.92,0,0,0,9,5
"(Chennai Super Kings, Gujarat Lions, Kochi Tuskers Kerala, Rajasthan Royals)",,,,,,,,,,,,,,
KH Pandya,2016-2025,11,9,3,130,45*,21.66,108,120.37,0,0,1,14,2
"(Lucknow Super Giants, Mumbai Indians, Royal Challengers Bengaluru)",,,,,,,,,,,,,,
Shubman Gill,2018-2025,5,5,3,128,104*,64,78,164.1,1,0,0,7,9
"(Gujarat Titans, Kolkata Knight Riders)",,,,,,,,,,,,,,
JC Buttler,2016-2025,5,5,2,127,73*,42.33,71,178.87,0,1,1,8,10
"(Gujarat Titans, Mumbai Indians, Rajasthan Royals)",,,,,,,,,,,,,,
AC Gilchrist,2008-2013,4,4,1,127,85*,42.33,85,149.41,0,1,1,15,5
"(Deccan Chargers, Kings XI Punjab)",,,,,,,,,,,,,,
SN Khan,2015-2018,9,7,4,125,45*,41.66,56,223.21,0,0,1,15,5
(Royal Challengers Bangalore),,,,,,,,,,,,,,
C de Grandhomme,2017-2019,8,8,3,121,40,24.2,80,151.25,0,0,1,3,10
"(Kolkata Knight Riders, Royal Challengers Bangalore)",,,,,,,,,,,,,,
C Green,2023-2024,7,7,2,121,38*,24.2,82,147.56,0,0,0,10,7
"(Mumbai Indians, Royal Challengers Bengaluru)",,,,,,,,,,,,,,
V Sehwag,2008-2014,6,6,0,121,47,20.16,88,137.5,0,0,1,21,1
"(Delhi Daredevils, Kings XI Punjab)",,,,,,,,,,,,,,
LRPL Taylor,2008-2010,5,5,1,121,53,30.25,73,165.75,0,1,0,10,7
(Royal Challengers Bangalore),,,,,,,,,,,,,,
STR Binny,2013-2019,14,8,1,120,33,17.14,78,153.84,0,0,0,10,6
"(Rajasthan Royals, Royal Challengers Bangalore)",,,,,,,,,,,,,,
D Padikkal,2023-2025,5,5,0,113,52,22.6,83,136.14,0,2,0,12,4
"(Lucknow Super Giants, Rajasthan Royals, Royal Challengers Bengaluru)",,,,,,,,,,,,,,
V Shankar,2017-2024,5,4,0,112,53,28,77,145.45,0,1,0,11,6
"(Delhi Daredevils, Gujarat Titans, Sunrisers Hyderabad)",,,,,,,,,,,,,,
PD Salt,2024-2025,5,5,0,111,37,22.2,77,144.15,0,0,0,12,6
"(Kolkata Knight Riders, Royal Challengers Bengaluru)",,,,,,,,,,,,,,
SA Yadav,2014-2023,8,7,2,108,38,21.6,87,124.13,0,0,0,11,2
"(Kolkata Knight Riders, Mumbai Indians)",,,,,,,,,,,,,,
HH Pandya,2015-2023,6,4,3,107,50,107,66,162.12,0,1,0,7,7
"(Gujarat Titans, Mumbai Indians)",,,,,,,,,,,,,,
MEK Hussey,2008-2013,4,4,0,106,49,26.5,88,120.45,0,0,0,12,3
(Chennai Super Kings),,,,,,,,,,,,,,
D Wiese,2015-2023,8,6,4,106,47*,53,67,158.2,0,0,0,10,5
"(Kolkata Knight Riders, Royal Challengers Bangalore)",,,,,,,,,,,,,,
P Negi,2016-2019,13,11,1,103,32,10.3,88,117.04,0,0,2,7,4
"(Delhi Daredevils, Royal Challengers Bangalore)",,,,,,,,,,,,,,
W Jaffer,2008-2008,4,4,0,100,50,25,90,111.11,0,1,1,11,2
(Royal Challengers Bangalore),,,,,,,,,,,,,,
YBK Jaiswal,2023-2025,2,2,0,96,49,48,56,171.42,0,0,0,12,5
(Rajasthan Royals),,,,,,,,,,,,,,
R Vinay Kumar,2008-2013,24,10,3,95,25,13.57,89,106.74,0,0,0,5,2
"(Kochi Tuskers Kerala, Royal Challengers Bangalore)",,,,,,,,,,,,,,
SO Hetmyer,2019-2025,4,4,0,94,75,23.5,70,134.28,0,1,0,5,6
"(Rajasthan Royals, Royal Challengers Bangalore)",,,,,,,,,,,,,,
P Kumar,2008-2016,18,12,3,93,34,10.33,86,108.13,0,0,2,8,6
"(Gujarat Lions, Kings XI Punjab, Royal Challengers Bangalore, Sunrisers Hyderabad)",,,,,,,,,,,,,,
LS Livingstone,2019-2025,5,5,1,90,54,22.5,72,125,0,1,0,4,7
"(Punjab Kings, Rajasthan Royals, Royal Challengers Bengaluru)",,,,,,,,,,,,,,
Gurkeerat Singh,2016-2019,3,3,0,89,65,29.66,69,128.98,0,1,0,11,1
"(Kings XI Punjab, Royal Challengers Bangalore)",,,,,,,,,,,,,,
Anuj Rawat,2023-2024,7,6,3,88,25*,29.33,89,98.87,0,0,0,8,1
"(Royal Challengers Bangalore, Royal Challengers Bengaluru)",,,,,,,,,,,,,,
NV Ojha,2010-2017,7,6,0,87,33,14.5,79,110.12,0,0,1,7,3
"(Delhi Daredevils, Rajasthan Royals, Sunrisers Hyderabad)",,,,,,,,,,,,,,
JD Ryder,2011-2012,2,2,0,85,51,42.5,56,151.78,0,1,0,8,3
(Pune Warriors),,,,,,,,,,,,,,
JM Sharma,2024-2025,5,5,1,85,33,21.25,69,123.18,0,0,0,10,3
"(Punjab Kings, Royal Challengers Bengaluru)",,,,,,,,,,,,,,
NT Tilak Varma,2023-2023,1,1,1,84,84*,-,46,182.6,0,1,0,9,4
(Mumbai Indians),,,,,,,,,,,,,,
DP Conway,2023-2023,1,1,0,83,83,83,45,184.44,0,1,0,6,6
(Chennai Super Kings),,,,,,,,,,,,,,
DJ Bravo,2011-2019,8,8,2,82,33*,13.66,51,160.78,0,0,0,7,4
"(Chennai Super Kings, Gujarat Lions)",,,,,,,,,,,,,,
VR Iyer,2023-2024,2,2,0,81,50,40.5,56,144.64,0,1,0,6,4
(Kolkata Knight Riders),,,,,,,,,,,,,,
DC Jurel,2023-2025,2,2,1,81,47,81,50,162,0,0,0,5,5
(Rajasthan Royals),,,,,,,,,,,,,,
R Ashwin,2010-2023,10,7,2,79,33,15.8,51,154.9,0,0,0,7,3
"(Chennai Super Kings, Kings XI Punjab, Rajasthan Royals, Rising Pune Supergiants)",,,,,,,,,,,,,,
SE Marsh,2008-2017,5,5,0,79,39,15.8,73,108.21,0,0,0,10,1
(Kings XI Punjab),,,,,,,,,,,,,,
S Badrinath,2008-2013,5,4,1,78,47,26,66,118.18,0,0,1,11,2
(Chennai Super Kings),,,,,,,,,,,,,,
TL Suman,2010-2010,1,1,1,78,78*,-,57,136.84,0,1,0,6,3
(Deccan Chargers),,,,,,,,,,,,,,
RS Bopara,2010-2015,2,1,0,77,77,77,50,154,0,1,0,9,2
"(Kings XI Punjab, Sunrisers Hyderabad)",,,,,,,,,,,,,,
DPMD Jayawardene,2008-2013,4,4,2,74,28,37,73,101.36,0,0,0,7,1
"(Delhi Daredevils, Kings XI Punjab, Kochi Tuskers Kerala)",,,,,,,,,,,,,,
H Klaasen,2019-2024,2,2,0,73,67,36.5,38,192.1,0,1,0,2,7
"(Royal Challengers Bangalore, Sunrisers Hyderabad)",,,,,,,,,,,,,,
SP Goswami,2008-2018,4,2,0,72,52,36,66,109.09,0,1,0,8,1
"(Rajasthan Royals, Royal Challengers Bangalore, Sunrisers Hyderabad)",,,,,,,,,,,,,,
MK Tiwary,2010-2017,5,5,1,71,27,17.75,58,122.41,0,0,1,6,2
"(Kolkata Knight Riders, Rising Pune Supergiant)",,,,,,,,,,,,,,
R McLaren,2010-2013,3,3,0,70,40,23.33,77,90.9,0,0,0,5,0
"(Kings XI Punjab, Kolkata Knight Riders, Mumbai Indians)",,,,,,,,,,,,,,
S Dube,2019-2024,3,3,1,68,52,34,47,144.68,0,1,0,2,6
"(Chennai Super Kings, Royal Challengers Bangalore)",,,,,,,,,,,,,,
IK Pathan,2008-2014,5,5,4,67,24,67,43,155.81,0,0,0,6,3
"(Delhi Daredevils, Kings XI Punjab, Sunrisers Hyderabad)",,,,,,,,,,,,,,
Azhar Mahmood,2012-2013,2,2,0,63,61,31.5,45,140,0,1,0,8,1
(Kings XI Punjab),,,,,,,,,,,,,,
MV Boucher,2008-2011,10,8,2,63,18,10.5,66,95.45,0,0,0,6,1
"(Kolkata Knight Riders, Royal Challengers Bangalore)",,,,,,,,,,,,,,
Iqbal Abdulla,2011-2017,6,4,3,62,33*,62,49,126.53,0,0,0,8,1
"(Kolkata Knight Riders, Royal Challengers Bangalore)",,,,,,,,,,,,,,
LMP Simmons,2015-2017,2,2,0,62,59,31,50,124,0,1,0,9,2
(Mumbai Indians),,,,,,,,,,,,,,
R Ravindra,2024-2024,1,1,0,61,61,61,37,164.86,0,1,0,5,3
(Chennai Super Kings),,,,,,,,,,,,,,
JJ Roy,2018-2023,2,2,0,61,56,30.5,45,135.55,0,1,0,4,5
"(Delhi Daredevils, Kolkata Knight Riders)",,,,,,,,,,,,,,
M Vijay,2010-2016,7,7,0,61,32,8.71,57,107.01,0,0,0,5,3
"(Chennai Super Kings, Delhi Daredevils, Kings XI Punjab)",,,,,,,,,,,,,,
OA Shah,2012-2012,1,1,0,60,60,60,26,230.76,0,1,0,5,5
(Rajasthan Royals),,,,,,,,,,,,,,
Sachin Baby,2016-2016,7,4,2,59,25*,29.5,34,173.52,0,0,1,5,4
(Royal Challengers Bangalore),,,,,,,,,,,,,,
UBT Chand,2015-2015,1,1,0,58,58,58,37,156.75,0,1,0,8,2
(Mumbai Indians),,,,,,,,,,,,,,
Misbah-ul-Haq,2008-2008,4,4,1,58,47*,19.33,38,152.63,0,0,1,3,4
(Royal Challengers Bangalore),,,,,,,,,,,,,,
Washington Sundar,2018-2019,7,5,2,58,35,19.33,31,187.09,0,0,1,4,4
(Royal Challengers Bangalore),,,,,,,,,,,,,,
DJ Hussey,2008-2014,3,2,0,57,45,28.5,41,139.02,0,0,0,3,4
"(Chennai Super Kings, Kings XI Punjab, Kolkata Knight Riders)",,,,,,,,,,,,,,
AB McDonald,2010-2013,4,4,1,57,30,19,43,132.55,0,0,1,6,3
"(Delhi Daredevils, Royal Challengers Bangalore)",,,,,,,,,,,,,,
B Sai Sudharsan,2024-2025,2,2,0,55,49,27.5,50,110,0,0,0,7,1
(Gujarat Titans),,,,,,,,,,,,,,
ST Jayasuriya,2008-2008,1,1,0,54,54,54,37,145.94,0,1,0,4,4
(Mumbai Indians),,,,,,,,,,,,,,
NLTC Perera,2013-2016,2,2,0,54,40,27,32,168.75,0,0,0,2,5
"(Rising Pune Supergiants, Sunrisers Hyderabad)",,,,,,,,,,,,,,
KP Pietersen,2010-2014,2,2,0,54,33,27,45,120,0,0,0,3,2
"(Delhi Daredevils, Royal Challengers Bangalore)",,,,,,,,,,,,,,
N Wadhera,2023-2025,2,2,1,54,33*,54,32,168.75,0,0,0,4,5
"(Mumbai Indians, Punjab Kings)",,,,,,,,,,,,,,
A Symonds,2010-2010,1,1,1,53,53*,-,24,220.83,0,1,0,5,3
(Deccan Chargers),,,,,,,,,,,,,,
R Tewatia,2014-2025,6,4,3,53,35,53,37,143.24,0,0,0,8,1
"(Delhi Capitals, Delhi Daredevils, Gujarat Titans, Rajasthan Royals)",,,,,,,,,,,,,,
VVS Laxman,2008-2008,1,1,0,52,52,52,44,118.18,0,1,0,7,0
(Deccan Chargers),,,,,,,,,,,,,,
CA Pujara,2010-2013,6,4,0,52,19,13,49,106.12,0,0,0,4,3
"(Kolkata Knight Riders, Royal Challengers Bangalore)",,,,,,,,,,,,,,
BCJ Cutting,2016-2018,2,2,2,51,39*,-,21,242.85,0,0,0,4,5
"(Mumbai Indians, Sunrisers Hyderabad)",,,,,,,,,,,,,,
N Saini,2012-2012,1,1,0,50,50,50,36,138.88,0,1,0,5,0
(Kings XI Punjab),,,,,,,,,,,,,,
AD Nath,2016-2019,5,4,0,49,24,12.25,45,108.88,0,0,0,5,1
"(Gujarat Lions, Royal Challengers Bangalore)",,,,,,,,,,,,,,
SC Ganguly,2008-2012,3,3,0,49,33,16.33,52,94.23,0,0,0,4,2
"(Kolkata Knight Riders, Pune Warriors)",,,,,,,,,,,,,,
WG Jacks,2024-2024,3,3,0,49,41,16.33,36,136.11,0,0,0,4,2
(Royal Challengers Bengaluru),,,,,,,,,,,,,,
GC Smith,2008-2008,1,1,0,49,49,49,42,116.66,0,0,0,8,0
(Rajasthan Royals),,,,,,,,,,,,,,
RT Ponting,2008-2013,2,2,0,48,28,24,53,90.56,0,0,0,2,2
"(Kolkata Knight Riders, Mumbai Indians)",,,,,,,,,,,,,,
DJ Harris,2012-2012,1,1,0,47,47,47,41,114.63,0,0,0,2,4
(Deccan Chargers),,,,,,,,,,,,,,
ML Hayden,2008-2010,2,2,0,45,32,22.5,47,95.74,0,0,0,7,0
(Chennai Super Kings),,,,,,,,,,,,,,
Z Khan,2008-2017,25,10,6,45,17*,11.25,48,93.75,0,0,2,5,0
"(Delhi Daredevils, Mumbai Indians, Royal Challengers Bangalore)",,,,,,,,,,,,,,
MA Starc,2014-2025,12,4,2,45,29,22.5,39,115.38,0,0,0,5,0
"(Delhi Capitals, Kolkata Knight Riders, Royal Challengers Bangalore)",,,,,,,,,,,,,,
RA Tripathi,2017-2018,2,2,1,45,31,45,28,160.71,0,0,0,4,2
"(Rajasthan Royals, Rising Pune Supergiant)",,,,,,,,,,,,,,
JP Faulkner,2013-2017,3,2,1,44,41*,44,24,183.33,0,0,0,3,3
"(Gujarat Lions, Rajasthan Royals)",,,,,,,,,,,,,,
M Kaif,2008-2012,8,5,2,44,15,14.66,44,100,0,0,0,4,0
"(Kings XI Punjab, Rajasthan Royals, Royal Challengers Bangalore)",,,,,,,,,,,,,,
EJG Morgan,2010-2016,7,5,1,44,22*,11,45,97.77,0,0,0,4,0
"(Kolkata Knight Riders, Royal Challengers Bangalore, Sunrisers Hyderabad)",,,,,,,,,,,,,,
MC Henriques,2013-2016,6,5,3,42,19,21,41,102.43,0,0,0,6,0
"(Royal Challengers Bangalore, Sunrisers Hyderabad)",,,,,,,,,,,,,,
JA Morkel,2008-2014,6,4,1,41,19,13.66,37,110.81,0,0,0,1,3
"(Chennai Super Kings, Royal Challengers Bangalore)",,,,,,,,,,,,,,
T Stubbs,2024-2025,2,2,1,41,38*,41,27,151.85,0,0,0,4,1
(Delhi Capitals),,,,,,,,,,,,,,
MJ Guptill,2017-2019,2,2,0,39,30,19.5,33,118.18,0,0,0,3,2
"(Kings XI Punjab, Sunrisers Hyderabad)",,,,,,,,,,,,,,
Prabhsimran Singh,2024-2025,2,2,0,38,25,19,26,146.15,0,0,0,4,2
(Punjab Kings),,,,,,,,,,,,,,
S Rana,2014-2014,3,3,2,38,18,38,36,105.55,0,0,0,3,1
(Royal Challengers Bangalore),,,,,,,,,,,,,,
Abdul Samad,2024-2024,1,1,1,37,37*,-,10,370,0,0,0,4,3
(Sunrisers Hyderabad),,,,,,,,,,,,,,
AD Hales,2018-2018,1,1,0,37,37,37,24,154.16,0,0,0,2,3
(Sunrisers Hyderabad),,,,,,,,,,,,,,
M Shahrukh Khan,2024-2025,2,1,0,37,37,37,24,154.16,0,0,0,5,1
(Gujarat Titans),,,,,,,,,,,,,,
Shahbaz Ahmed,2023-2024,7,4,1,36,20*,12,31,116.12,0,0,0,3,1
"(Royal Challengers Bangalore, Sunrisers Hyderabad)",,,,,,,,,,,,,,
A Ashish Reddy,2012-2016,4,2,0,35,32,17.5,22,159.09,0,0,0,2,3
"(Deccan Chargers, Sunrisers Hyderabad)",,,,,,,,,,,,,,
Abhishek Sharma,2024-2024,1,1,0,34,34,34,22,154.54,0,0,0,2,2
(Sunrisers Hyderabad),,,,,,,,,,,,,,
SW Billings,2017-2018,2,2,0,34,25,17,26,130.76,0,0,0,3,1
"(Chennai Super Kings, Delhi Daredevils)",,,,,,,,,,,,,,
MN Samuels,2012-2012,1,1,0,34,34,34,20,170,0,0,0,1,2
(Pune Warriors),,,,,,,,,,,,,,
S Aravind,2011-2017,19,5,3,33,14*,16.5,37,89.18,0,0,0,3,0
(Royal Challengers Bangalore),,,,,,,,,,,,,,
IR Jaggi,2017-2017,2,2,1,33,28,33,39,84.61,0,0,0,3,0
(Kolkata Knight Riders),,,,,,,,,,,,,,
KC Sangakkara,2010-2013,3,2,1,33,23,33,27,122.22,0,0,0,3,1
"(Deccan Chargers, Kings XI Punjab, Sunrisers Hyderabad)",,,,,,,,,,,,,,
KV Sharma,2014-2024,9,3,2,33,26*,33,22,150,0,0,0,4,1
"(Mumbai Indians, Royal Challengers Bangalore, Royal Challengers Bengaluru, Sunrisers Hyderabad)",,,,,,,,,,,,,,
AK Markram,2024-2024,1,1,1,32,32*,-,17,188.23,0,0,0,2,2
(Sunrisers Hyderabad),,,,,,,,,,,,,,
HV Patel,2012-2024,23,8,1,31,10,4.42,24,129.16,0,0,2,2,2
"(Delhi Daredevils, Punjab Kings, Royal Challengers Bangalore)",,,,,,,,,,,,,,
RR Sarwan,2008-2008,1,1,0,31,31,31,29,106.89,0,0,0,4,1
(Kings XI Punjab),,,,,,,,,,,,,,
A Badoni,2023-2024,2,2,0,30,30,15,27,111.11,0,0,1,4,0
(Lucknow Super Giants),,,,,,,,,,,,,,
SE Rutherford,2025-2025,1,1,1,30,30*,-,18,166.66,0,0,0,1,3
(Gujarat Titans),,,,,,,,,,,,,,
SD Hope,2024-2024,1,1,0,29,29,29,23,126.08,0,0,0,4,0
(Delhi Capitals),,,,,,,,,,,,,,
SS Prabhudessai,2023-2023,3,3,0,29,19,9.66,22,131.81,0,0,1,1,2
(Royal Challengers Bangalore),,,,,,,,,,,,,,
RR Rossouw,2014-2015,4,4,0,29,14,7.25,37,78.37,0,0,1,2,1
(Royal Challengers Bangalore),,,,,,,,,,,,,,
BA Stokes,2017-2018,2,2,0,29,27,14.5,24,120.83,0,0,0,2,1
"(Rajasthan Royals, Rising Pune Supergiant)",,,,,,,,,,,,,,
VH Zol,2014-2014,3,2,0,29,16,14.5,26,111.53,0,0,0,3,1
(Royal Challengers Bangalore),,,,,,,,,,,,,,
J Fraser-McGurk,2024-2025,2,2,0,28,21,14,14,200,0,0,0,3,2
(Delhi Capitals),,,,,,,,,,,,,,
PP Shaw,2019-2023,2,2,0,28,28,14,24,116.66,0,0,1,5,0
(Delhi Capitals),,,,,,,,,,,,,,
N Jagadeesan,2023-2023,1,1,0,27,27,27,29,93.1,0,0,0,4,0
(Kolkata Knight Riders),,,,,,,,,,,,,,
S Sriram,2010-2010,1,1,0,27,27,27,29,93.1,0,0,0,3,0
(Royal Challengers Bangalore),,,,,,,,,,,,,,
R Bhatia,2008-2016,6,3,2,26,13,26,12,216.66,0,0,0,3,1
"(Delhi Daredevils, Kolkata Knight Riders, Rajasthan Royals, Rising Pune Supergiants)",,,,,,,,,,,,,,
MG Bracewell,2023-2023,2,1,0,26,26,26,16,162.5,0,0,0,5,0
(Royal Challengers Bangalore),,,,,,,,,,,,,,
PP Chawla,2008-2023,14,4,2,26,13*,13,19,136.84,0,0,0,1,2
"(Kings XI Punjab, Kolkata Knight Riders, Mumbai Indians)",,,,,,,,,,,,,,
Ishan Kishan,2017-2023,3,3,0,26,16,8.66,25,104,0,0,1,6,0
"(Gujarat Lions, Mumbai Indians)",,,,,,,,,,,,,,
KB Arun Karthik,2011-2013,8,3,1,25,19*,12.5,26,96.15,0,0,0,3,0
(Royal Challengers Bangalore),,,,,,,,,,,,,,
M Klinger,2011-2011,1,1,0,24,24,24,25,96,0,0,0,3,0
(Kochi Tuskers Kerala),,,,,,,,,,,,,,
B Kumar,2012-2025,13,7,5,24,8,12,37,64.86,0,0,0,3,0
"(Pune Warriors, Royal Challengers Bengaluru, Sunrisers Hyderabad)",,,,,,,,,,,,,,
MR Marsh,2010-2023,3,2,0,24,24,12,27,88.88,0,0,1,0,2
"(Deccan Chargers, Delhi Capitals, Pune Warriors)",,,,,,,,,,,,,,
DL Vettori,2011-2012,10,3,0,24,20,8,18,133.33,0,0,0,3,1
(Royal Challengers Bangalore),,,,,,,,,,,,,,
VR Aaron,2014-2019,14,4,3,23,17*,23,19,121.05,0,0,0,1,2
"(Kings XI Punjab, Rajasthan Royals, Royal Challengers Bangalore)",,,,,,,,,,,,,,
SM Curran,2024-2024,1,1,0,23,23,23,17,135.29,0,0,0,3,0
(Punjab Kings),,,,,,,,,,,,,,
A Nortje,2023-2023,1,1,1,23,23*,-,14,164.28,0,0,0,4,0
(Delhi Capitals),,,,,,,,,,,,,,
MM Sharma,2013-2025,9,5,1,23,14,5.75,25,92,0,0,1,3,0
"(Chennai Super Kings, Delhi Capitals, Gujarat Titans, Kings XI Punjab)",,,,,,,,,,,,,,
RK Singh,2023-2024,2,2,2,23,18*,-,15,153.33,0,0,0,2,1
(Kolkata Knight Riders),,,,,,,,,,,,,,
GJ Bailey,2010-2016,5,5,0,22,18,4.4,42,52.38,0,0,1,2,0
"(Chennai Super Kings, Kings XI Punjab, Rising Pune Supergiants)",,,,,,,,,,,,,,
CA Ingram,2019-2019,1,1,0,22,22,22,21,104.76,0,0,0,2,1
(Delhi Capitals),,,,,,,,,,,,,,
DJ Jacobs,2011-2011,1,1,0,22,22,22,16,137.5,0,0,0,2,2
(Mumbai Indians),,,,,,,,,,,,,,
DS Kulkarni,2008-2018,5,3,1,22,10*,11,12,183.33,0,0,0,4,0
"(Gujarat Lions, Mumbai Indians, Rajasthan Royals)",,,,,,,,,,,,,,
R Parag,2019-2025,2,1,0,22,22,22,10,220,0,0,0,2,2
(Rajasthan Royals),,,,,,,,,,,,,,
Shashank Singh,2024-2025,2,2,1,22,21*,22,13,169.23,0,0,0,1,2
(Punjab Kings),,,,,,,,,,,,,,
PC Valthaty,2011-2011,1,1,0,21,21,21,16,131.25,0,0,0,4,0
(Kings XI Punjab),,,,,,,,,,,,,,
B Chipli,2008-2008,3,3,0,20,10,6.66,28,71.42,0,0,0,3,0
(Royal Challengers Bangalore),,,,,,,,,,,,,,
M Manhas,2010-2014,5,3,2,20,11*,20,22,90.9,0,0,0,2,0
"(Chennai Super Kings, Delhi Daredevils, Pune Warriors)",,,,,,,,,,,,,,
A Choudhary,2017-2017,3,2,1,19,15*,19,18,105.55,0,0,0,1,0
(Royal Challengers Bangalore),,,,,,,,,,,,,,
ER Dwivedi,2016-2016,1,1,0,19,19,19,9,211.11,0,0,0,1,2
(Gujarat Lions),,,,,,,,,,,,,,
BJ Hodge,2011-2013,3,3,1,19,13,9.5,31,61.29,0,0,0,1,0
"(Kochi Tuskers Kerala, Rajasthan Royals)",,,,,,,,,,,,,,
DJ Hooda,2016-2023,4,4,1,19,9,6.33,23,82.6,0,0,0,2,0
"(Lucknow Super Giants, Sunrisers Hyderabad)",,,,,,,,,,,,,,
DR Martyn,2010-2010,1,1,0,19,19,19,24,79.16,0,0,0,1,0
(Rajasthan Royals),,,,,,,,,,,,,,
Rashid Khan,2017-2025,6,2,0,19,18,9.5,16,118.75,0,0,0,2,1
"(Gujarat Titans, Sunrisers Hyderabad)",,,,,,,,,,,,,,
YV Takawale,2008-2014,2,1,0,19,19,19,17,111.76,0,0,0,4,0
"(Mumbai Indians, Royal Challengers Bangalore)",,,,,,,,,,,,,,
RN ten Doeschate,2012-2015,3,3,0,19,12,6.33,14,135.71,0,0,0,2,1
(Kolkata Knight Riders),,,,,,,,,,,,,,
Aman Hakim Khan,2023-2023,1,1,0,18,18,18,10,180,0,0,0,1,1
(Delhi Capitals),,,,,,,,,,,,,,
AP Tare,2010-2017,2,1,0,18,18,18,17,105.88,0,0,0,3,0
"(Delhi Daredevils, Mumbai Indians)",,,,,,,,,,,,,,
Y Venugopal Rao,2010-2012,2,1,0,18,18,18,23,78.26,0,0,0,1,0
"(Deccan Chargers, Delhi Daredevils)",,,,,,,,,,,,,,
CJ Anderson,2018-2018,2,2,0,17,15,8.5,21,80.95,0,0,0,0,1
(Royal Challengers Bangalore),,,,,,,,,,,,,,
SB Bangar,2008-2008,1,1,1,17,17*,-,7,242.85,0,0,0,0,2
(Deccan Chargers),,,,,,,,,,,,,,
RJ Harris,2010-2012,3,1,0,17,17,17,25,68,0,0,0,1,0
"(Deccan Chargers, Kings XI Punjab)",,,,,,,,,,,,,,
MG Johnson,2013-2018,6,2,1,17,16*,17,16,106.25,0,0,0,1,1
"(Kings XI Punjab, Kolkata Knight Riders, Mumbai Indians)",,,,,,,,,,,,,,
MC Juneja,2013-2013,1,1,0,17,17,17,16,106.25,0,0,0,2,0
(Delhi Daredevils),,,,,,,,,,,,,,
SL Malinga,2011-2019,6,1,0,17,17,17,16,106.25,0,0,0,1,1
(Mumbai Indians),,,,,,,,,,,,,,
P Arya,2025-2025,1,1,0,16,16,16,11,145.45,0,0,0,1,1
(Punjab Kings),,,,,,,,,,,,,,
UT Khawaja,2016-2016,1,1,0,16,16,16,6,266.66,0,0,0,2,1
(Rising Pune Supergiants),,,,,,,,,,,,,,
Y Nagar,2012-2012,1,1,0,16,16,16,15,106.66,0,0,0,2,0
(Delhi Daredevils),,,,,,,,,,,,,,
LA Pomersbach,2011-2011,2,1,0,16,16,16,14,114.28,0,0,0,2,0
(Royal Challengers Bangalore),,,,,,,,,,,,,,
Shakib Al Hasan,2012-2018,3,2,0,16,12,8,11,145.45,0,0,0,2,0
"(Kolkata Knight Riders, Sunrisers Hyderabad)",,,,,,,,,,,,,,
V Suryavanshi,2025-2025,1,1,0,16,16,16,12,133.33,0,0,0,0,2
(Rajasthan Royals),,,,,,,,,,,,,,
Arshad Khan,2023-2025,2,1,1,15,15*,-,9,166.66,0,0,0,0,1
"(Gujarat Titans, Mumbai Indians)",,,,,,,,,,,,,,
Swapnil Singh,2024-2024,3,2,1,15,15*,15,10,150,0,0,1,2,1
(Royal Challengers Bengaluru),,,,,,,,,,,,,,
DJ Willey,2023-2023,3,2,2,15,11*,-,12,125,0,0,0,2,0
(Royal Challengers Bangalore),,,,,,,,,,,,,,
SA Abbott,2015-2015,1,1,0,14,14,14,9,155.55,0,0,0,1,1
(Royal Challengers Bangalore),,,,,,,,,,,,,,
Abishek Porel,2023-2025,3,3,0,14,7,4.66,18,77.77,0,0,0,1,0
(Delhi Capitals),,,,,,,,,,,,,,
PW Hasaranga,2023-2025,5,4,1,14,6,4.66,16,87.5,0,0,0,0,0
"(Rajasthan Royals, Royal Challengers Bangalore)",,,,,,,,,,,,,,
JP Inglis,2025-2025,1,1,0,14,14,14,17,82.35,0,0,0,2,0
(Punjab Kings),,,,,,,,,,,,,,
Mohammed Siraj,2018-2025,22,5,2,14,12,4.66,14,100,0,0,1,0,2
"(Gujarat Titans, Royal Challengers Bangalore, Royal Challengers Bengaluru)",,,,,,,,,,,,,,
BJ Rohrer,2013-2013,1,1,0,14,14,14,14,100,0,0,0,2,0
(Delhi Daredevils),,,,,,,,,,,,,,
DJG Sammy,2014-2015,2,2,0,14,8,7,17,82.35,0,0,0,0,1
"(Royal Challengers Bangalore, Sunrisers Hyderabad)",,,,,,,,,,,,,,
V Vyshak,2023-2024,8,3,2,14,13*,14,11,127.27,0,0,1,0,1
"(Royal Challengers Bangalore, Royal Challengers Bengaluru)",,,,,,,,,,,,,,
JEC Franklin,2011-2012,2,1,0,13,13,13,13,100,0,0,0,0,1
(Mumbai Indians),,,,,,,,,,,,,,
Kuldeep Yadav,2018-2025,5,2,1,13,7*,13,16,81.25,0,0,0,1,0
"(Delhi Capitals, Kolkata Knight Riders)",,,,,,,,,,,,,,
MF Maharoof,2008-2008,1,1,1,13,13*,-,8,162.5,0,0,0,1,1
(Delhi Daredevils),,,,,,,,,,,,,,
UT Yadav,2010-2023,22,6,5,13,9*,13,11,118.18,0,0,1,2,0
"(Delhi Daredevils, Kolkata Knight Riders, Royal Challengers Bangalore)",,,,,,,,,,,,,,
DAJ Bracewell,2012-2012,1,1,1,12,12*,-,9,133.33,0,0,0,1,0
(Delhi Daredevils),,,,,,,,,,,,,,
KC Cariappa,2016-2016,1,1,1,12,12*,-,8,150,0,0,0,0,1
(Kings XI Punjab),,,,,,,,,,,,,,
SB Dubey,2025-2025,1,1,0,12,12,12,7,171.42,0,0,0,1,1
(Rajasthan Royals),,,,,,,,,,,,,,
AD Mathews,2010-2015,3,3,0,12,10,4,12,100,0,0,0,0,1
"(Delhi Daredevils, Kolkata Knight Riders, Pune Warriors)",,,,,,,,,,,,,,
AM Nayar,2008-2012,4,3,1,12,9*,6,14,85.71,0,0,0,1,0
"(Kings XI Punjab, Mumbai Indians)",,,,,,,,,,,,,,
R Rampaul,2013-2014,5,2,1,12,12*,12,8,150,0,0,1,0,1
(Royal Challengers Bangalore),,,,,,,,,,,,,,
PA Reddy,2012-2013,2,1,0,12,12,12,11,109.09,0,0,0,2,0
"(Deccan Chargers, Sunrisers Hyderabad)",,,,,,,,,,,,,,
Sandeep Sharma,2013-2025,8,2,1,12,7,12,14,85.71,0,0,0,1,0
"(Kings XI Punjab, Rajasthan Royals, Sunrisers Hyderabad)",,,,,,,,,,,,,,
R Sathish,2011-2013,2,1,1,12,12*,-,6,200,0,0,0,1,1
"(Kings XI Punjab, Mumbai Indians)",,,,,,,,,,,,,,
S Badree,2014-2017,6,3,0,11,8,3.66,13,84.61,0,0,1,0,0
"(Chennai Super Kings, Royal Challengers Bangalore)",,,,,,,,,,,,,,
DJM Short,2018-2018,1,1,0,11,11,11,17,64.7,0,0,0,1,0
(Rajasthan Royals),,,,,,,,,,,,,,
TG Southee,2016-2019,8,3,2,11,9*,11,12,91.66,0,0,0,0,0
"(Mumbai Indians, Royal Challengers Bangalore)",,,,,,,,,,,,,,
JD Unadkat,2011-2024,14,2,1,11,9,11,12,91.66,0,0,0,1,0
"(Kolkata Knight Riders, Lucknow Super Giants, Rajasthan Royals, Rising Pune Supergiant, Royal Challengers Bangalore, Sunrisers Hyderabad)",,,,,,,,,,,,,,
B Akhil,2008-2008,4,4,1,10,5,3.33,12,83.33,0,0,1,1,0
(Royal Challengers Bangalore),,,,,,,,,,,,,,
HM Amla,2016-2017,2,2,0,10,9,5,9,111.11,0,0,0,0,1
(Kings XI Punjab),,,,,,,,,,,,,,
MJ Lumb,2010-2010,1,1,0,10,10,10,18,55.55,0,0,0,1,0
(Rajasthan Royals),,,,,,,,,,,,,,
Rasikh Salam,2024-2025,2,1,0,10,10,10,12,83.33,0,0,0,1,0
"(Delhi Capitals, Royal Challengers Bengaluru)",,,,,,,,,,,,,,
DW Steyn,2008-2019,16,5,2,10,8,3.33,16,62.5,0,0,1,1,0
"(Deccan Chargers, Royal Challengers Bangalore, Sunrisers Hyderabad)",,,,,,,,,,,,,,
YS Chahal,2014-2025,43,6,5,9,4*,9,11,81.81,0,0,0,0,0
"(Punjab Kings, Rajasthan Royals, Royal Challengers Bangalore)",,,,,,,,,,,,,,
MD Mishra,2010-2010,1,1,0,9,9,9,11,81.81,0,0,0,2,0
(Deccan Chargers),,,,,,,,,,,,,,
AA Noffke,2008-2008,1,1,0,9,9,9,10,90,0,0,0,1,0
(Royal Challengers Bangalore),,,,,,,,,,,,,,
Vishnu Vinod,2017-2017,1,1,0,9,9,9,5,180,0,0,0,0,1
(Royal Challengers Bangalore),,,,,,,,,,,,,,
JM Bairstow,2024-2024,1,1,0,8,8,8,6,133.33,0,0,0,2,0
(Punjab Kings),,,,,,,,,,,,,,
B Lee,2011-2012,2,1,1,8,8*,-,4,200,0,0,0,0,1
(Kolkata Knight Riders),,,,,,,,,,,,,,
A Mishra,2010-2023,6,1,1,8,8*,-,14,57.14,0,0,0,0,0
"(Deccan Chargers, Delhi Daredevils, Lucknow Super Giants, Sunrisers Hyderabad)",,,,,,,,,,,,,,
TD Paine,2011-2011,1,1,0,8,8,8,17,47.05,0,0,0,0,0
(Pune Warriors),,,,,,,,,,,,,,
RR Powar,2011-2011,1,1,1,8,8*,-,6,133.33,0,0,0,0,0
(Kochi Tuskers Kerala),,,,,,,,,,,,,,
Bipul Sharma,2010-2017,3,2,1,7,5,7,6,116.66,0,0,0,1,0
"(Kings XI Punjab, Sunrisers Hyderabad)",,,,,,,,,,,,,,
HH Gibbs,2008-2012,2,2,0,7,5,3.5,13,53.84,0,0,0,1,0
"(Deccan Chargers, Mumbai Indians)",,,,,,,,,,,,,,
RV Gomez,2011-2011,1,1,0,7,7,7,15,46.66,0,0,0,1,0
(Kochi Tuskers Kerala),,,,,,,,,,,,,,
PV Tambe,2014-2016,2,1,1,7,7*,-,19,36.84,0,0,0,1,0
"(Gujarat Lions, Rajasthan Royals)",,,,,,,,,,,,,,
AJ Tye,2017-2018,2,1,0,7,7,7,7,100,0,0,0,0,0
"(Gujarat Lions, Kings XI Punjab)",,,,,,,,,,,,,,
LJ Wright,2013-2013,1,1,0,7,7,7,3,233.33,0,0,0,0,1
(Pune Warriors),,,,,,,,,,,,,,
AB Agarkar,2008-2010,2,1,1,6,6*,-,6,100,0,0,0,0,0
(Kolkata Knight Riders),,,,,,,,,,,,,,
NM Coulter-Nile,2017-2017,2,1,0,6,6,6,4,150,0,0,0,0,1
(Kolkata Knight Riders),,,,,,,,,,,,,,
PJ Cummins,2015-2024,3,1,0,6,6,6,6,100,0,0,0,1,0
"(Delhi Daredevils, Kolkata Knight Riders, Sunrisers Hyderabad)",,,,,,,,,,,,,,
P Dogra,2010-2012,2,2,1,6,3*,6,14,42.85,0,0,0,0,0
"(Kings XI Punjab, Rajasthan Royals)",,,,,,,,,,,,,,
SB Joshi,2008-2008,2,2,0,6,3,3,14,42.85,0,0,0,0,0
(Royal Challengers Bangalore),,,,,,,,,,,,,,
M Markande,2018-2024,3,1,0,6,6,6,5,120,0,0,0,1,0
"(Mumbai Indians, Sunrisers Hyderabad)",,,,,,,,,,,,,,
A Mithun,2011-2012,7,3,3,6,6*,-,3,200,0,0,0,1,0
(Royal Challengers Bangalore),,,,,,,,,,,,,,
M Muralidaran,2010-2014,11,1,0,6,6,6,8,75,0,0,0,0,0
"(Chennai Super Kings, Royal Challengers Bangalore)",,,,,,,,,,,,,,
AUK Pathan,2011-2012,4,4,1,6,4,2,10,60,0,0,2,0,0
(Royal Challengers Bangalore),,,,,,,,,,,,,,
AN Ahmed,2014-2015,3,2,1,5,4,5,3,166.66,0,0,0,1,0
(Royal Challengers Bangalore),,,,,,,,,,,,,,
DT Christian,2013-2017,2,2,0,5,4,2.5,16,31.25,0,0,0,0,0
"(Rising Pune Supergiant, Royal Challengers Bangalore)",,,,,,,,,,,,,,
JR Hopes,2008-2008,1,1,0,5,5,5,4,125,0,0,0,1,0
(Kings XI Punjab),,,,,,,,,,,,,,
AA Jhunjhunwala,2010-2010,1,1,0,5,5,5,7,71.42,0,0,0,1,0
(Rajasthan Royals),,,,,,,,,,,,,,
A Kumble,2008-2010,12,4,3,5,3,5,11,45.45,0,0,0,0,0
(Royal Challengers Bangalore),,,,,,,,,,,,,,
Mohammad Hafeez,2008-2008,1,1,1,5,5*,-,3,166.66,0,0,0,1,0
(Kolkata Knight Riders),,,,,,,,,,,,,,
AG Murtaza,2011-2013,2,1,0,5,5,5,4,125,0,0,0,1,0
"(Mumbai Indians, Pune Warriors)",,,,,,,,,,,,,,
HR Shokeen,2023-2023,1,1,0,5,5,5,3,166.66,0,0,0,1,0
(Mumbai Indians),,,,,,,,,,,,,,
LR Shukla,2008-2012,2,1,0,5,5,5,8,62.5,0,0,0,0,0
(Kolkata Knight Riders),,,,,,,,,,,,,,
J Syed Mohammad,2011-2013,3,2,1,5,4*,5,3,166.66,0,0,0,1,0
(Royal Challengers Bangalore),,,,,,,,,,,,,,
DH Yagnik,2013-2013,1,1,0,5,5,5,4,125,0,0,0,1,0
(Rajasthan Royals),,,,,,,,,,,,,,
A Chandila,2013-2013,1,1,1,4,4*,-,6,66.66,0,0,0,0,0
(Rajasthan Royals),,,,,,,,,,,,,,
Karanveer Singh,2014-2015,2,1,0,4,4,4,7,57.14,0,0,0,0,0
(Kings XI Punjab),,,,,,,,,,,,,,
DJ Mitchell,2024-2024,1,1,0,4,4,4,6,66.66,0,0,0,0,0
(Chennai Super Kings),,,,,,,,,,,,,,
Mohammad Nabi,2019-2019,1,1,0,4,4,4,3,133.33,0,0,0,1,0
(Sunrisers Hyderabad),,,,,,,,,,,,,,
M Morkel,2010-2016,5,2,1,4,2*,4,12,33.33,0,0,0,0,0
"(Delhi Daredevils, Kolkata Knight Riders, Rajasthan Royals)",,,,,,,,,,,,,,
CH Morris,2013-2019,5,3,1,4,4,2,8,50,0,0,1,0,0
"(Chennai Super Kings, Delhi Capitals, Delhi Daredevils)",,,,,,,,,,,,,,
DT Patil,2008-2008,1,1,0,4,4,4,1,400,0,0,0,1,0
(Royal Challengers Bangalore),,,,,,,,,,,,,,
AS Rajpoot,2017-2019,3,1,0,4,4,4,7,57.14,0,0,0,1,0
"(Kings XI Punjab, Kolkata Knight Riders)",,,,,,,,,,,,,,
PJ Sangwan,2008-2013,3,1,1,4,4*,-,2,200,0,0,0,1,0
"(Delhi Daredevils, Kolkata Knight Riders)",,,,,,,,,,,,,,
Shivam Sharma,2014-2014,1,1,0,4,4,4,2,200,0,0,0,1,0
(Kings XI Punjab),,,,,,,,,,,,,,
Sunny Singh,2011-2011,1,1,0,4,4,4,5,80,0,0,0,0,0
(Kings XI Punjab),,,,,,,,,,,,,,
GH Vihari,2013-2013,1,1,1,4,4*,-,3,133.33,0,0,0,0,0
(Sunrisers Hyderabad),,,,,,,,,,,,,,
SK Warne,2008-2010,2,1,0,4,4,4,7,57.14,0,0,0,0,0
(Rajasthan Royals),,,,,,,,,,,,,,
Lalit Yadav,2023-2023,1,1,0,4,4,4,7,57.14,0,0,0,0,0
(Delhi Capitals),,,,,,,,,,,,,,
RD Gaikwad,2023-2024,2,2,0,3,3,1.5,7,42.85,0,0,1,0,0
(Chennai Super Kings),,,,,,,,,,,,,,
CJ Jordan,2016-2017,7,2,0,3,3,1.5,5,60,0,0,1,0,0
"(Royal Challengers Bangalore, Sunrisers Hyderabad)",,,,,,,,,,,,,,
Mukesh Kumar,2024-2025,2,1,0,3,3,3,7,42.85,0,0,0,0,0
(Delhi Capitals),,,,,,,,,,,,,,
Ravi Bishnoi,2023-2024,2,1,1,3,3*,-,2,150,0,0,0,0,0
(Lucknow Super Giants),,,,,,,,,,,,,,
MJ Santner,2024-2024,1,1,0,3,3,3,4,75,0,0,0,0,0
(Chennai Super Kings),,,,,,,,,,,,,,
RJW Topley,2023-2024,3,1,1,3,3*,-,6,50,0,0,0,0,0
"(Royal Challengers Bangalore, Royal Challengers Bengaluru)",,,,,,,,,,,,,,
SK Trivedi,2008-2013,4,2,1,3,3,3,7,42.85,0,0,0,0,0
(Rajasthan Royals),,,,,,,,,,,,,,
AS Yadav,2008-2008,1,1,1,3,3*,-,4,75,0,0,0,0,0
(Deccan Chargers),,,,,,,,,,,,,,
S Chanderpaul,2008-2008,1,1,0,2,2,2,9,22.22,0,0,0,0,0
(Royal Challengers Bangalore),,,,,,,,,,,,,,
Fazalhaq Farooqi,2025-2025,1,1,1,2,2*,-,2,100,0,0,0,0,0
(Rajasthan Royals),,,,,,,,,,,,,,
Harbhajan Singh,2010-2018,9,3,1,2,1*,1,6,33.33,0,0,1,0,0
"(Chennai Super Kings, Mumbai Indians)",,,,,,,,,,,,,,
Harpreet Brar,2024-2025,2,1,1,2,2*,-,2,100,0,0,0,0,0
(Punjab Kings),,,,,,,,,,,,,,
K Kushagra,2024-2024,1,1,0,2,2,2,3,66.66,0,0,0,0,0
(Delhi Capitals),,,,,,,,,,,,,,
AF Milne,2016-2017,2,1,0,2,2,2,3,66.66,0,0,0,0,0
(Royal Challengers Bangalore),,,,,,,,,,,,,,
WD Parnell,2023-2023,4,1,0,2,2,2,5,40,0,0,0,0,0
(Royal Challengers Bangalore),,,,,,,,,,,,,,
BB Samantray,2013-2013,1,1,1,2,2*,-,2,100,0,0,0,0,0
(Sunrisers Hyderabad),,,,,,,,,,,,,,
R Shukla,2014-2014,1,1,1,2,2*,-,6,33.33,0,0,0,0,0
(Delhi Daredevils),,,,,,,,,,,,,,
SB Styris,2008-2008,1,1,0,2,2,2,3,66.66,0,0,0,0,0
(Deccan Chargers),,,,,,,,,,,,,,
Abdul Basith,2023-2023,1,1,1,1,1*,-,1,100,0,0,0,0,0
(Rajasthan Royals),,,,,,,,,,,,,,
M Ashwin,2018-2019,2,1,1,1,1*,-,2,50,0,0,0,0,0
"(Kings XI Punjab, Royal Challengers Bangalore)",,,,,,,,,,,,,,
L Balaji,2010-2014,6,2,2,1,1*,-,3,33.33,0,0,0,0,0
"(Chennai Super Kings, Kings XI Punjab, Kolkata Knight Riders)",,,,,,,,,,,,,,
MS Bhandage,2025-2025,1,1,0,1,1,1,4,25,0,0,0,0,0
(Royal Challengers Bengaluru),,,,,,,,,,,,,,
CR Brathwaite,2016-2017,2,1,0,1,1,1,5,20,0,0,0,0,0
(Delhi Daredevils),,,,,,,,,,,,,,
TU Deshpande,2023-2025,3,1,1,1,1*,-,2,50,0,0,0,0,0
"(Chennai Super Kings, Rajasthan Royals)",,,,,,,,,,,,,,
YV Dhull,2023-2023,1,1,0,1,1,1,4,25,0,0,0,0,0
(Delhi Capitals),,,,,,,,,,,,,,
AB Dinda,2008-2016,8,2,1,1,1*,1,2,50,0,0,1,0,0
"(Kolkata Knight Riders, Pune Warriors, Rising Pune Supergiants, Royal Challengers Bangalore)",,,,,,,,,,,,,,
Harpreet Singh,2011-2011,1,1,1,1,1*,-,1,100,0,0,0,0,0
(Pune Warriors),,,,,,,,,,,,,,
SB Jakati,2011-2016,4,2,2,1,1*,-,2,50,0,0,0,0,0
"(Chennai Super Kings, Gujarat Lions, Royal Challengers Bangalore)",,,,,,,,,,,,,,
MJ McClenaghan,2015-2019,5,3,1,1,1,0.5,5,20,0,0,1,0,0
(Mumbai Indians),,,,,,,,,,,,,,
BAW Mendis,2010-2010,1,1,1,1,1*,-,1,100,0,0,0,0,0
(Kolkata Knight Riders),,,,,,,,,,,,,,
Mohammed Shami,2014-2023,4,1,1,1,1*,-,1,100,0,0,0,0,0
"(Delhi Daredevils, Gujarat Titans, Kings XI Punjab)",,,,,,,,,,,,,,
Pankaj Singh,2010-2012,2,1,0,1,1,1,2,50,0,0,0,0,0
"(Rajasthan Royals, Royal Challengers Bangalore)",,,,,,,,,,,,,,
P Parameswaran,2011-2012,2,1,1,1,1*,-,1,100,0,0,0,0,0
"(Kochi Tuskers Kerala, Royal Challengers Bangalore)",,,,,,,,,,,,,,
Shahid Afridi,2008-2008,1,1,0,1,1,1,2,50,0,0,0,0,0
(Deccan Chargers),,,,,,,,,,,,,,
RP Singh,2008-2016,12,2,1,1,1*,1,1,100,0,0,1,0,0
"(Deccan Chargers, Kochi Tuskers Kerala, Mumbai Indians, Rising Pune Supergiants, Royal Challengers Bangalore)",,,,,,,,,,,,,,
MJ Suthar,2024-2024,1,1,0,1,1,1,2,50,0,0,0,0,0
(Gujarat Titans),,,,,,,,,,,,,,
SW Tait,2013-2013,1,1,0,1,1,1,3,33.33,0,0,0,0,0
(Rajasthan Royals),,,,,,,,,,,,,,
SN Thakur,2017-2024,4,3,1,1,1*,0.5,3,33.33,0,0,2,0,0
"(Chennai Super Kings, Rising Pune Supergiant)",,,,,,,,,,,,,,
CR Woakes,2017-2018,4,2,2,1,1*,-,3,33.33,0,0,0,0,0
"(Kolkata Knight Riders, Royal Challengers Bangalore)",,,,,,,,,,,,,,
MA Wood,2023-2023,1,1,0,1,1,1,2,50,0,0,0,0,0
(Lucknow Super Giants),,,,,,,,,,,,,,
KJ Abbott,2016-2016,1,1,0,0,0,0,1,0,0,0,1,0,0
(Kings XI Punjab),,,,,,,,,,,,,,
L Ablish,2011-2011,1,1,1,0,0*,-,2,0,0,0,0,0,0
(Kings XI Punjab),,,,,,,,,,,,,,
Anureet Singh,2015-2015,1,1,0,0,0,0,2,0,0,0,1,0,0
(Kings XI Punjab),,,,,,,,,,,,,,
JC Archer,2023-2025,2,1,0,0,0,0,1,0,0,0,1,0,0
"(Mumbai Indians, Rajasthan Royals)",,,,,,,,,,,,,,
Avesh Khan,2023-2023,1,1,1,0,0*,-,1,0,0,0,0,0,0
(Lucknow Super Giants),,,,,,,,,,,,,,
F Behardien,2016-2016,1,1,0,0,0,0,1,0,0,0,1,0,0
(Kings XI Punjab),,,,,,,,,,,,,,
JJ Bumrah,2013-2019,7,1,1,0,0*,-,1,0,0,0,0,0,0
(Mumbai Indians),,,,,,,,,,,,,,
SD Chauhan,2024-2024,1,1,0,0,0,0,1,0,0,0,1,0,0
(Royal Challengers Bengaluru),,,,,,,,,,,,,,
MJ Dagar,2024-2024,3,1,0,0,0,0,1,0,0,0,1,0,0
(Royal Challengers Bengaluru),,,,,,,,,,,,,,
JR Hazlewood,2025-2025,4,1,1,0,0*,-,1,0,0,0,0,0,0
(Royal Challengers Bengaluru),,,,,,,,,,,,,,
S Kaushik,2016-2016,1,1,0,0,0,0,1,0,0,0,1,0,0
(Gujarat Lions),,,,,,,,,,,,,,
KR Mayers,2023-2023,1,1,0,0,0,0,3,0,0,0,1,0,0
(Lucknow Super Giants),,,,,,,,,,,,,,
TS Mills,2017-2017,2,1,0,0,0,0,3,0,0,0,1,0,0
(Royal Challengers Bangalore),,,,,,,,,,,,,,
Mujeeb Ur Rahman,2018-2018,1,1,0,0,0,0,2,0,0,0,1,0,0
(Kings XI Punjab),,,,,,,,,,,,,,
S Nadeem,2012-2018,5,1,0,0,0,0,2,0,0,0,1,0,0
(Delhi Daredevils),,,,,,,,,,,,,,
S Narwal,2010-2010,1,1,0,0,0,0,1,0,0,0,1,0,0
(Rajasthan Royals),,,,,,,,,,,,,,
A Nehra,2008-2016,6,1,1,0,0*,-,1,0,0,0,0,0,0
"(Chennai Super Kings, Delhi Daredevils, Mumbai Indians, Pune Warriors, Sunrisers Hyderabad)",,,,,,,,,,,,,,
Noor Ahmad,2023-2024,2,1,1,0,0*,-,0,-,0,0,0,0,0
(Gujarat Titans),,,,,,,,,,,,,,
JDP Oram,2008-2013,2,1,1,0,0*,-,0,-,0,0,0,0,0
"(Chennai Super Kings, Mumbai Indians)",,,,,,,,,,,,,,
IC Pandey,2013-2015,2,1,0,0,0,0,2,0,0,0,1,0,0
"(Chennai Super Kings, Pune Warriors)",,,,,,,,,,,,,,
MM Patel,2008-2013,5,1,0,0,0,0,2,0,0,0,1,0,0
"(Mumbai Indians, Rajasthan Royals)",,,,,,,,,,,,,,
M Rawat,2008-2008,1,1,0,0,0,0,2,0,0,0,1,0,0
(Rajasthan Royals),,,,,,,,,,,,,,
NA Saini,2019-2019,7,1,1,0,0*,-,1,0,0,0,0,0,0
(Royal Challengers Bangalore),,,,,,,,,,,,,,
MD Shanaka,2023-2023,1,1,0,0,0,0,3,0,0,0,1,0,0
(Gujarat Titans),,,,,,,,,,,,,,
I Sharma,2008-2025,7,2,1,0,0*,0,6,0,0,0,1,0,0
"(Delhi Capitals, Gujarat Titans, Kolkata Knight Riders, Sunrisers Hyderabad)",,,,,,,,,,,,,,
S Sreesanth,2008-2013,3,1,0,0,0,0,2,0,0,0,1,0,0
"(Kings XI Punjab, Rajasthan Royals)",,,,,,,,,,,,,,
GC Viljoen,2019-2019,1,1,0,0,0,0,1,0,0,0,1,0,0
(Kings XI Punjab),,,,,,,,,,,,,,
Yash Dayal,2023-2025,12,1,0,0,0,0,1,0,0,0,1,0,0
"(Gujarat Titans, Royal Challengers Bengaluru)",,,,,,,,,,,,,,
P Amarnath,2008-2008,1,-,-,-,-,-,-,-,-,-,-,-,-
(Chennai Super Kings),,,,,,,,,,,,,,
YA Abdulla,2010-2010,1,-,-,-,-,-,-,-,-,-,-,-,-
(Kings XI Punjab),,,,,,,,,,,,,,
KK Ahmed,2019-2024,2,-,-,-,-,-,-,-,-,-,-,-,-
"(Delhi Capitals, Sunrisers Hyderabad)",,,,,,,,,,,,,,
Akash Deep,2023-2023,1,-,-,-,-,-,-,-,-,-,-,-,-
(Royal Challengers Bangalore),,,,,,,,,,,,,,
Akash Singh,2023-2023,1,-,-,-,-,-,-,-,-,-,-,-,-
(Chennai Super Kings),,,,,,,,,,,,,,
Anand Rajan,2012-2012,1,-,-,-,-,-,-,-,-,-,-,-,-
(Deccan Chargers),,,,,,,,,,,,,,
Ankit Soni,2017-2017,1,-,-,-,-,-,-,-,-,-,-,-,-
(Gujarat Lions),,,,,,,,,,,,,,
KP Appanna,2012-2012,3,-,-,-,-,-,-,-,-,-,-,-,-
(Royal Challengers Bangalore),,,,,,,,,,,,,,
VG Arora,2023-2023,1,-,-,-,-,-,-,-,-,-,-,-,-
(Kolkata Knight Riders),,,,,,,,,,,,,,
Arshdeep Singh,2024-2025,2,-,-,-,-,-,-,-,-,-,-,-,-
(Punjab Kings),,,,,,,,,,,,,,
P Awana,2012-2014,3,-,-,-,-,-,-,-,-,-,-,-,-
(Kings XI Punjab),,,,,,,,,,,,,,
XC Bartlett,2025-2025,1,-,-,-,-,-,-,-,-,-,-,-,-
(Punjab Kings),,,,,,,,,,,,,,
Basil Thampi,2017-2019,3,-,-,-,-,-,-,-,-,-,-,-,-
"(Gujarat Lions, Sunrisers Hyderabad)",,,,,,,,,,,,,,
JP Behrendorff,2023-2023,1,-,-,-,-,-,-,-,-,-,-,-,-
(Mumbai Indians),,,,,,,,,,,,,,
DE Bollinger,2011-2011,1,-,-,-,-,-,-,-,-,-,-,-,-
(Chennai Super Kings),,,,,,,,,,,,,,
J Botha,2012-2012,1,-,-,-,-,-,-,-,-,-,-,-,-
(Rajasthan Royals),,,,,,,,,,,,,,
TA Boult,2015-2023,4,-,-,-,-,-,-,-,-,-,-,-,-
"(Delhi Daredevils, Kolkata Knight Riders, Rajasthan Royals, Sunrisers Hyderabad)",,,,,,,,,,,,,,
DL Chahar,2018-2019,2,-,-,-,-,-,-,-,-,-,-,-,-
(Chennai Super Kings),,,,,,,,,,,,,,
RD Chahar,2017-2024,2,-,-,-,-,-,-,-,-,-,-,-,-
"(Punjab Kings, Rising Pune Supergiant)",,,,,,,,,,,,,,
LH Ferguson,2019-2024,4,-,-,-,-,-,-,-,-,-,-,-,-
"(Kolkata Knight Riders, Royal Challengers Bengaluru)",,,,,,,,,,,,,,
CRD Fernando,2008-2010,2,-,-,-,-,-,-,-,-,-,-,-,-
(Mumbai Indians),,,,,,,,,,,,,,
Gagandeep Singh,2008-2008,1,-,-,-,-,-,-,-,-,-,-,-,-
(Kings XI Punjab),,,,,,,,,,,,,,
MS Gony,2008-2013,2,-,-,-,-,-,-,-,-,-,-,-,-
"(Chennai Super Kings, Kings XI Punjab)",,,,,,,,,,,,,,
S Gopal,2018-2019,2,-,-,-,-,-,-,-,-,-,-,-,-
(Rajasthan Royals),,,,,,,,,,,,,,
K Gowtham,2018-2018,1,-,-,-,-,-,-,-,-,-,-,-,-
(Rajasthan Royals),,,,,,,,,,,,,,
Harmeet Singh,2010-2010,1,-,-,-,-,-,-,-,-,-,-,-,-
(Deccan Chargers),,,,,,,,,,,,,,
Harshit Rana,2024-2024,1,-,-,-,-,-,-,-,-,-,-,-,-
(Kolkata Knight Riders),,,,,,,,,,,,,,
BW Hilfenhaus,2012-2012,1,-,-,-,-,-,-,-,-,-,-,-,-
(Chennai Super Kings),,,,,,,,,,,,,,
GB Hogg,2012-2015,2,-,-,-,-,-,-,-,-,-,-,-,-
"(Kolkata Knight Riders, Rajasthan Royals)",,,,,,,,,,,,,,
JO Holder,2013-2023,2,-,-,-,-,-,-,-,-,-,-,-,-
"(Chennai Super Kings, Rajasthan Royals)",,,,,,,,,,,,,,
Imran Tahir,2014-2019,4,-,-,-,-,-,-,-,-,-,-,-,-
"(Chennai Super Kings, Delhi Daredevils, Rising Pune Supergiant)",,,,,,,,,,,,,,
SP Jackson,2017-2017,1,-,-,-,-,-,-,-,-,-,-,-,-
(Kolkata Knight Riders),,,,,,,,,,,,,,
M Jansen,2025-2025,1,-,-,-,-,-,-,-,-,-,-,-,-
(Punjab Kings),,,,,,,,,,,,,,
Joginder Sharma,2008-2008,1,-,-,-,-,-,-,-,-,-,-,-,-
(Chennai Super Kings),,,,,,,,,,,,,,
AS Joseph,2024-2024,2,-,-,-,-,-,-,-,-,-,-,-,-
(Royal Challengers Bengaluru),,,,,,,,,,,,,,
Kamran Khan,2011-2011,1,-,-,-,-,-,-,-,-,-,-,-,-
(Pune Warriors),,,,,,,,,,,,,,
M Kartik,2008-2013,5,-,-,-,-,-,-,-,-,-,-,-,-
"(Kolkata Knight Riders, Royal Challengers Bangalore)",,,,,,,,,,,,,,
S Kaul,2014-2018,3,-,-,-,-,-,-,-,-,-,-,-,-
"(Delhi Daredevils, Sunrisers Hyderabad)",,,,,,,,,,,,,,
U Kaul,2008-2008,1,-,-,-,-,-,-,-,-,-,-,-,-
(Kings XI Punjab),,,,,,,,,,,,,,
K Khejroliya,2018-2019,4,-,-,-,-,-,-,-,-,-,-,-,-
(Royal Challengers Bangalore),,,,,,,,,,,,,,
S Lamichhane,2019-2019,1,-,-,-,-,-,-,-,-,-,-,-,-
(Delhi Capitals),,,,,,,,,,,,,,
CK Langeveldt,2011-2011,1,-,-,-,-,-,-,-,-,-,-,-,-
(Royal Challengers Bangalore),,,,,,,,,,,,,,
B Laughlin,2018-2018,1,-,-,-,-,-,-,-,-,-,-,-,-
(Rajasthan Royals),,,,,,,,,,,,,,
JB Little,2024-2024,1,-,-,-,-,-,-,-,-,-,-,-,-
(Gujarat Titans),,,,,,,,,,,,,,
GD McGrath,2008-2008,1,-,-,-,-,-,-,-,-,-,-,-,-
(Delhi Daredevils),,,,,,,,,,,,,,
VY Mahesh,2008-2008,1,-,-,-,-,-,-,-,-,-,-,-,-
(Delhi Daredevils),,,,,,,,,,,,,,
AL Menaria,2012-2012,1,-,-,-,-,-,-,-,-,-,-,-,-
(Rajasthan Royals),,,,,,,,,,,,,,
Mustafizur Rahman,2016-2023,3,-,-,-,-,-,-,-,-,-,-,-,-
"(Delhi Capitals, Sunrisers Hyderabad)",,,,,,,,,,,,,,
DP Nannes,2010-2011,2,-,-,-,-,-,-,-,-,-,-,-,-
"(Delhi Daredevils, Royal Challengers Bangalore)",,,,,,,,,,,,,,
T Natarajan,2017-2024,2,-,-,-,-,-,-,-,-,-,-,-,-
"(Kings XI Punjab, Sunrisers Hyderabad)",,,,,,,,,,,,,,
Naveen-ul-Haq,2024-2024,1,-,-,-,-,-,-,-,-,-,-,-,-
(Lucknow Super Giants),,,,,,,,,,,,,,
V Nigam,2025-2025,1,-,-,-,-,-,-,-,-,-,-,-,-
(Delhi Capitals),,,,,,,,,,,,,,
K Nitish Kumar Reddy,2024-2024,1,-,-,-,-,-,-,-,-,-,-,-,-
(Sunrisers Hyderabad),,,,,,,,,,,,,,
PP Ojha,2008-2010,2,-,-,-,-,-,-,-,-,-,-,-,-
(Deccan Chargers),,,,,,,,,,,,,,
Parvez Rasool,2016-2016,3,-,-,-,-,-,-,-,-,-,-,-,-
(Royal Challengers Bangalore),,,,,,,,,,,,,,
M Pathirana,2023-2023,1,-,-,-,-,-,-,-,-,-,-,-,-
(Chennai Super Kings),,,,,,,,,,,,,,
SM Pollock,2008-2008,1,-,-,-,-,-,-,-,-,-,-,-,-
(Mumbai Indians),,,,,,,,,,,,,,
M Prasidh Krishna,2019-2025,2,-,-,-,-,-,-,-,-,-,-,-,-
"(Gujarat Titans, Kolkata Knight Riders)",,,,,,,,,,,,,,
V Pratap Singh,2012-2012,1,-,-,-,-,-,-,-,-,-,-,-,-
(Deccan Chargers),,,,,,,,,,,,,,
K Rabada,2019-2024,2,-,-,-,-,-,-,-,-,-,-,-,-
"(Delhi Capitals, Punjab Kings)",,,,,,,,,,,,,,
A Raghuvanshi,2024-2024,1,-,-,-,-,-,-,-,-,-,-,-,-
(Kolkata Knight Riders),,,,,,,,,,,,,,
Ramandeep Singh,2024-2024,1,-,-,-,-,-,-,-,-,-,-,-,-
(Kolkata Knight Riders),,,,,,,,,,,,,,
KW Richardson,2014-2014,1,-,-,-,-,-,-,-,-,-,-,-,-
(Rajasthan Royals),,,,,,,,,,,,,,
AS Roy,2024-2024,1,-,-,-,-,-,-,-,-,-,-,-,-
(Kolkata Knight Riders),,,,,,,,,,,,,,
R Sai Kishore,2025-2025,1,-,-,-,-,-,-,-,-,-,-,-,-
(Gujarat Titans),,,,,,,,,,,,,,
D Salunkhe,2008-2008,1,-,-,-,-,-,-,-,-,-,-,-,-
(Rajasthan Royals),,,,,,,,,,,,,,
GS Sandhu,2015-2015,1,-,-,-,-,-,-,-,-,-,-,-,-
(Delhi Daredevils),,,,,,,,,,,,,,
T Shamsi,2016-2016,1,-,-,-,-,-,-,-,-,-,-,-,-
(Royal Challengers Bangalore),,,,,,,,,,,,,,
AR Sharma,2025-2025,1,-,-,-,-,-,-,-,-,-,-,-,-
(Delhi Capitals),,,,,,,,,,,,,,
H Sharma,2023-2023,1,-,-,-,-,-,-,-,-,-,-,-,-
(Royal Challengers Bangalore),,,,,,,,,,,,,,
R Sharma,2011-2012,2,-,-,-,-,-,-,-,-,-,-,-,-
(Pune Warriors),,,,,,,,,,,,,,
R Shepherd,2025-2025,1,-,-,-,-,-,-,-,-,-,-,-,-
(Royal Challengers Bengaluru),,,,,,,,,,,,,,
Shivam Mavi,2018-2018,1,-,-,-,-,-,-,-,-,-,-,-,-
(Kolkata Knight Riders),,,,,,,,,,,,,,
M Siddharth,2024-2024,1,-,-,-,-,-,-,-,-,-,-,-,-
(Lucknow Super Giants),,,,,,,,,,,,,,
Simarjeet Singh,2024-2024,1,-,-,-,-,-,-,-,-,-,-,-,-
(Chennai Super Kings),,,,,,,,,,,,,,
NB Singh,2017-2017,1,-,-,-,-,-,-,-,-,-,-,-,-
(Gujarat Lions),,,,,,,,,,,,,,
VRV Singh,2008-2008,1,-,-,-,-,-,-,-,-,-,-,-,-
(Kings XI Punjab),,,,,,,,,,,,,,
A Singh,2012-2012,1,-,-,-,-,-,-,-,-,-,-,-,-
(Rajasthan Royals),,,,,,,,,,,,,,
Sohail Tanvir,2008-2008,1,-,-,-,-,-,-,-,-,-,-,-,-
(Rajasthan Royals),,,,,,,,,,,,,,
BB Sran,2016-2016,1,-,-,-,-,-,-,-,-,-,-,-,-
(Sunrisers Hyderabad),,,,,,,,,,,,,,
B Stanlake,2017-2017,1,-,-,-,-,-,-,-,-,-,-,-,-
(Royal Challengers Bangalore),,,,,,,,,,,,,,
Suyash Sharma,2023-2025,4,-,-,-,-,-,-,-,-,-,-,-,-
"(Kolkata Knight Riders, Royal Challengers Bengaluru)",,,,,,,,,,,,,,
JE Taylor,2011-2011,1,-,-,-,-,-,-,-,-,-,-,-,-
(Pune Warriors),,,,,,,,,,,,,,
Yash Thakur,2024-2024,1,-,-,-,-,-,-,-,-,-,-,-,-
(Lucknow Super Giants),,,,,,,,,,,,,,
M Theekshana,2023-2024,2,-,-,-,-,-,-,-,-,-,-,-,-
(Chennai Super Kings),,,,,,,,,,,,,,
AC Thomas,2011-2011,1,-,-,-,-,-,-,-,-,-,-,-,-
(Pune Warriors),,,,,,,,,,,,,,
O Thomas,2019-2019,1,-,-,-,-,-,-,-,-,-,-,-,-
(Rajasthan Royals),,,,,,,,,,,,,,
S Tyagi,2010-2010,1,-,-,-,-,-,-,-,-,-,-,-,-
(Chennai Super Kings),,,,,,,,,,,,,,
CV Varun,2023-2024,2,-,-,-,-,-,-,-,-,-,-,-,-
(Kolkata Knight Riders),,,,,,,,,,,,,,
DP Vijaykumar,2008-2008,1,-,-,-,-,-,-,-,-,-,-,-,-
(Deccan Chargers),,,,,,,,,,,,,,
J Yadav,2015-2015,1,-,-,-,-,-,-,-,-,-,-,-,-
(Delhi Daredevils),,,,,,,,,,,,,,
MP Yadav,2024-2024,1,-,-,-,-,-,-,-,-,-,-,-,-
(Lucknow Super Giants),,,,,,,,,,,,,,
A Zampa,2016-2016,1,-,-,-,-,-,-,-,-,-,-,-,-
(Rising Pune Supergiants),,,,,,,,,,,,,,
,,,,,,,,,,,,,,
,,,,,,venue ahemadhabad,,,,,,,,
Player,Span,Mat,Inns,NO,Runs,HS,Ave,BF,SR,100,50,0,4s,6s
Shubman Gill,2021-2025,22,22,3,1033,129,54.36,647,159.65,3,4,0,90,41
"(Gujarat Titans, Kolkata Knight Riders)",,,,,,,,,,,,,,
B Sai Sudharsan,2023-2025,16,16,1,858,103,57.2,547,156.85,1,6,0,77,35
(Gujarat Titans),,,,,,,,,,,,,,
JC Buttler,2022-2025,7,7,2,371,106*,74.2,236,157.2,1,2,1,40,13
"(Gujarat Titans, Rajasthan Royals)",,,,,,,,,,,,,,
AM Rahane,2014-2024,9,9,1,336,76*,42,253,132.8,0,3,1,31,9
"(Chennai Super Kings, Rajasthan Royals)",,,,,,,,,,,,,,
DA Miller,2015-2024,15,13,6,308,54,44,198,155.55,0,1,1,20,16
"(Gujarat Titans, Kings XI Punjab)",,,,,,,,,,,,,,
WP Saha,2010-2024,17,17,1,290,81,18.12,222,130.63,0,2,2,37,9
"(Gujarat Titans, Kings XI Punjab, Kolkata Knight Riders)",,,,,,,,,,,,,,
SV Samson,2014-2025,13,12,1,276,60,25.09,207,133.33,0,1,0,20,15
(Rajasthan Royals),,,,,,,,,,,,,,
HH Pandya,2022-2025,11,11,3,246,59*,30.75,194,126.8,0,1,0,20,9
"(Gujarat Titans, Mumbai Indians)",,,,,,,,,,,,,,
V Kohli,2015-2024,6,6,2,219,70*,54.75,167,131.13,0,2,0,15,9
"(Royal Challengers Bangalore, Royal Challengers Bengaluru)",,,,,,,,,,,,,,
SO Hetmyer,2021-2025,8,8,5,216,56*,72,117,184.61,0,3,0,14,15
"(Delhi Capitals, Rajasthan Royals)",,,,,,,,,,,,,,
KK Nair,2014-2025,9,8,1,196,48,28,128,153.12,0,0,0,16,9
"(Delhi Capitals, Rajasthan Royals)",,,,,,,,,,,,,,
SR Watson,2014-2015,6,6,0,191,73,31.83,140,136.42,0,1,0,19,9
(Rajasthan Royals),,,,,,,,,,,,,,
SPD Smith,2014-2021,10,8,1,169,79*,24.14,151,111.92,0,1,1,12,1
"(Delhi Capitals, Rajasthan Royals)",,,,,,,,,,,,,,
MA Agarwal,2014-2024,4,4,1,163,99*,54.33,119,136.97,0,1,0,14,6
"(Delhi Daredevils, Punjab Kings, Sunrisers Hyderabad)",,,,,,,,,,,,,,
NV Ojha,2010-2014,5,5,0,162,80,32.4,117,138.46,0,1,0,17,7
"(Rajasthan Royals, Sunrisers Hyderabad)",,,,,,,,,,,,,,
KL Rahul,2014-2025,4,4,1,156,91*,52,109,143.11,0,1,0,15,7
"(Delhi Capitals, Punjab Kings, Sunrisers Hyderabad)",,,,,,,,,,,,,,
S Dhawan,2014-2024,5,5,1,155,69*,38.75,123,126.01,0,1,0,18,3
"(Delhi Capitals, Punjab Kings, Sunrisers Hyderabad)",,,,,,,,,,,,,,
SS Iyer,2024-2025,2,2,2,155,97*,-,66,234.84,0,2,0,10,13
"(Kolkata Knight Riders, Punjab Kings)",,,,,,,,,,,,,,
R Tewatia,2014-2025,22,12,6,155,24*,25.83,85,182.35,0,0,1,10,13
"(Gujarat Titans, Rajasthan Royals)",,,,,,,,,,,,,,
RM Patidar,2021-2024,5,4,0,154,58,38.5,116,132.75,0,1,0,8,8
"(Royal Challengers Bangalore, Royal Challengers Bengaluru)",,,,,,,,,,,,,,
RG Sharma,2010-2025,7,7,0,150,49,21.42,107,140.18,0,0,1,15,8
"(Deccan Chargers, Mumbai Indians)",,,,,,,,,,,,,,
PP Shaw,2021-2024,4,4,0,149,82,37.25,87,171.26,0,1,0,18,6
(Delhi Capitals),,,,,,,,,,,,,,
V Shankar,2023-2024,10,7,3,143,63*,35.75,96,148.95,0,1,0,10,7
(Gujarat Titans),,,,,,,,,,,,,,
SA Yadav,2014-2025,4,4,1,141,61,47,95,148.42,0,1,0,11,7
"(Kolkata Knight Riders, Mumbai Indians)",,,,,,,,,,,,,,
AB de Villiers,2010-2021,4,4,2,140,75*,70,109,128.44,0,1,0,9,5
"(Delhi Daredevils, Royal Challengers Bangalore)",,,,,,,,,,,,,,
VR Iyer,2023-2024,2,2,1,134,83,134,68,197.05,0,2,0,13,9
(Kolkata Knight Riders),,,,,,,,,,,,,,
M Shahrukh Khan,2021-2025,10,9,1,128,58,16,84,152.38,0,1,2,7,10
"(Gujarat Titans, Punjab Kings)",,,,,,,,,,,,,,
H Klaasen,2023-2024,3,3,0,120,64,40,78,153.84,0,1,0,8,6
(Sunrisers Hyderabad),,,,,,,,,,,,,,
RD Gaikwad,2023-2024,3,3,0,118,92,39.33,69,171.01,0,1,1,7,10
(Chennai Super Kings),,,,,,,,,,,,,,
A Manohar,2023-2024,6,5,0,117,42,23.4,89,131.46,0,0,0,7,7
(Gujarat Titans),,,,,,,,,,,,,,
RA Tripathi,2021-2024,4,4,0,116,55,29,86,134.88,0,1,0,16,1
"(Kolkata Knight Riders, Sunrisers Hyderabad)",,,,,,,,,,,,,,
SE Rutherford,2025-2025,4,4,0,114,46,28.5,76,150,0,0,0,5,9
(Gujarat Titans),,,,,,,,,,,,,,
AA Jhunjhunwala,2010-2010,4,3,1,109,53*,54.5,87,125.28,0,1,0,12,1
(Rajasthan Royals),,,,,,,,,,,,,,
NT Tilak Varma,2023-2025,4,4,0,109,43,27.25,72,151.38,0,0,0,9,5
(Mumbai Indians),,,,,,,,,,,,,,
Shashank Singh,2024-2025,2,2,2,105,61*,-,45,233.33,0,1,0,12,6
(Punjab Kings),,,,,,,,,,,,,,
RR Pant,2021-2024,4,4,2,104,58*,52,78,133.33,0,1,0,10,3
(Delhi Capitals),,,,,,,,,,,,,,
WG Jacks,2024-2024,1,1,1,100,100*,-,41,243.9,1,0,0,5,10
(Royal Challengers Bengaluru),,,,,,,,,,,,,,
YK Pathan,2010-2014,5,5,1,96,73*,24,60,160,0,1,2,5,8
"(Kolkata Knight Riders, Rajasthan Royals)",,,,,,,,,,,,,,
YBK Jaiswal,2022-2025,5,5,0,95,45,19,73,130.13,0,0,0,11,4
(Rajasthan Royals),,,,,,,,,,,,,,
MS Dhoni,2010-2024,5,5,3,92,31*,46,75,122.66,0,0,1,8,4
(Chennai Super Kings),,,,,,,,,,,,,,
C Green,2023-2024,4,3,0,90,33,30,67,134.32,0,0,0,4,6
"(Mumbai Indians, Royal Challengers Bengaluru)",,,,,,,,,,,,,,
KA Pollard,2014-2015,2,2,1,84,70,84,46,182.6,0,1,0,7,6
(Mumbai Indians),,,,,,,,,,,,,,
R Parag,2022-2025,5,4,0,82,36,20.5,62,132.25,0,0,0,4,5
(Rajasthan Royals),,,,,,,,,,,,,,
MM Ali,2023-2024,3,2,0,79,56,39.5,53,149.05,0,1,0,8,5
(Chennai Super Kings),,,,,,,,,,,,,,
CH Gayle,2015-2021,4,4,0,79,46,19.75,51,154.9,0,0,1,10,4
"(Punjab Kings, Royal Challengers Bangalore)",,,,,,,,,,,,,,
AR Patel,2015-2025,7,3,1,78,39,39,69,113.04,0,0,0,4,3
"(Delhi Capitals, Kings XI Punjab)",,,,,,,,,,,,,,
BJ Hodge,2010-2014,2,2,0,76,40,38,64,118.75,0,0,0,3,3
"(Kolkata Knight Riders, Rajasthan Royals)",,,,,,,,,,,,,,
V Sehwag,2010-2015,2,2,0,76,75,38,38,200,0,1,0,8,5
"(Delhi Daredevils, Kings XI Punjab)",,,,,,,,,,,,,,
MJ Lumb,2010-2010,3,3,0,75,45,25,49,153.06,0,0,1,10,2
(Rajasthan Royals),,,,,,,,,,,,,,
Rashid Khan,2022-2025,20,11,5,74,31,12.33,47,157.44,0,0,2,5,4
(Gujarat Titans),,,,,,,,,,,,,,
S Dube,2023-2024,3,3,1,72,32*,36,52,138.46,0,0,0,2,4
(Chennai Super Kings),,,,,,,,,,,,,,
MK Tiwary,2010-2014,2,2,1,72,61*,72,57,126.31,0,1,0,7,2
"(Delhi Daredevils, Kolkata Knight Riders)",,,,,,,,,,,,,,
Q de Kock,2023-2023,1,1,0,70,70,70,41,170.73,0,1,0,7,3
(Lucknow Super Giants),,,,,,,,,,,,,,
JP Faulkner,2014-2015,8,7,4,70,31*,23.33,50,140,0,0,0,1,5
(Rajasthan Royals),,,,,,,,,,,,,,
KD Karthik,2010-2024,8,6,2,69,23*,17.25,70,98.57,0,0,0,6,1
"(Delhi Daredevils, Kolkata Knight Riders, Royal Challengers Bangalore, Royal Challengers Bengaluru)",,,,,,,,,,,,,,
AR Sharma,2024-2025,2,2,0,68,37,34,36,188.88,0,0,0,5,4
"(Delhi Capitals, Punjab Kings)",,,,,,,,,,,,,,
F du Plessis,2015-2024,4,4,0,67,25,16.75,56,119.64,0,0,0,6,4
"(Chennai Super Kings, Royal Challengers Bangalore, Royal Challengers Bengaluru)",,,,,,,,,,,,,,
SE Marsh,2015-2015,1,1,0,65,65,65,40,162.5,0,1,0,5,3
(Kings XI Punjab),,,,,,,,,,,,,,
RV Uthappa,2014-2014,1,1,0,65,65,65,52,125,0,1,0,5,3
(Kolkata Knight Riders),,,,,,,,,,,,,,
G Gambhir,2010-2014,2,2,0,63,54,31.5,42,150,0,1,0,7,1
"(Delhi Daredevils, Kolkata Knight Riders)",,,,,,,,,,,,,,
DJ Mitchell,2024-2024,1,1,0,63,63,63,34,185.29,0,1,0,7,3
(Chennai Super Kings),,,,,,,,,,,,,,
M Vijay,2010-2015,2,2,0,63,42,31.5,46,136.95,0,0,0,4,4
"(Chennai Super Kings, Kings XI Punjab)",,,,,,,,,,,,,,
DJ Bravo,2015-2015,1,1,1,62,62*,-,36,172.22,0,1,0,8,1
(Chennai Super Kings),,,,,,,,,,,,,,
LMP Simmons,2014-2014,1,1,0,62,62,62,51,121.56,0,1,0,6,2
(Mumbai Indians),,,,,,,,,,,,,,
D Padikkal,2021-2023,5,5,0,61,26,12.2,67,91.04,0,0,0,5,3
"(Rajasthan Royals, Royal Challengers Bangalore)",,,,,,,,,,,,,,
N Rana,2021-2025,4,4,0,61,45,15.25,45,135.55,0,0,1,5,4
"(Kolkata Knight Riders, Rajasthan Royals)",,,,,,,,,,,,,,
Prabhsimran Singh,2021-2025,4,4,0,59,35,14.75,55,107.27,0,0,0,7,2
(Punjab Kings),,,,,,,,,,,,,,
STR Binny,2014-2015,8,6,1,57,20,11.4,64,89.06,0,0,1,3,2
(Rajasthan Royals),,,,,,,,,,,,,,
AD Russell,2014-2024,5,4,1,57,45*,19,41,139.02,0,0,0,4,4
(Kolkata Knight Riders),,,,,,,,,,,,,,
AC Voges,2010-2010,3,2,1,57,37*,57,41,139.02,0,0,0,3,2
(Rajasthan Royals),,,,,,,,,,,,,,
FY Fazal,2010-2010,3,3,1,56,31,28,52,107.69,0,0,0,8,0
(Rajasthan Royals),,,,,,,,,,,,,,
MEK Hussey,2014-2014,1,1,0,56,56,56,39,143.58,0,1,0,3,2
(Mumbai Indians),,,,,,,,,,,,,,
MP Stoinis,2021-2025,5,4,1,52,22,17.33,44,118.18,0,0,0,5,2
"(Delhi Capitals, Lucknow Super Giants, Punjab Kings)",,,,,,,,,,,,,,
Aman Hakim Khan,2023-2023,1,1,0,51,51,51,44,115.9,0,1,0,3,3
(Delhi Capitals),,,,,,,,,,,,,,
DJ Hooda,2015-2023,8,7,0,51,19,7.28,41,124.39,0,0,0,1,4
"(Lucknow Super Giants, Punjab Kings, Rajasthan Royals)",,,,,,,,,,,,,,
CJ Anderson,2015-2015,1,1,0,50,50,50,38,131.57,0,1,0,5,3
(Mumbai Indians),,,,,,,,,,,,,,
GJ Maxwell,2015-2025,7,6,0,50,25,8.33,42,119.04,0,0,3,2,4
"(Kings XI Punjab, Punjab Kings, Royal Challengers Bangalore, Royal Challengers Bengaluru)",,,,,,,,,,,,,,
Abdul Samad,2023-2024,3,3,0,49,29,16.33,29,168.96,0,0,0,4,3
(Sunrisers Hyderabad),,,,,,,,,,,,,,
DP Conway,2023-2023,2,2,0,48,47,24,31,154.83,0,0,0,4,2
(Chennai Super Kings),,,,,,,,,,,,,,
KR Mayers,2023-2023,1,1,0,48,48,48,32,150,0,0,0,7,2
(Lucknow Super Giants),,,,,,,,,,,,,,
RK Singh,2023-2024,2,1,1,48,48*,-,21,228.57,0,0,0,1,6
(Kolkata Knight Riders),,,,,,,,,,,,,,
P Arya,2025-2025,1,1,0,47,47,47,23,204.34,0,0,0,7,2
(Punjab Kings),,,,,,,,,,,,,,
EJG Morgan,2021-2021,2,2,1,47,47*,47,42,111.9,0,0,1,4,2
(Kolkata Knight Riders),,,,,,,,,,,,,,
D Brevis,2024-2024,1,1,0,46,46,46,38,121.05,0,0,0,2,3
(Mumbai Indians),,,,,,,,,,,,,,
N Wadhera,2023-2023,2,2,0,44,40,22,24,183.33,0,0,0,4,3
(Mumbai Indians),,,,,,,,,,,,,,
PJ Cummins,2021-2024,4,3,2,43,30,43,39,110.25,0,0,0,3,2
"(Kolkata Knight Riders, Sunrisers Hyderabad)",,,,,,,,,,,,,,
Shahbaz Ahmed,2021-2024,4,4,1,42,22,14,40,105,0,0,1,3,2
"(Royal Challengers Bangalore, Sunrisers Hyderabad)",,,,,,,,,,,,,,
MK Lomror,2022-2024,2,2,0,40,32,20,27,148.14,0,0,0,2,2
"(Royal Challengers Bangalore, Royal Challengers Bengaluru)",,,,,,,,,,,,,,
DR Smith,2015-2015,1,1,0,40,40,40,29,137.93,0,0,0,3,2
(Chennai Super Kings),,,,,,,,,,,,,,
Naman Dhir,2024-2025,2,2,1,38,20,38,21,180.95,0,0,0,6,1
(Mumbai Indians),,,,,,,,,,,,,,
Rahmanullah Gurbaz,2023-2024,2,2,0,38,23,19,26,146.15,0,0,0,3,3
(Kolkata Knight Riders),,,,,,,,,,,,,,
Abhishek Sharma,2023-2024,3,3,0,37,29,12.33,29,127.58,0,0,0,3,2
(Sunrisers Hyderabad),,,,,,,,,,,,,,
KK Cooper,2014-2014,2,2,0,37,32,18.5,24,154.16,0,0,0,2,3
(Rajasthan Royals),,,,,,,,,,,,,,
P Dogra,2010-2010,4,3,0,34,29,11.33,30,113.33,0,0,1,2,2
(Rajasthan Royals),,,,,,,,,,,,,,
RA Jadeja,2015-2024,4,3,1,34,18,17,18,188.88,0,0,0,3,2
(Chennai Super Kings),,,,,,,,,,,,,,
CJ Jordan,2021-2023,4,3,0,34,30,11.33,26,130.76,0,0,0,1,3
"(Mumbai Indians, Punjab Kings)",,,,,,,,,,,,,,
Abishek Porel,2024-2025,2,2,0,33,18,16.5,16,206.25,0,0,0,5,2
(Delhi Capitals),,,,,,,,,,,,,,
Azmatullah Omarzai,2024-2025,5,2,0,33,17,16.5,26,126.92,0,0,0,3,2
"(Gujarat Titans, Punjab Kings)",,,,,,,,,,,,,,
SC Ganguly,2010-2010,1,1,0,33,33,33,29,113.79,0,0,0,3,0
(Kolkata Knight Riders),,,,,,,,,,,,,,
HV Patel,2015-2024,5,2,0,32,31,16,15,213.33,0,0,0,3,2
"(Punjab Kings, Royal Challengers Bangalore)",,,,,,,,,,,,,,
DC Jurel,2023-2025,3,3,0,31,18,10.33,22,140.9,0,0,0,4,1
(Rajasthan Royals),,,,,,,,,,,,,,
AT Rayudu,2014-2023,3,2,0,31,19,15.5,20,155,0,0,0,1,3
"(Chennai Super Kings, Mumbai Indians)",,,,,,,,,,,,,,
T Stubbs,2024-2025,2,1,0,31,31,31,21,147.61,0,0,0,2,1
(Delhi Capitals),,,,,,,,,,,,,,
Harpreet Brar,2021-2024,3,3,3,30,25*,-,21,142.85,0,0,0,2,2
(Punjab Kings),,,,,,,,,,,,,,
CA Pujara,2010-2010,1,1,0,29,29,29,25,116,0,0,0,4,0
(Kolkata Knight Riders),,,,,,,,,,,,,,
JA Morkel,2010-2010,1,1,0,28,28,28,12,233.33,0,0,0,1,3
(Chennai Super Kings),,,,,,,,,,,,,,
B Kumar,2014-2024,4,3,1,27,27,13.5,31,87.09,0,0,1,3,0
(Sunrisers Hyderabad),,,,,,,,,,,,,,
AK Markram,2023-2024,2,2,0,27,17,13.5,29,93.1,0,0,0,1,0
(Sunrisers Hyderabad),,,,,,,,,,,,,,
DJ Malan,2021-2021,1,1,0,26,26,26,26,100,0,0,0,1,1
(Punjab Kings),,,,,,,,,,,,,,
KS Williamson,2023-2024,2,1,0,26,26,26,22,118.18,0,0,0,4,0
(Gujarat Titans),,,,,,,,,,,,,,
S Badrinath,2010-2010,1,1,0,25,25,25,27,92.59,0,0,0,2,0
(Chennai Super Kings),,,,,,,,,,,,,,
HH Gibbs,2010-2010,1,1,0,25,25,25,14,178.57,0,0,0,2,2
(Deccan Chargers),,,,,,,,,,,,,,
RV Patel,2023-2023,1,1,0,23,23,23,13,176.92,0,0,0,2,1
(Delhi Capitals),,,,,,,,,,,,,,
JM Bairstow,2024-2024,1,1,0,22,22,22,13,169.23,0,0,0,4,0
(Punjab Kings),,,,,,,,,,,,,,
N Pooran,2021-2023,3,3,0,22,19,7.33,28,78.57,0,0,1,1,1
"(Lucknow Super Giants, Punjab Kings)",,,,,,,,,,,,,,
A Symonds,2010-2010,1,1,0,22,22,22,14,157.14,0,0,0,3,0
(Deccan Chargers),,,,,,,,,,,,,,
A Badoni,2023-2023,1,1,0,21,21,21,11,190.9,0,0,0,1,2
(Lucknow Super Giants),,,,,,,,,,,,,,
SP Narine,2014-2024,5,4,0,21,21,5.25,22,95.45,0,0,3,4,0
(Kolkata Knight Riders),,,,,,,,,,,,,,
IK Pathan,2014-2014,1,1,1,21,21*,-,21,100,0,0,0,2,0
(Sunrisers Hyderabad),,,,,,,,,,,,,,
Shakib Al Hasan,2014-2014,1,1,1,21,21*,-,14,150,0,0,0,1,1
(Kolkata Knight Riders),,,,,,,,,,,,,,
J Fraser-McGurk,2024-2024,1,1,0,20,20,20,10,200,0,0,0,2,2
(Delhi Capitals),,,,,,,,,,,,,,
T Kohler-Cadmore,2024-2024,1,1,0,20,20,20,15,133.33,0,0,0,4,0
(Rajasthan Royals),,,,,,,,,,,,,,
AJ Finch,2014-2015,2,2,1,19,10*,19,24,79.16,0,0,0,3,0
"(Mumbai Indians, Sunrisers Hyderabad)",,,,,,,,,,,,,,
ML Hayden,2010-2010,1,1,0,19,19,19,14,135.71,0,0,0,1,1
(Chennai Super Kings),,,,,,,,,,,,,,
TM Head,2024-2024,2,2,0,19,19,9.5,16,118.75,0,0,1,3,0
(Sunrisers Hyderabad),,,,,,,,,,,,,,
SD Hope,2024-2024,1,1,0,19,19,19,10,190,0,0,0,1,2
(Delhi Capitals),,,,,,,,,,,,,,
MJ Santner,2023-2025,3,3,2,19,18*,19,14,135.71,0,0,1,1,2
"(Chennai Super Kings, Mumbai Indians)",,,,,,,,,,,,,,
OA Shah,2010-2010,1,1,1,19,19*,-,17,111.76,0,0,0,0,2
(Kolkata Knight Riders),,,,,,,,,,,,,,
PP Chawla,2023-2024,3,3,0,18,18,6,15,120,0,0,2,1,1
(Mumbai Indians),,,,,,,,,,,,,,
M Markande,2023-2024,2,1,1,18,18*,-,9,200,0,0,0,2,1
(Sunrisers Hyderabad),,,,,,,,,,,,,,
SK Raina,2010-2015,2,2,0,18,14,9,20,90,0,0,0,1,0
(Chennai Super Kings),,,,,,,,,,,,,,
GC Smith,2010-2010,1,1,0,18,18,18,17,105.88,0,0,0,3,0
(Rajasthan Royals),,,,,,,,,,,,,,
R Ashwin,2015-2024,5,3,1,16,10,8,12,133.33,0,0,0,1,1
"(Chennai Super Kings, Rajasthan Royals)",,,,,,,,,,,,,,
R Bhatia,2014-2014,4,3,2,16,6*,16,13,123.07,0,0,0,1,1
(Rajasthan Royals),,,,,,,,,,,,,,
KA Jamieson,2021-2021,2,1,1,16,16*,-,11,145.45,0,0,0,1,1
(Royal Challengers Bangalore),,,,,,,,,,,,,,
PA Patel,2015-2015,1,1,0,16,16,16,11,145.45,0,0,0,2,0
(Mumbai Indians),,,,,,,,,,,,,,
R Powell,2024-2024,1,1,1,16,16*,-,8,200,0,0,0,2,1
(Rajasthan Royals),,,,,,,,,,,,,,
JM Sharma,2024-2024,1,1,0,16,16,16,8,200,0,0,0,0,2
(Punjab Kings),,,,,,,,,,,,,,
Sikandar Raza,2024-2024,1,1,0,15,15,15,16,93.75,0,0,0,0,0
(Punjab Kings),,,,,,,,,,,,,,
UBT Chand,2014-2015,2,2,0,14,12,7,26,53.84,0,0,0,1,0
"(Mumbai Indians, Rajasthan Royals)",,,,,,,,,,,,,,
R Shukla,2014-2014,1,1,0,14,14,14,12,116.66,0,0,0,2,0
(Delhi Daredevils),,,,,,,,,,,,,,
TH David,2023-2024,3,3,0,13,11,4.33,15,86.66,0,0,1,1,0
(Mumbai Indians),,,,,,,,,,,,,,
Ishan Kishan,2023-2024,3,2,0,13,13,6.5,25,52,0,0,1,1,0
(Mumbai Indians),,,,,,,,,,,,,,
MG Johnson,2015-2015,1,1,1,13,13*,-,7,185.71,0,0,0,1,0
(Kings XI Punjab),,,,,,,,,,,,,,
KP Pietersen,2014-2014,1,1,0,13,13,13,18,72.22,0,0,0,1,0
(Delhi Daredevils),,,,,,,,,,,,,,
AS Tendulkar,2023-2023,1,1,0,13,13,13,9,144.44,0,0,0,0,1
(Mumbai Indians),,,,,,,,,,,,,,
BB McCullum,2015-2015,1,1,0,12,12,12,7,171.42,0,0,0,3,0
(Chennai Super Kings),,,,,,,,,,,,,,
TA Boult,2022-2025,5,2,1,11,11,11,8,137.5,0,0,0,0,1
"(Mumbai Indians, Rajasthan Royals)",,,,,,,,,,,,,,
MC Henriques,2014-2021,2,2,0,11,9,5.5,16,68.75,0,0,0,1,0
"(Punjab Kings, Sunrisers Hyderabad)",,,,,,,,,,,,,,
M Manhas,2010-2010,1,1,1,11,11*,-,10,110,0,0,0,1,0
(Delhi Daredevils),,,,,,,,,,,,,,
Swapnil Singh,2023-2024,3,2,2,11,9*,-,8,137.5,0,0,0,0,1
"(Lucknow Super Giants, Royal Challengers Bengaluru)",,,,,,,,,,,,,,
PK Garg,2023-2023,1,1,0,10,10,10,14,71.42,0,0,0,0,0
(Delhi Capitals),,,,,,,,,,,,,,
VVS Laxman,2010-2010,1,1,0,10,10,10,12,83.33,0,0,0,1,0
(Deccan Chargers),,,,,,,,,,,,,,
R Sharma,2010-2010,1,1,0,10,10,10,5,200,0,0,0,0,1
(Deccan Chargers),,,,,,,,,,,,,,
K Nitish Kumar Reddy,2024-2024,1,1,0,9,9,9,10,90,0,0,0,1,0
(Sunrisers Hyderabad),,,,,,,,,,,,,,
MD Shanaka,2023-2023,1,1,1,9,9*,-,7,128.57,0,0,0,1,0
(Gujarat Titans),,,,,,,,,,,,,,
DW Steyn,2014-2014,1,1,0,9,9,9,8,112.5,0,0,0,1,0
(Sunrisers Hyderabad),,,,,,,,,,,,,,
TL Suman,2010-2010,1,1,0,9,9,9,15,60,0,0,0,0,0
(Deccan Chargers),,,,,,,,,,,,,,
Sumit Kumar,2024-2024,1,1,1,9,9*,-,9,100,0,0,0,2,0
(Delhi Capitals),,,,,,,,,,,,,,
BCJ Cutting,2014-2014,1,1,0,8,8,8,6,133.33,0,0,0,0,1
(Rajasthan Royals),,,,,,,,,,,,,,
JP Duminy,2014-2014,1,1,0,8,8,8,8,100,0,0,0,0,1
(Delhi Daredevils),,,,,,,,,,,,,,
DS Kulkarni,2014-2015,5,2,1,8,7*,8,8,100,0,0,0,1,0
(Rajasthan Royals),,,,,,,,,,,,,,
OC McCoy,2022-2022,2,1,0,8,8,8,5,160,0,0,0,0,1
(Rajasthan Royals),,,,,,,,,,,,,,
RR Rossouw,2023-2023,1,1,0,8,8,8,6,133.33,0,0,0,2,0
(Delhi Capitals),,,,,,,,,,,,,,
WPUJC Vaas,2010-2010,1,1,0,8,8,8,13,61.53,0,0,0,0,0
(Deccan Chargers),,,,,,,,,,,,,,
MS Wade,2022-2024,2,1,0,8,8,8,10,80,0,0,0,0,1
(Gujarat Titans),,,,,,,,,,,,,,
DA Warner,2014-2023,2,2,0,8,6,4,9,88.88,0,0,0,0,0
"(Delhi Capitals, Sunrisers Hyderabad)",,,,,,,,,,,,,,
K Rabada,2021-2025,6,1,1,7,7*,-,5,140,0,0,0,0,1
"(Delhi Capitals, Gujarat Titans, Punjab Kings)",,,,,,,,,,,,,,
Sanvir Singh,2023-2024,2,2,0,7,7,3.5,7,100,0,0,1,0,1
(Sunrisers Hyderabad),,,,,,,,,,,,,,
BA Stokes,2023-2023,1,1,0,7,7,7,6,116.66,0,0,0,1,0
(Chennai Super Kings),,,,,,,,,,,,,,
V Viyaskanth,2024-2024,1,1,1,7,7*,-,5,140,0,0,0,0,0
(Sunrisers Hyderabad),,,,,,,,,,,,,,
JP Behrendorff,2023-2023,2,2,2,6,3*,-,9,66.66,0,0,0,0,0
(Mumbai Indians),,,,,,,,,,,,,,
N Jagadeesan,2023-2023,1,1,0,6,6,6,8,75,0,0,0,1,0
(Kolkata Knight Riders),,,,,,,,,,,,,,
K Kartikeya,2023-2023,2,1,0,6,6,6,7,85.71,0,0,0,1,0
(Mumbai Indians),,,,,,,,,,,,,,
RD Rickelton,2025-2025,1,1,0,6,6,6,9,66.66,0,0,0,1,0
(Mumbai Indians),,,,,,,,,,,,,,
DR Sams,2021-2021,2,2,1,6,3*,6,6,100,0,0,0,0,0
(Royal Challengers Bangalore),,,,,,,,,,,,,,
Sandeep Sharma,2015-2025,4,1,1,6,6*,-,5,120,0,0,0,0,0
"(Kings XI Punjab, Rajasthan Royals)",,,,,,,,,,,,,,
Washington Sundar,2021-2024,2,2,0,6,6,3,10,60,0,0,1,0,0
"(Royal Challengers Bangalore, Sunrisers Hyderabad)",,,,,,,,,,,,,,
Anmolpreet Singh,2023-2023,1,1,0,5,5,5,4,125,0,0,0,1,0
(Sunrisers Hyderabad),,,,,,,,,,,,,,
SA Asnodkar,2010-2010,1,1,0,5,5,5,4,125,0,0,0,1,0
(Rajasthan Royals),,,,,,,,,,,,,,
SM Curran,2024-2024,1,1,0,5,5,5,8,62.5,0,0,0,0,0
(Punjab Kings),,,,,,,,,,,,,,
Ravi Bishnoi,2021-2023,4,2,1,5,4*,5,9,55.55,0,0,0,1,0
"(Lucknow Super Giants, Punjab Kings)",,,,,,,,,,,,,,
KV Sharma,2014-2024,3,2,0,5,5,2.5,5,100,0,0,1,1,0
"(Royal Challengers Bengaluru, Sunrisers Hyderabad)",,,,,,,,,,,,,,
PV Tambe,2014-2015,7,2,1,5,3,5,11,45.45,0,0,0,0,0
(Rajasthan Royals),,,,,,,,,,,,,,
M Theekshana,2023-2025,2,1,0,5,5,5,13,38.46,0,0,0,0,0
"(Chennai Super Kings, Rajasthan Royals)",,,,,,,,,,,,,,
Vishnu Vinod,2023-2023,1,1,0,5,5,5,7,71.42,0,0,0,0,0
(Mumbai Indians),,,,,,,,,,,,,,
UT Yadav,2014-2024,6,1,1,5,5*,-,6,83.33,0,0,0,0,0
"(Gujarat Titans, Kolkata Knight Riders)",,,,,,,,,,,,,,
Ankit Sharma,2014-2015,2,1,0,4,4,4,3,133.33,0,0,0,0,0
(Rajasthan Royals),,,,,,,,,,,,,,
JC Archer,2025-2025,1,1,0,4,4,4,4,100,0,0,0,0,0
(Rajasthan Royals),,,,,,,,,,,,,,
Imran Tahir,2014-2014,1,1,0,4,4,4,6,66.66,0,0,0,1,0
(Delhi Daredevils),,,,,,,,,,,,,,
Kuldeep Yadav,2023-2025,3,2,2,4,4*,-,2,200,0,0,0,1,0
(Delhi Capitals),,,,,,,,,,,,,,
MM Patel,2010-2010,2,1,1,4,4*,-,3,133.33,0,0,0,0,0
(Rajasthan Royals),,,,,,,,,,,,,,
LRPL Taylor,2014-2014,1,1,0,4,4,4,5,80,0,0,0,0,0
(Delhi Daredevils),,,,,,,,,,,,,,
A Uniyal,2010-2010,1,1,1,4,4*,-,6,66.66,0,0,0,0,0
(Rajasthan Royals),,,,,,,,,,,,,,
KB Arun Karthik,2010-2010,1,1,1,3,3*,-,5,60,0,0,0,0,0
(Chennai Super Kings),,,,,,,,,,,,,,
TU Deshpande,2023-2025,4,1,0,3,3,3,3,100,0,0,0,0,0
"(Chennai Super Kings, Rajasthan Royals)",,,,,,,,,,,,,,
KM Jadhav,2014-2014,1,1,0,3,3,3,3,100,0,0,0,0,0
(Delhi Daredevils),,,,,,,,,,,,,,
M Jansen,2023-2025,2,1,0,3,3,3,6,50,0,0,0,0,0
"(Punjab Kings, Sunrisers Hyderabad)",,,,,,,,,,,,,,
AD Mascarenhas,2010-2010,1,1,0,3,3,3,3,100,0,0,0,0,0
(Rajasthan Royals),,,,,,,,,,,,,,
R Minz,2025-2025,1,1,0,3,3,3,6,50,0,0,0,0,0
(Mumbai Indians),,,,,,,,,,,,,,
CH Morris,2015-2015,4,1,1,3,3*,-,3,100,0,0,0,0,0
(Rajasthan Royals),,,,,,,,,,,,,,
A Nortje,2023-2023,1,1,1,3,3*,-,6,50,0,0,0,0,0
(Delhi Capitals),,,,,,,,,,,,,,
SN Thakur,2023-2024,2,2,1,3,3*,3,5,60,0,0,1,0,0
"(Chennai Super Kings, Kolkata Knight Riders)",,,,,,,,,,,,,,
S Kaul,2014-2014,1,1,1,2,2*,-,2,100,0,0,0,0,0
(Delhi Daredevils),,,,,,,,,,,,,,
S Narwal,2010-2010,2,1,1,2,2*,-,2,100,0,0,0,0,0
(Rajasthan Royals),,,,,,,,,,,,,,
MM Sharma,2015-2025,15,2,1,2,2,2,15,13.33,0,0,0,0,0
"(Chennai Super Kings, Delhi Capitals, Gujarat Titans)",,,,,,,,,,,,,,
MA Starc,2015-2025,3,1,1,2,2*,-,2,100,0,0,0,0,0
"(Delhi Capitals, Kolkata Knight Riders, Royal Challengers Bangalore)",,,,,,,,,,,,,,
T Thushara,2010-2010,1,1,1,2,2*,-,3,66.66,0,0,0,0,0
(Chennai Super Kings),,,,,,,,,,,,,,
Y Venugopal Rao,2010-2010,1,1,0,2,2,2,5,40,0,0,0,0,0
(Deccan Chargers),,,,,,,,,,,,,,
Arshad Khan,2025-2025,3,2,2,1,1*,-,1,100,0,0,0,0,0
(Gujarat Titans),,,,,,,,,,,,,,
Arshdeep Singh,2021-2025,3,1,1,1,1*,-,1,100,0,0,0,0,0
(Punjab Kings),,,,,,,,,,,,,,
JJ Bumrah,2014-2024,2,1,1,1,1*,-,1,100,0,0,0,0,0
(Mumbai Indians),,,,,,,,,,,,,,
G Coetzee,2024-2024,1,1,0,1,1,1,3,33.33,0,0,0,0,0
(Mumbai Indians),,,,,,,,,,,,,,
SB Dubey,2025-2025,1,1,0,1,1,1,3,33.33,0,0,0,0,0
(Rajasthan Royals),,,,,,,,,,,,,,
Fazalhaq Farooqi,2023-2025,2,1,1,1,1*,-,5,20,0,0,0,0,0
"(Rajasthan Royals, Sunrisers Hyderabad)",,,,,,,,,,,,,,
D Ferreira,2025-2025,1,1,0,1,1,1,3,33.33,0,0,0,0,0
(Delhi Capitals),,,,,,,,,,,,,,
AC Gilchrist,2010-2010,1,1,0,1,1,1,3,33.33,0,0,0,0,0
(Deccan Chargers),,,,,,,,,,,,,,
S Gopal,2014-2015,2,1,1,1,1*,-,1,100,0,0,0,0,0
(Mumbai Indians),,,,,,,,,,,,,,
JR Hazlewood,2022-2022,1,1,1,1,1*,-,2,50,0,0,0,0,0
(Royal Challengers Bangalore),,,,,,,,,,,,,,
SH Johnson,2024-2024,2,1,1,1,1*,-,1,100,0,0,0,0,0
(Gujarat Titans),,,,,,,,,,,,,,
Mohammed Shami,2021-2023,13,2,1,1,1*,1,3,33.33,0,0,1,0,0
"(Gujarat Titans, Punjab Kings)",,,,,,,,,,,,,,
SZ Mulani,2024-2024,1,1,1,1,1*,-,1,100,0,0,0,0,0
(Mumbai Indians),,,,,,,,,,,,,,
S Nadeem,2014-2014,1,1,0,1,1,1,4,25,0,0,0,0,0
(Delhi Daredevils),,,,,,,,,,,,,,
Noor Ahmad,2023-2024,12,2,0,1,1,0.5,8,12.5,0,0,1,0,0
(Gujarat Titans),,,,,,,,,,,,,,
MK Pandey,2014-2023,2,2,0,1,1,0.5,4,25,0,0,1,0,0
"(Delhi Capitals, Kolkata Knight Riders)",,,,,,,,,,,,,,
R Ravindra,2024-2024,1,1,0,1,1,1,2,50,0,0,0,0,0
(Chennai Super Kings),,,,,,,,,,,,,,
KW Richardson,2014-2014,1,1,0,1,1,1,2,50,0,0,0,0,0
(Rajasthan Royals),,,,,,,,,,,,,,
R Sai Kishore,2022-2025,7,1,0,1,1,1,1,100,0,0,0,0,0
(Gujarat Titans),,,,,,,,,,,,,,
RP Singh,2010-2010,1,1,1,1,1*,-,4,25,0,0,0,0,0
(Deccan Chargers),,,,,,,,,,,,,,
SW Tait,2010-2010,4,1,1,1,1*,-,1,100,0,0,0,0,0
(Rajasthan Royals),,,,,,,,,,,,,,
SK Warne,2010-2010,4,2,0,1,1,0.5,2,50,0,0,1,0,0
(Rajasthan Royals),,,,,,,,,,,,,,
TM Dilshan,2010-2010,1,1,0,0,0,0,1,0,0,0,1,0,0
(Delhi Daredevils),,,,,,,,,,,,,,
PW Hasaranga,2022-2022,1,1,0,0,0,0,1,0,0,0,1,0,0
(Royal Challengers Bangalore),,,,,,,,,,,,,,
AS Joseph,2023-2023,4,1,1,0,0*,-,0,-,0,0,0,0,0
(Gujarat Titans),,,,,,,,,,,,,,
AD Mathews,2010-2010,1,1,0,0,0,0,0,-,0,0,1,0,0
(Kolkata Knight Riders),,,,,,,,,,,,,,
RP Meredith,2021-2023,3,1,1,0,0*,-,2,0,0,0,0,0,0
"(Mumbai Indians, Punjab Kings)",,,,,,,,,,,,,,
A Mishra,2010-2021,3,1,0,0,0,0,2,0,0,0,1,0,0
"(Delhi Capitals, Delhi Daredevils, Sunrisers Hyderabad)",,,,,,,,,,,,,,
Mohammed Siraj,2021-2025,9,1,1,0,0*,-,1,0,0,0,0,0,0
"(Gujarat Titans, Royal Challengers Bangalore, Royal Challengers Bengaluru)",,,,,,,,,,,,,,
V Nigam,2025-2025,1,1,0,0,0,0,1,0,0,0,1,0,0
(Delhi Capitals),,,,,,,,,,,,,,
PP Ojha,2010-2014,2,1,1,0,0*,-,0,-,0,0,0,0,0
"(Deccan Chargers, Mumbai Indians)",,,,,,,,,,,,,,
KH Pandya,2023-2023,1,1,0,0,0,0,1,0,0,0,1,0,0
(Lucknow Super Giants),,,,,,,,,,,,,,
M Prasidh Krishna,2021-2025,8,1,1,0,0*,-,0,-,0,0,0,0,0
"(Gujarat Titans, Kolkata Knight Riders, Rajasthan Royals)",,,,,,,,,,,,,,
PD Salt,2023-2023,1,1,0,0,0,0,1,0,0,0,1,0,0
(Delhi Capitals),,,,,,,,,,,,,,
J Suchith,2015-2015,1,1,1,0,0*,-,1,0,0,0,0,0,0
(Mumbai Indians),,,,,,,,,,,,,,
RN ten Doeschate,2014-2014,1,1,0,0,0,0,1,0,0,0,1,0,0
(Kolkata Knight Riders),,,,,,,,,,,,,,
S Ladda,2010-2010,1,-,-,-,-,-,-,-,-,-,-,-,-
(Delhi Daredevils),,,,,,,,,,,,,,
KK Ahmed,2023-2024,2,-,-,-,-,-,-,-,-,-,-,-,-
(Delhi Capitals),,,,,,,,,,,,,,
Anureet Singh,2015-2015,1,-,-,-,-,-,-,-,-,-,-,-,-
(Kings XI Punjab),,,,,,,,,,,,,,
VG Arora,2024-2024,1,-,-,-,-,-,-,-,-,-,-,-,-
(Kolkata Knight Riders),,,,,,,,,,,,,,
Avesh Khan,2021-2024,5,-,-,-,-,-,-,-,-,-,-,-,-
"(Delhi Capitals, Lucknow Super Giants, Rajasthan Royals)",,,,,,,,,,,,,,
SE Bond,2010-2010,1,-,-,-,-,-,-,-,-,-,-,-,-
(Kolkata Knight Riders),,,,,,,,,,,,,,
YS Chahal,2015-2025,8,-,-,-,-,-,-,-,-,-,-,-,-
"(Punjab Kings, Rajasthan Royals, Royal Challengers Bangalore)",,,,,,,,,,,,,,
DL Chahar,2023-2025,3,-,-,-,-,-,-,-,-,-,-,-,-
"(Chennai Super Kings, Mumbai Indians)",,,,,,,,,,,,,,
AB Dinda,2010-2010,1,-,-,-,-,-,-,-,-,-,-,-,-
(Kolkata Knight Riders),,,,,,,,,,,,,,
LH Ferguson,2022-2024,3,-,-,-,-,-,-,-,-,-,-,-,-
"(Gujarat Titans, Kolkata Knight Riders, Royal Challengers Bengaluru)",,,,,,,,,,,,,,
RS Hangargekar,2023-2023,1,-,-,-,-,-,-,-,-,-,-,-,-
(Chennai Super Kings),,,,,,,,,,,,,,
Harbhajan Singh,2014-2014,1,-,-,-,-,-,-,-,-,-,-,-,-
(Mumbai Indians),,,,,,,,,,,,,,
Harshit Rana,2024-2024,1,-,-,-,-,-,-,-,-,-,-,-,-
(Kolkata Knight Riders),,,,,,,,,,,,,,
Iqbal Abdulla,2015-2015,1,-,-,-,-,-,-,-,-,-,-,-,-
(Royal Challengers Bangalore),,,,,,,,,,,,,,
SB Jakati,2010-2010,1,-,-,-,-,-,-,-,-,-,-,-,-
(Chennai Super Kings),,,,,,,,,,,,,,
Joginder Sharma,2010-2010,1,-,-,-,-,-,-,-,-,-,-,-,-
(Chennai Super Kings),,,,,,,,,,,,,,
M Kartik,2010-2010,1,-,-,-,-,-,-,-,-,-,-,-,-
(Kolkata Knight Riders),,,,,,,,,,,,,,
Kartik Tyagi,2024-2024,1,-,-,-,-,-,-,-,-,-,-,-,-
(Gujarat Titans),,,,,,,,,,,,,,
SN Khan,2015-2015,1,-,-,-,-,-,-,-,-,-,-,-,-
(Royal Challengers Bangalore),,,,,,,,,,,,,,
K Khejroliya,2025-2025,1,-,-,-,-,-,-,-,-,-,-,-,-
(Gujarat Titans),,,,,,,,,,,,,,
JB Little,2023-2023,6,-,-,-,-,-,-,-,-,-,-,-,-
(Gujarat Titans),,,,,,,,,,,,,,
MF Maharoof,2010-2010,1,-,-,-,-,-,-,-,-,-,-,-,-
(Delhi Daredevils),,,,,,,,,,,,,,
SL Malinga,2015-2015,1,-,-,-,-,-,-,-,-,-,-,-,-
(Mumbai Indians),,,,,,,,,,,,,,
Mandeep Singh,2015-2015,1,-,-,-,-,-,-,-,-,-,-,-,-
(Royal Challengers Bangalore),,,,,,,,,,,,,,
A Madhwal,2023-2023,1,-,-,-,-,-,-,-,-,-,-,-,-
(Mumbai Indians),,,,,,,,,,,,,,
Mohsin Khan,2023-2023,1,-,-,-,-,-,-,-,-,-,-,-,-
(Lucknow Super Giants),,,,,,,,,,,,,,
Mujeeb Ur Rahman,2025-2025,1,-,-,-,-,-,-,-,-,-,-,-,-
(Mumbai Indians),,,,,,,,,,,,,,
Mukesh Kumar,2024-2025,2,-,-,-,-,-,-,-,-,-,-,-,-
(Delhi Capitals),,,,,,,,,,,,,,
M Muralidaran,2010-2010,1,-,-,-,-,-,-,-,-,-,-,-,-
(Chennai Super Kings),,,,,,,,,,,,,,
DG Nalkande,2024-2024,2,-,-,-,-,-,-,-,-,-,-,-,-
(Gujarat Titans),,,,,,,,,,,,,,
DP Nannes,2010-2010,1,-,-,-,-,-,-,-,-,-,-,-,-
(Delhi Daredevils),,,,,,,,,,,,,,
T Natarajan,2023-2024,2,-,-,-,-,-,-,-,-,-,-,-,-
(Sunrisers Hyderabad),,,,,,,,,,,,,,
A Nehra,2015-2015,1,-,-,-,-,-,-,-,-,-,-,-,-
(Chennai Super Kings),,,,,,,,,,,,,,
IC Pandey,2015-2015,1,-,-,-,-,-,-,-,-,-,-,-,-
(Chennai Super Kings),,,,,,,,,,,,,,
M Pathirana,2023-2023,1,-,-,-,-,-,-,-,-,-,-,-,-
(Chennai Super Kings),,,,,,,,,,,,,,
PVSN Raju,2025-2025,1,-,-,-,-,-,-,-,-,-,-,-,-
(Mumbai Indians),,,,,,,,,,,,,,
Ramandeep Singh,2024-2024,1,-,-,-,-,-,-,-,-,-,-,-,-
(Kolkata Knight Riders),,,,,,,,,,,,,,
S Sandeep Warrier,2024-2024,3,-,-,-,-,-,-,-,-,-,-,-,-
(Gujarat Titans),,,,,,,,,,,,,,
PJ Sangwan,2010-2010,1,-,-,-,-,-,-,-,-,-,-,-,-
(Delhi Daredevils),,,,,,,,,,,,,,
K Santokie,2014-2014,1,-,-,-,-,-,-,-,-,-,-,-,-
(Mumbai Indians),,,,,,,,,,,,,,
I Sharma,2010-2025,8,-,-,-,-,-,-,-,-,-,-,-,-
"(Delhi Capitals, Gujarat Titans, Kolkata Knight Riders)",,,,,,,,,,,,,,
Shivam Mavi,2021-2021,2,-,-,-,-,-,-,-,-,-,-,-,-
(Kolkata Knight Riders),,,,,,,,,,,,,,
Shivam Sharma,2015-2015,1,-,-,-,-,-,-,-,-,-,-,-,-
(Kings XI Punjab),,,,,,,,,,,,,,
Simarjeet Singh,2024-2024,1,-,-,-,-,-,-,-,-,-,-,-,-
(Chennai Super Kings),,,,,,,,,,,,,,
TG Southee,2014-2015,2,-,-,-,-,-,-,-,-,-,-,-,-
(Rajasthan Royals),,,,,,,,,,,,,,
Suryansh Shedge,2025-2025,1,-,-,-,-,-,-,-,-,-,-,-,-
(Punjab Kings),,,,,,,,,,,,,,
P Suyal,2015-2015,1,-,-,-,-,-,-,-,-,-,-,-,-
(Mumbai Indians),,,,,,,,,,,,,,
Suyash Sharma,2023-2023,1,-,-,-,-,-,-,-,-,-,-,-,-
(Kolkata Knight Riders),,,,,,,,,,,,,,
AP Tare,2014-2014,1,-,-,-,-,-,-,-,-,-,-,-,-
(Mumbai Indians),,,,,,,,,,,,,,
Yash Thakur,2023-2023,1,-,-,-,-,-,-,-,-,-,-,-,-
(Lucknow Super Giants),,,,,,,,,,,,,,
SK Trivedi,2010-2010,3,-,-,-,-,-,-,-,-,-,-,-,-
(Rajasthan Royals),,,,,,,,,,,,,,
JD Unadkat,2024-2024,1,-,-,-,-,-,-,-,-,-,-,-,-
(Sunrisers Hyderabad),,,,,,,,,,,,,,
CV Varun,2021-2024,4,-,-,-,-,-,-,-,-,-,-,-,-
(Kolkata Knight Riders),,,,,,,,,,,,,,
R Vinay Kumar,2014-2015,2,-,-,-,-,-,-,-,-,-,-,-,-
"(Kolkata Knight Riders, Mumbai Indians)",,,,,,,,,,,,,,
V Vyshak,2025-2025,1,-,-,-,-,-,-,-,-,-,-,-,-
(Punjab Kings),,,,,,,,,,,,,,
D Wiese,2015-2015,1,-,-,-,-,-,-,-,-,-,-,-,-
(Royal Challengers Bangalore),,,,,,,,,,,,,,
L Wood,2024-2024,1,-,-,-,-,-,-,-,-,-,-,-,-
(Mumbai Indians),,,,,,,,,,,,,,
Lalit Yadav,2021-2021,2,-,-,-,-,-,-,-,-,-,-,-,-
(Delhi Capitals),,,,,,,,,,,,,,
Yash Dayal,2022-2024,6,-,-,-,-,-,-,-,-,-,-,-,-
"(Gujarat Titans, Royal Challengers Bengaluru)",,,,,,,,,,,,,,
A Zampa,2023-2023,1,-,-,-,-,-,-,-,-,-,-,-,-
(Rajasthan Royals),,,,,,,,,,,,,,
,,,,,,,,,,,,,,
,,,,,,venue Delhi,,,,,,,,
Player,Span,Mat,Inns,NO,Runs,HS,Ave,BF,SR,100,50,0,4s,6s
DA Warner,2010-2024,36,36,4,1048,107*,32.75,823,127.33,1,9,2,119,31
"(Delhi Capitals, Delhi Daredevils, Sunrisers Hyderabad)",,,,,,,,,,,,,,
RR Pant,2016-2024,29,29,3,978,128*,37.61,611,160.06,1,6,2,82,58
"(Delhi Capitals, Delhi Daredevils)",,,,,,,,,,,,,,
V Sehwag,2008-2015,33,33,2,933,95*,30.09,563,165.71,0,7,2,116,38
"(Delhi Daredevils, Kings XI Punjab)",,,,,,,,,,,,,,
SS Iyer,2015-2019,29,29,3,855,93*,32.88,673,127.04,0,7,2,59,42
"(Delhi Capitals, Delhi Daredevils)",,,,,,,,,,,,,,
S Dhawan,2008-2023,22,22,3,726,92*,38.21,554,131.04,0,8,1,83,19
"(Deccan Chargers, Delhi Capitals, Delhi Daredevils, Punjab Kings, Sunrisers Hyderabad)",,,,,,,,,,,,,,
G Gambhir,2008-2018,20,19,1,672,86,37.33,501,134.13,0,6,0,76,11
"(Delhi Daredevils, Kolkata Knight Riders)",,,,,,,,,,,,,,
KD Karthik,2008-2023,29,25,2,647,69,28.13,477,135.63,0,6,1,58,27
"(Delhi Daredevils, Gujarat Lions, Kings XI Punjab, Kolkata Knight Riders, Mumbai Indians, Royal Challengers Bangalore)",,,,,,,,,,,,,,
AR Patel,2014-2025,26,26,10,570,66,35.62,397,143.57,0,2,0,41,32
"(Delhi Capitals, Kings XI Punjab)",,,,,,,,,,,,,,
SV Samson,2013-2025,21,21,1,544,86,27.2,417,130.45,0,3,2,45,25
"(Delhi Daredevils, Rajasthan Royals)",,,,,,,,,,,,,,
V Kohli,2008-2025,11,11,3,534,99,66.75,379,140.89,0,7,0,55,14
"(Royal Challengers Bangalore, Royal Challengers Bengaluru)",,,,,,,,,,,,,,
KK Nair,2014-2025,19,18,1,532,89,31.29,382,139.26,0,4,2,71,11
"(Delhi Capitals, Delhi Daredevils, Kings XI Punjab, Rajasthan Royals)",,,,,,,,,,,,,,
RG Sharma,2008-2025,16,16,1,454,73,30.26,338,134.31,0,3,0,39,19
"(Deccan Chargers, Mumbai Indians)",,,,,,,,,,,,,,
PP Shaw,2018-2024,20,20,0,431,99,21.55,299,144.14,0,2,0,59,11
"(Delhi Capitals, Delhi Daredevils)",,,,,,,,,,,,,,
JP Duminy,2012-2016,15,13,5,403,78*,50.37,323,124.76,0,1,0,23,16
"(Deccan Chargers, Delhi Daredevils)",,,,,,,,,,,,,,
DPMD Jayawardene,2008-2013,17,17,3,389,59,27.78,333,116.81,0,3,0,47,6
"(Delhi Daredevils, Kings XI Punjab, Kochi Tuskers Kerala)",,,,,,,,,,,,,,
SK Raina,2008-2021,13,13,4,370,82*,41.11,259,142.85,0,2,0,32,16
"(Chennai Super Kings, Gujarat Lions)",,,,,,,,,,,,,,
CH Gayle,2010-2019,7,7,2,367,128*,73.4,219,167.57,1,2,0,29,28
"(Kings XI Punjab, Kolkata Knight Riders, Royal Challengers Bangalore)",,,,,,,,,,,,,,
KP Pietersen,2010-2014,11,11,3,353,103*,44.12,242,145.86,1,1,1,30,21
"(Delhi Daredevils, Royal Challengers Bangalore)",,,,,,,,,,,,,,
Abishek Porel,2023-2025,11,10,0,336,65,33.6,207,162.31,0,2,0,33,15
(Delhi Capitals),,,,,,,,,,,,,,
Q de Kock,2014-2024,12,12,2,312,70*,31.2,246,126.82,0,2,0,36,9
"(Delhi Daredevils, Lucknow Super Giants, Mumbai Indians)",,,,,,,,,,,,,,
AT Rayudu,2010-2023,12,10,2,309,72*,38.62,197,156.85,0,3,0,25,18
"(Chennai Super Kings, Mumbai Indians)",,,,,,,,,,,,,,
KM Jadhav,2010-2023,23,19,7,294,33,24.5,241,121.99,0,0,2,21,11
"(Chennai Super Kings, Delhi Daredevils, Royal Challengers Bangalore, Sunrisers Hyderabad)",,,,,,,,,,,,,,
AM Rahane,2012-2025,11,9,2,280,84*,40,223,125.56,0,2,1,27,6
"(Chennai Super Kings, Kolkata Knight Riders, Rajasthan Royals, Rising Pune Supergiant, Rising Pune Supergiants)",,,,,,,,,,,,,,
MK Pandey,2012-2023,14,11,2,278,69*,30.88,220,126.36,0,2,2,23,7
"(Delhi Capitals, Kolkata Knight Riders, Pune Warriors, Sunrisers Hyderabad)",,,,,,,,,,,,,,
KA Pollard,2010-2021,12,11,5,271,87*,45.16,153,177.12,0,2,0,18,19
(Mumbai Indians),,,,,,,,,,,,,,
JC Buttler,2016-2024,5,5,0,253,124,50.6,145,174.48,1,1,0,20,19
"(Mumbai Indians, Rajasthan Royals)",,,,,,,,,,,,,,
T Stubbs,2024-2025,9,9,4,252,57*,50.4,131,192.36,0,1,0,22,14
(Delhi Capitals),,,,,,,,,,,,,,
F du Plessis,2012-2025,7,6,0,250,62,41.66,181,138.12,0,3,0,25,8
"(Chennai Super Kings, Delhi Capitals, Royal Challengers Bangalore)",,,,,,,,,,,,,,
DA Miller,2012-2024,12,12,4,248,55,31,200,124,0,1,0,20,8
"(Gujarat Titans, Kings XI Punjab, Rajasthan Royals)",,,,,,,,,,,,,,
KH Pandya,2016-2025,7,7,2,239,73*,47.8,160,149.37,0,1,0,21,10
"(Lucknow Super Giants, Mumbai Indians, Royal Challengers Bengaluru)",,,,,,,,,,,,,,
NV Ojha,2010-2017,21,20,5,236,34,15.73,207,114,0,0,0,16,14
"(Delhi Daredevils, Rajasthan Royals, Sunrisers Hyderabad)",,,,,,,,,,,,,,
DR Smith,2008-2017,7,7,0,235,79,33.57,145,162.06,0,3,0,20,16
"(Chennai Super Kings, Gujarat Lions, Mumbai Indians)",,,,,,,,,,,,,,
Y Venugopal Rao,2008-2013,12,10,2,235,40,29.37,188,125,0,0,0,26,5
"(Deccan Chargers, Delhi Daredevils)",,,,,,,,,,,,,,
Yuvraj Singh,2008-2018,11,10,2,232,70*,29,179,129.6,0,1,0,26,9
"(Delhi Daredevils, Kings XI Punjab, Sunrisers Hyderabad)",,,,,,,,,,,,,,
J Fraser-McGurk,2024-2025,7,7,0,231,84,33,88,262.5,0,3,2,27,18
(Delhi Capitals),,,,,,,,,,,,,,
MK Tiwary,2008-2017,12,10,5,227,61*,45.4,178,127.52,0,2,1,21,6
"(Delhi Daredevils, Kolkata Knight Riders, Rising Pune Supergiant)",,,,,,,,,,,,,,
RV Uthappa,2008-2019,10,10,1,227,72,25.22,161,140.99,0,1,0,24,6
"(Kolkata Knight Riders, Mumbai Indians, Pune Warriors, Royal Challengers Bangalore)",,,,,,,,,,,,,,
BB McCullum,2011-2017,6,6,0,218,60,36.33,166,131.32,0,2,0,28,5
"(Chennai Super Kings, Gujarat Lions, Kochi Tuskers Kerala, Kolkata Knight Riders)",,,,,,,,,,,,,,
AD Russell,2012-2025,9,7,1,216,62,36,131,164.88,0,1,0,13,19
"(Delhi Daredevils, Kolkata Knight Riders)",,,,,,,,,,,,,,
PA Patel,2010-2019,10,10,1,207,45,23,159,130.18,0,0,0,30,3
"(Chennai Super Kings, Deccan Chargers, Kochi Tuskers Kerala, Mumbai Indians, Royal Challengers Bangalore, Sunrisers Hyderabad)",,,,,,,,,,,,,,
PD Collingwood,2010-2010,5,5,2,199,75*,66.33,148,134.45,0,3,0,9,13
(Delhi Daredevils),,,,,,,,,,,,,,
SA Yadav,2014-2025,12,11,0,198,40,18,139,142.44,0,0,1,18,8
"(Kolkata Knight Riders, Mumbai Indians)",,,,,,,,,,,,,,
IK Pathan,2008-2014,24,18,7,193,36,17.54,181,106.62,0,0,2,13,7
"(Delhi Daredevils, Kings XI Punjab, Sunrisers Hyderabad)",,,,,,,,,,,,,,
SR Tendulkar,2008-2013,5,5,1,188,63,47,152,123.68,0,2,0,20,4
(Mumbai Indians),,,,,,,,,,,,,,
LRPL Taylor,2008-2012,9,9,0,187,55,20.77,146,128.08,0,1,1,12,9
"(Delhi Daredevils, Royal Challengers Bangalore)",,,,,,,,,,,,,,
MS Dhoni,2008-2023,12,9,3,186,44,31,166,112.04,0,0,0,13,5
"(Chennai Super Kings, Rising Pune Supergiant, Rising Pune Supergiants)",,,,,,,,,,,,,,
MA Agarwal,2012-2023,11,10,1,177,52*,19.66,156,113.46,0,1,0,21,4
"(Delhi Daredevils, Kings XI Punjab, Royal Challengers Bangalore, Sunrisers Hyderabad)",,,,,,,,,,,,,,
Abhishek Sharma,2018-2024,5,5,2,176,67,58.66,81,217.28,0,1,0,17,12
"(Delhi Daredevils, Sunrisers Hyderabad)",,,,,,,,,,,,,,
PD Salt,2023-2023,5,5,0,175,87,35,106,165.09,0,2,0,21,6
(Delhi Capitals),,,,,,,,,,,,,,
CH Morris,2013-2021,15,8,3,170,82*,34,88,193.18,0,1,1,11,13
"(Chennai Super Kings, Delhi Capitals, Delhi Daredevils, Rajasthan Royals)",,,,,,,,,,,,,,
V Shankar,2018-2023,10,9,5,170,43*,42.5,136,125,0,0,0,14,5
"(Delhi Daredevils, Gujarat Titans, Sunrisers Hyderabad)",,,,,,,,,,,,,,
R Dravid,2008-2013,5,5,0,169,65,33.8,138,122.46,0,1,0,20,3
"(Rajasthan Royals, Royal Challengers Bangalore)",,,,,,,,,,,,,,
YK Pathan,2008-2019,11,9,3,166,59,27.66,129,128.68,0,1,0,18,5
"(Kolkata Knight Riders, Rajasthan Royals, Sunrisers Hyderabad)",,,,,,,,,,,,,,
NT Tilak Varma,2023-2025,3,3,0,163,63,54.33,94,173.4,0,2,0,11,11
(Mumbai Indians),,,,,,,,,,,,,,
RA Jadeja,2008-2023,14,9,6,159,29,53,122,130.32,0,0,0,10,7
"(Chennai Super Kings, Gujarat Lions, Kochi Tuskers Kerala, Rajasthan Royals)",,,,,,,,,,,,,,
JH Kallis,2008-2014,5,5,1,159,54,39.75,130,122.3,0,2,0,18,2
"(Kolkata Knight Riders, Royal Challengers Bangalore)",,,,,,,,,,,,,,
HH Pandya,2015-2025,10,9,2,159,46,22.71,88,180.68,0,0,1,10,12
"(Gujarat Titans, Mumbai Indians)",,,,,,,,,,,,,,
RD Gaikwad,2021-2023,3,3,0,158,79,52.66,98,161.22,0,2,0,16,7
(Chennai Super Kings),,,,,,,,,,,,,,
SW Billings,2016-2018,5,5,0,155,55,31,111,139.63,0,2,0,15,4
"(Chennai Super Kings, Delhi Daredevils)",,,,,,,,,,,,,,
Y Nagar,2011-2012,12,10,2,155,27,19.37,119,130.25,0,0,1,12,7
(Delhi Daredevils),,,,,,,,,,,,,,
KS Williamson,2017-2021,4,4,2,153,83*,76.5,108,141.66,0,1,0,14,4
(Sunrisers Hyderabad),,,,,,,,,,,,,,
MEK Hussey,2013-2013,2,2,2,151,86*,-,108,139.81,0,2,0,16,4
(Chennai Super Kings),,,,,,,,,,,,,,
KL Rahul,2014-2025,8,7,0,141,41,20.14,116,121.55,0,0,0,12,4
"(Delhi Capitals, Kings XI Punjab, Lucknow Super Giants, Sunrisers Hyderabad)",,,,,,,,,,,,,,
AB de Villiers,2008-2019,9,7,2,139,72*,27.8,90,154.44,0,1,1,9,9
"(Delhi Daredevils, Royal Challengers Bangalore)",,,,,,,,,,,,,,
M Vijay,2010-2016,9,9,1,133,35,16.62,113,117.69,0,0,1,12,3
"(Chennai Super Kings, Delhi Daredevils, Kings XI Punjab)",,,,,,,,,,,,,,
SE Marsh,2008-2016,5,5,0,128,95,25.6,86,148.83,0,1,0,15,6
(Kings XI Punjab),,,,,,,,,,,,,,
B Sai Sudharsan,2023-2024,2,2,1,127,65,127,87,145.97,0,2,0,11,4
(Gujarat Titans),,,,,,,,,,,,,,
SR Watson,2008-2019,6,6,2,123,44,30.75,93,132.25,0,0,0,12,6
"(Chennai Super Kings, Rajasthan Royals, Royal Challengers Bangalore)",,,,,,,,,,,,,,
CJ Anderson,2017-2017,6,6,3,114,41*,38,80,142.5,0,0,0,7,8
(Delhi Daredevils),,,,,,,,,,,,,,
MR Marsh,2010-2023,6,6,0,111,63,18.5,92,120.65,0,1,0,5,7
"(Deccan Chargers, Delhi Capitals)",,,,,,,,,,,,,,
KC Sangakkara,2010-2013,4,4,0,111,49,27.75,100,111,0,0,0,16,1
"(Deccan Chargers, Kings XI Punjab, Sunrisers Hyderabad)",,,,,,,,,,,,,,
DJ Hussey,2010-2013,4,4,1,109,40*,36.33,98,111.22,0,0,0,8,5
"(Kings XI Punjab, Kolkata Knight Riders)",,,,,,,,,,,,,,
R Parag,2019-2025,5,5,2,108,50,36,97,111.34,0,1,0,7,6
(Rajasthan Royals),,,,,,,,,,,,,,
BJ Hodge,2011-2013,4,4,2,105,54*,52.5,67,156.71,0,1,0,8,6
"(Kochi Tuskers Kerala, Rajasthan Royals)",,,,,,,,,,,,,,
SS Tiwary,2010-2016,6,4,1,105,61,35,79,132.91,0,1,0,7,5
"(Delhi Daredevils, Mumbai Indians, Rising Pune Supergiants, Royal Challengers Bangalore)",,,,,,,,,,,,,,
AD Mathews,2010-2017,9,7,2,103,28,20.6,68,151.47,0,0,1,11,3
"(Delhi Daredevils, Kolkata Knight Riders, Pune Warriors)",,,,,,,,,,,,,,
Prabhsimran Singh,2023-2023,1,1,0,103,103,103,65,158.46,1,0,0,10,6
(Punjab Kings),,,,,,,,,,,,,,
JR Hopes,2008-2011,6,4,1,100,54,33.33,93,107.52,0,1,0,8,2
"(Delhi Daredevils, Kings XI Punjab)",,,,,,,,,,,,,,
Mandeep Singh,2010-2023,7,6,0,100,30,16.66,83,120.48,0,0,1,11,3
"(Kings XI Punjab, Kolkata Knight Riders, Royal Challengers Bangalore)",,,,,,,,,,,,,,
YBK Jaiswal,2021-2025,4,4,0,99,51,24.75,72,137.5,0,1,0,8,6
(Rajasthan Royals),,,,,,,,,,,,,,
WP Saha,2010-2024,7,7,1,99,39,16.5,82,120.73,0,0,0,11,2
"(Gujarat Titans, Kings XI Punjab, Kolkata Knight Riders)",,,,,,,,,,,,,,
UBT Chand,2011-2015,5,5,0,96,41,19.2,77,124.67,0,0,1,10,3
"(Delhi Daredevils, Mumbai Indians)",,,,,,,,,,,,,,
AJ Finch,2011-2018,7,7,0,94,50,13.42,80,117.5,0,1,1,12,2
"(Delhi Daredevils, Gujarat Lions, Kings XI Punjab, Sunrisers Hyderabad)",,,,,,,,,,,,,,
GJ Maxwell,2014-2023,10,10,0,94,27,9.4,83,113.25,0,0,3,7,4
"(Delhi Daredevils, Kings XI Punjab, Royal Challengers Bangalore)",,,,,,,,,,,,,,
ML Hayden,2010-2010,1,1,0,93,93,93,43,216.27,0,1,0,9,7
(Chennai Super Kings),,,,,,,,,,,,,,
MC Henriques,2013-2017,5,4,1,93,31,31,67,138.8,0,0,0,8,2
"(Royal Challengers Bangalore, Sunrisers Hyderabad)",,,,,,,,,,,,,,
TM Head,2017-2024,2,2,0,91,89,45.5,34,267.64,0,1,0,11,6
"(Royal Challengers Bangalore, Sunrisers Hyderabad)",,,,,,,,,,,,,,
DJ Hooda,2015-2024,6,5,0,89,54,17.8,60,148.33,0,1,1,4,6
"(Lucknow Super Giants, Rajasthan Royals, Sunrisers Hyderabad)",,,,,,,,,,,,,,
DP Conway,2023-2023,1,1,0,87,87,87,52,167.3,0,1,0,11,3
(Chennai Super Kings),,,,,,,,,,,,,,
JD Ryder,2012-2012,1,1,0,86,86,86,58,148.27,0,1,0,7,4
(Pune Warriors),,,,,,,,,,,,,,
M Vohra,2013-2017,5,5,0,86,42,17.2,67,128.35,0,0,0,10,3
(Kings XI Punjab),,,,,,,,,,,,,,
JM Bairstow,2019-2021,3,3,0,85,48,28.33,54,157.4,0,0,0,14,2
(Sunrisers Hyderabad),,,,,,,,,,,,,,
SD Hope,2024-2024,4,4,0,85,41,21.25,51,166.66,0,0,0,4,7
(Delhi Capitals),,,,,,,,,,,,,,
A Mishra,2008-2019,45,13,8,84,16*,16.8,89,94.38,0,0,0,3,2
"(Deccan Chargers, Delhi Capitals, Delhi Daredevils, Sunrisers Hyderabad)",,,,,,,,,,,,,,
M Manhas,2008-2014,7,4,1,82,32*,27.33,75,109.33,0,0,0,8,0
"(Chennai Super Kings, Delhi Daredevils, Pune Warriors)",,,,,,,,,,,,,,
SPD Smith,2012-2017,4,3,1,82,38,41,54,151.85,0,0,0,10,3
"(Pune Warriors, Rajasthan Royals, Rising Pune Supergiant)",,,,,,,,,,,,,,
S Dube,2019-2023,3,3,0,81,35,27,56,144.64,0,0,0,2,7
"(Chennai Super Kings, Rajasthan Royals, Royal Challengers Bangalore)",,,,,,,,,,,,,,
LMP Simmons,2015-2017,2,2,0,81,66,40.5,57,142.1,0,1,0,8,4
(Mumbai Indians),,,,,,,,,,,,,,
TM Dilshan,2008-2012,8,8,0,77,17,9.62,68,113.23,0,0,2,11,1
"(Delhi Daredevils, Royal Challengers Bangalore)",,,,,,,,,,,,,,
MM Ali,2018-2023,4,3,0,74,58,24.66,47,157.44,0,1,0,8,5
"(Chennai Super Kings, Royal Challengers Bangalore)",,,,,,,,,,,,,,
ST Jayasuriya,2008-2010,2,2,0,73,66,36.5,52,140.38,0,1,0,7,5
(Mumbai Indians),,,,,,,,,,,,,,
AC Gilchrist,2008-2013,4,4,0,72,42,18,54,133.33,0,0,0,14,1
"(Deccan Chargers, Kings XI Punjab)",,,,,,,,,,,,,,
CA Ingram,2011-2019,7,7,1,72,19,12,68,105.88,0,0,0,7,1
"(Delhi Capitals, Delhi Daredevils)",,,,,,,,,,,,,,
H Klaasen,2019-2024,3,3,1,71,53*,35.5,38,186.84,0,1,0,2,6
"(Royal Challengers Bangalore, Sunrisers Hyderabad)",,,,,,,,,,,,,,
CL White,2010-2013,4,4,1,70,31*,23.33,72,97.22,0,0,0,7,1
"(Deccan Chargers, Royal Challengers Bangalore, Sunrisers Hyderabad)",,,,,,,,,,,,,,
TH David,2023-2025,3,3,2,69,37,69,33,209.09,0,0,0,5,5
"(Mumbai Indians, Royal Challengers Bengaluru)",,,,,,,,,,,,,,
MF Maharoof,2008-2010,8,5,1,67,28,16.75,44,152.27,0,0,2,6,4
(Delhi Daredevils),,,,,,,,,,,,,,
P Negi,2012-2017,8,7,6,67,19*,67,45,148.88,0,0,0,7,2
"(Delhi Daredevils, Royal Challengers Bangalore)",,,,,,,,,,,,,,
DJ Bravo,2010-2019,8,7,2,66,22,13.2,58,113.79,0,0,0,6,1
"(Chennai Super Kings, Gujarat Lions, Mumbai Indians)",,,,,,,,,,,,,,
JJ Roy,2018-2023,3,3,0,66,43,22,61,108.19,0,0,0,8,2
"(Delhi Daredevils, Kolkata Knight Riders)",,,,,,,,,,,,,,
V Nigam,2025-2025,4,3,0,64,38,21.33,33,193.93,0,0,0,6,4
(Delhi Capitals),,,,,,,,,,,,,,
N Rana,2017-2025,5,4,0,64,51,16,44,145.45,0,1,0,8,2
"(Kolkata Knight Riders, Mumbai Indians, Rajasthan Royals)",,,,,,,,,,,,,,
SP Narine,2012-2025,9,6,2,63,27,15.75,38,165.78,0,0,0,4,5
(Kolkata Knight Riders),,,,,,,,,,,,,,
Ishan Kishan,2016-2024,5,5,0,62,31,12.4,65,95.38,0,0,0,10,0
"(Gujarat Lions, Mumbai Indians)",,,,,,,,,,,,,,
MK Lomror,2019-2023,2,2,1,62,54*,62,32,193.75,0,1,0,8,3
"(Rajasthan Royals, Royal Challengers Bangalore)",,,,,,,,,,,,,,
S Sohal,2011-2011,1,1,0,62,62,62,41,151.21,0,1,0,8,1
(Deccan Chargers),,,,,,,,,,,,,,
N Pooran,2024-2024,1,1,0,61,61,61,27,225.92,0,1,0,6,4
(Lucknow Super Giants),,,,,,,,,,,,,,
Shubman Gill,2018-2024,4,4,0,61,37,15.25,52,117.3,0,0,0,7,1
"(Gujarat Titans, Kolkata Knight Riders)",,,,,,,,,,,,,,
HV Patel,2012-2023,9,3,2,60,36*,60,33,181.81,0,0,0,1,6
"(Delhi Capitals, Delhi Daredevils, Royal Challengers Bangalore)",,,,,,,,,,,,,,
Shahbaz Ahmed,2024-2024,1,1,1,59,59*,-,29,203.44,0,1,0,2,5
(Sunrisers Hyderabad),,,,,,,,,,,,,,
Arshad Khan,2023-2024,2,1,1,58,58*,-,33,175.75,0,1,0,3,5
"(Lucknow Super Giants, Mumbai Indians)",,,,,,,,,,,,,,
CR Brathwaite,2016-2016,3,2,0,54,34,27,19,284.21,0,0,0,3,6
(Delhi Daredevils),,,,,,,,,,,,,,
A Symonds,2010-2010,1,1,0,54,54,54,30,180,0,1,0,3,5
(Deccan Chargers),,,,,,,,,,,,,,
C Munro,2016-2019,4,4,0,52,33,13,45,115.55,0,0,1,5,2
"(Delhi Capitals, Delhi Daredevils, Kolkata Knight Riders)",,,,,,,,,,,,,,
Abdul Samad,2021-2024,3,3,0,51,28,17,37,137.83,0,0,0,2,4
(Sunrisers Hyderabad),,,,,,,,,,,,,,
JP Faulkner,2013-2017,5,4,2,51,22*,25.5,38,134.21,0,0,0,6,0
"(Gujarat Lions, Rajasthan Royals)",,,,,,,,,,,,,,
MC Juneja,2013-2013,4,4,0,51,20,12.75,63,80.95,0,0,0,2,1
(Delhi Daredevils),,,,,,,,,,,,,,
SN Khan,2015-2023,4,3,0,50,30,16.66,52,96.15,0,0,0,5,0
"(Delhi Capitals, Royal Challengers Bangalore)",,,,,,,,,,,,,,
E Lewis,2018-2018,1,1,0,48,48,48,31,154.83,0,0,0,3,4
(Mumbai Indians),,,,,,,,,,,,,,
R Bhatia,2008-2016,11,4,1,47,21,15.66,32,146.87,0,0,0,2,3
"(Delhi Daredevils, Kolkata Knight Riders, Rajasthan Royals, Rising Pune Supergiants)",,,,,,,,,,,,,,
PP Chawla,2008-2024,11,6,1,47,12,9.4,35,134.28,0,0,0,5,2
"(Kings XI Punjab, Kolkata Knight Riders, Mumbai Indians)",,,,,,,,,,,,,,
BCJ Cutting,2016-2019,4,4,0,47,37,11.75,32,146.87,0,0,1,3,3
"(Mumbai Indians, Sunrisers Hyderabad)",,,,,,,,,,,,,,
SC Ganguly,2010-2012,2,2,0,46,41,23,45,102.22,0,0,0,6,1
"(Kolkata Knight Riders, Pune Warriors)",,,,,,,,,,,,,,
PJ Cummins,2017-2024,7,6,2,44,12*,11,30,146.66,0,0,0,2,3
"(Delhi Daredevils, Sunrisers Hyderabad)",,,,,,,,,,,,,,
SP Fleming,2008-2008,1,1,0,44,44,44,28,157.14,0,0,0,7,0
(Chennai Super Kings),,,,,,,,,,,,,,
A Raghuvanshi,2025-2025,1,1,0,44,44,44,32,137.5,0,0,0,3,2
(Kolkata Knight Riders),,,,,,,,,,,,,,
DJM Short,2018-2018,1,1,0,44,44,44,25,176,0,0,0,2,4
(Rajasthan Royals),,,,,,,,,,,,,,
R Tewatia,2018-2024,8,4,1,44,24,14.66,42,104.76,0,0,0,3,1
"(Delhi Capitals, Delhi Daredevils, Gujarat Titans, Rajasthan Royals)",,,,,,,,,,,,,,
STR Binny,2013-2019,5,4,0,43,40,10.75,29,148.27,0,0,1,2,3
(Rajasthan Royals),,,,,,,,,,,,,,
LA Pomersbach,2008-2013,2,2,1,43,25*,43,22,195.45,0,0,0,3,3
(Kings XI Punjab),,,,,,,,,,,,,,
RK Singh,2023-2025,2,2,0,42,36,21,33,127.27,0,0,0,4,1
(Kolkata Knight Riders),,,,,,,,,,,,,,
Bipul Sharma,2016-2016,2,2,2,41,27*,-,17,241.17,0,0,0,0,5
(Sunrisers Hyderabad),,,,,,,,,,,,,,
Mohammad Nabi,2019-2024,3,3,1,41,17*,20.5,18,227.77,0,0,0,3,4
"(Mumbai Indians, Sunrisers Hyderabad)",,,,,,,,,,,,,,
RD Rickelton,2025-2025,1,1,0,41,41,41,25,164,0,0,0,5,2
(Mumbai Indians),,,,,,,,,,,,,,
SE Rutherford,2019-2019,3,3,2,41,28*,41,21,195.23,0,0,0,1,4
(Delhi Capitals),,,,,,,,,,,,,,
AR Sharma,2025-2025,4,4,1,41,17,13.66,34,120.58,0,0,0,4,1
(Delhi Capitals),,,,,,,,,,,,,,
RR Rossouw,2023-2023,4,4,1,40,35*,13.33,29,137.93,0,0,2,2,3
(Delhi Capitals),,,,,,,,,,,,,,
S Vidyut,2008-2008,1,1,0,40,40,40,23,173.91,0,0,0,6,1
(Chennai Super Kings),,,,,,,,,,,,,,
DL Vettori,2008-2011,5,3,2,39,19*,39,40,97.5,0,0,0,3,1
"(Delhi Daredevils, Royal Challengers Bangalore)",,,,,,,,,,,,,,
Naman Dhir,2025-2025,1,1,1,38,38*,-,17,223.52,0,0,0,3,2
(Mumbai Indians),,,,,,,,,,,,,,
S Badrinath,2008-2013,5,3,1,37,15,18.5,36,102.77,0,0,0,5,1
(Chennai Super Kings),,,,,,,,,,,,,,
K Nitish Kumar Reddy,2024-2024,1,1,0,37,37,37,27,137.03,0,0,0,2,2
(Sunrisers Hyderabad),,,,,,,,,,,,,,
MP Stoinis,2019-2024,2,2,1,37,32*,37,31,119.35,0,0,0,2,2
"(Lucknow Super Giants, Royal Challengers Bangalore)",,,,,,,,,,,,,,
DT Christian,2011-2018,4,4,0,36,19,9,46,78.26,0,0,0,1,0
"(Deccan Chargers, Delhi Daredevils, Rising Pune Supergiant)",,,,,,,,,,,,,,
M Morkel,2011-2016,18,9,4,36,19,7.2,26,138.46,0,0,3,4,1
"(Delhi Daredevils, Kolkata Knight Riders)",,,,,,,,,,,,,,
TR Birt,2011-2011,2,2,0,35,27,17.5,26,134.61,0,0,0,5,0
(Delhi Daredevils),,,,,,,,,,,,,,
Gurkeerat Singh,2012-2019,2,2,0,35,27,17.5,24,145.83,0,0,0,4,1
"(Kings XI Punjab, Royal Challengers Bangalore)",,,,,,,,,,,,,,
Kuldeep Yadav,2016-2025,20,10,6,35,10*,8.75,36,97.22,0,0,3,3,0
"(Delhi Capitals, Kolkata Knight Riders)",,,,,,,,,,,,,,
BA Stokes,2017-2018,2,2,0,34,33,17,27,125.92,0,0,0,3,2
"(Rajasthan Royals, Rising Pune Supergiant)",,,,,,,,,,,,,,
Mohammed Shami,2014-2023,16,7,4,33,21,11,24,137.5,0,0,0,3,2
"(Delhi Daredevils, Gujarat Titans, Kings XI Punjab)",,,,,,,,,,,,,,
Shahid Afridi,2008-2008,1,1,0,33,33,33,14,235.71,0,0,0,3,2
(Deccan Chargers),,,,,,,,,,,,,,
R Ashwin,2010-2024,9,4,0,32,16,8,29,110.34,0,0,0,3,0
"(Chennai Super Kings, Kings XI Punjab, Rajasthan Royals, Rising Pune Supergiants)",,,,,,,,,,,,,,
JA Morkel,2008-2013,5,3,1,32,30,16,21,152.38,0,0,1,2,3
(Chennai Super Kings),,,,,,,,,,,,,,
BJ Rohrer,2013-2013,1,1,0,32,32,32,27,118.51,0,0,0,4,0
(Delhi Daredevils),,,,,,,,,,,,,,
Aman Hakim Khan,2023-2023,5,4,0,31,16,7.75,37,83.78,0,0,1,2,2
(Delhi Capitals),,,,,,,,,,,,,,
MV Boucher,2008-2008,1,1,1,31,31*,-,17,182.35,0,0,0,2,2
(Royal Challengers Bangalore),,,,,,,,,,,,,,
LR Shukla,2012-2014,4,3,0,31,21,10.33,38,81.57,0,0,1,2,1
"(Delhi Daredevils, Kolkata Knight Riders)",,,,,,,,,,,,,,
B Chipli,2011-2012,2,2,2,30,25*,-,20,150,0,0,0,3,1
(Deccan Chargers),,,,,,,,,,,,,,
UT Khawaja,2016-2016,1,1,0,30,30,30,27,111.11,0,0,0,2,1
(Rising Pune Supergiants),,,,,,,,,,,,,,
NLTC Perera,2013-2016,4,4,1,30,14*,10,21,142.85,0,0,0,1,3
"(Kings XI Punjab, Rising Pune Supergiants, Sunrisers Hyderabad)",,,,,,,,,,,,,,
AB Agarkar,2010-2013,10,5,2,29,17,9.66,29,100,0,0,1,1,0
"(Delhi Daredevils, Kolkata Knight Riders)",,,,,,,,,,,,,,
DJG Sammy,2013-2013,1,1,0,29,29,29,21,138.09,0,0,0,0,3
(Sunrisers Hyderabad),,,,,,,,,,,,,,
SB Styris,2008-2008,1,1,0,29,29,29,28,103.57,0,0,0,2,0
(Deccan Chargers),,,,,,,,,,,,,,
MN Samuels,2017-2017,4,3,0,28,27,9.33,27,103.7,0,0,1,1,2
(Delhi Daredevils),,,,,,,,,,,,,,
MM Sharma,2013-2025,8,4,1,28,15,9.33,23,121.73,0,0,1,2,1
"(Chennai Super Kings, Delhi Capitals, Gujarat Titans, Kings XI Punjab)",,,,,,,,,,,,,,
DC Jurel,2025-2025,1,1,0,26,26,26,17,152.94,0,0,0,0,2
(Rajasthan Royals),,,,,,,,,,,,,,
Rahmanullah Gurbaz,2025-2025,1,1,0,26,26,26,12,216.66,0,0,0,5,1
(Kolkata Knight Riders),,,,,,,,,,,,,,
D Salunkhe,2008-2008,1,1,1,26,26*,-,20,130,0,0,0,4,0
(Rajasthan Royals),,,,,,,,,,,,,,
RA Tripathi,2017-2023,3,3,0,26,10,8.66,20,130,0,0,0,2,1
"(Rajasthan Royals, Rising Pune Supergiant, Sunrisers Hyderabad)",,,,,,,,,,,,,,
SB Dubey,2024-2025,2,1,0,25,25,25,12,208.33,0,0,0,2,2
(Rajasthan Royals),,,,,,,,,,,,,,
CA Lynn,2018-2019,2,2,0,25,20,12.5,24,104.16,0,0,0,4,0
(Kolkata Knight Riders),,,,,,,,,,,,,,
MD Mishra,2010-2010,1,1,0,25,25,25,19,131.57,0,0,0,2,1
(Deccan Chargers),,,,,,,,,,,,,,
GJ Bailey,2014-2016,3,2,0,24,18,12,23,104.34,0,0,0,3,0
"(Kings XI Punjab, Rising Pune Supergiants)",,,,,,,,,,,,,,
K Gowtham,2018-2019,2,2,1,24,18*,24,12,200,0,0,0,3,1
(Rajasthan Royals),,,,,,,,,,,,,,
Harbhajan Singh,2010-2019,10,4,0,24,15,6,27,88.88,0,0,2,2,1
"(Chennai Super Kings, Mumbai Indians)",,,,,,,,,,,,,,
CA Pujara,2011-2013,2,2,0,24,17,12,29,82.75,0,0,0,3,0
(Royal Challengers Bangalore),,,,,,,,,,,,,,
AP Tare,2010-2013,2,2,0,24,17,12,17,141.17,0,0,0,1,2
(Mumbai Indians),,,,,,,,,,,,,,
A Nehra,2008-2013,6,2,1,23,22*,23,20,115,0,0,0,2,1
"(Delhi Daredevils, Mumbai Indians, Pune Warriors)",,,,,,,,,,,,,,
HH Gibbs,2008-2008,1,1,0,22,22,22,22,100,0,0,0,1,2
(Deccan Chargers),,,,,,,,,,,,,,
SP Goswami,2011-2018,3,1,0,22,22,22,20,110,0,0,0,4,0
"(Kolkata Knight Riders, Rajasthan Royals, Sunrisers Hyderabad)",,,,,,,,,,,,,,
Harpreet Brar,2019-2023,2,2,1,22,20*,22,17,129.41,0,0,0,2,1
"(Kings XI Punjab, Punjab Kings)",,,,,,,,,,,,,,
MG Johnson,2013-2018,3,3,1,22,12*,11,25,88,0,0,0,2,0
"(Kings XI Punjab, Kolkata Knight Riders, Mumbai Indians)",,,,,,,,,,,,,,
EJG Morgan,2011-2017,2,2,0,22,22,11,21,104.76,0,0,1,3,0
"(Kings XI Punjab, Kolkata Knight Riders)",,,,,,,,,,,,,,
R Powell,2023-2025,3,3,0,22,13,7.33,19,115.78,0,0,0,3,1
"(Delhi Capitals, Kolkata Knight Riders, Rajasthan Royals)",,,,,,,,,,,,,,
RN ten Doeschate,2011-2015,3,2,1,22,19,22,14,157.14,0,0,0,2,1
(Kolkata Knight Riders),,,,,,,,,,,,,,
Rashid Khan,2017-2024,7,2,1,21,21*,21,13,161.53,0,0,1,3,1
"(Gujarat Titans, Sunrisers Hyderabad)",,,,,,,,,,,,,,
SM Curran,2019-2023,4,2,0,20,20,10,28,71.42,0,0,1,1,0
"(Chennai Super Kings, Kings XI Punjab, Punjab Kings)",,,,,,,,,,,,,,
P Dogra,2010-2010,1,1,0,20,20,20,25,80,0,0,0,0,1
(Rajasthan Royals),,,,,,,,,,,,,,
GH Vihari,2013-2019,3,3,0,20,17,6.66,34,58.82,0,0,0,0,1
"(Delhi Capitals, Sunrisers Hyderabad)",,,,,,,,,,,,,,
HM Amla,2017-2017,1,1,0,19,19,19,12,158.33,0,0,0,4,0
(Kings XI Punjab),,,,,,,,,,,,,,
Gulbadin Naib,2024-2024,2,1,0,19,19,19,15,126.66,0,0,0,1,1
(Delhi Capitals),,,,,,,,,,,,,,
MS Wade,2011-2011,2,2,0,19,11,9.5,29,65.51,0,0,0,0,0
(Delhi Daredevils),,,,,,,,,,,,,,
Lalit Yadav,2023-2024,4,4,1,19,7,6.33,31,61.29,0,0,0,1,0
(Delhi Capitals),,,,,,,,,,,,,,
M Klinger,2011-2011,1,1,0,18,18,18,20,90,0,0,0,3,0
(Kochi Tuskers Kerala),,,,,,,,,,,,,,
LS Livingstone,2019-2023,2,2,0,18,14,9,18,100,0,0,0,2,1
"(Punjab Kings, Rajasthan Royals)",,,,,,,,,,,,,,
AM Nayar,2008-2011,2,2,1,18,17*,18,16,112.5,0,0,0,3,0
"(Kings XI Punjab, Mumbai Indians)",,,,,,,,,,,,,,
P Sahu,2016-2016,1,1,1,18,18*,-,12,150,0,0,0,1,1
(Kings XI Punjab),,,,,,,,,,,,,,
RE van der Merwe,2011-2013,5,3,2,18,8*,18,18,100,0,0,0,2,0
(Delhi Daredevils),,,,,,,,,,,,,,
C Green,2023-2023,1,1,1,17,17*,-,8,212.5,0,0,0,1,1
(Mumbai Indians),,,,,,,,,,,,,,
SL Malinga,2010-2019,8,3,1,17,11,8.5,25,68,0,0,1,2,0
(Mumbai Indians),,,,,,,,,,,,,,
UT Yadav,2010-2023,30,9,4,17,6*,3.4,26,65.38,0,0,2,2,0
"(Delhi Daredevils, Kolkata Knight Riders, Royal Challengers Bangalore)",,,,,,,,,,,,,,
A Ashish Reddy,2013-2013,1,1,0,16,16,16,9,177.77,0,0,0,2,0
(Sunrisers Hyderabad),,,,,,,,,,,,,,
P Dubey,2023-2023,1,1,0,16,16,16,20,80,0,0,0,2,0
(Delhi Capitals),,,,,,,,,,,,,,
AJ Hosein,2023-2023,1,1,1,16,16*,-,10,160,0,0,0,1,1
(Sunrisers Hyderabad),,,,,,,,,,,,,,
SM Pollock,2008-2008,1,1,0,16,16,16,15,106.66,0,0,0,2,0
(Mumbai Indians),,,,,,,,,,,,,,
YV Dhull,2023-2023,2,2,0,15,13,7.5,19,78.94,0,0,0,1,0
(Delhi Capitals),,,,,,,,,,,,,,
SO Hetmyer,2025-2025,1,1,1,15,15*,-,9,166.66,0,0,0,1,0
(Rajasthan Royals),,,,,,,,,,,,,,
B Kumar,2014-2025,10,2,1,15,14*,15,12,125,0,0,0,2,0
"(Royal Challengers Bengaluru, Sunrisers Hyderabad)",,,,,,,,,,,,,,
N Saini,2012-2012,1,1,0,15,15,15,15,100,0,0,0,2,0
(Kings XI Punjab),,,,,,,,,,,,,,
DW Steyn,2008-2014,6,3,2,15,9*,15,10,150,0,0,0,1,0
"(Deccan Chargers, Royal Challengers Bangalore, Sunrisers Hyderabad)",,,,,,,,,,,,,,
AC Voges,2010-2010,1,1,0,15,15,15,17,88.23,0,0,0,1,0
(Rajasthan Royals),,,,,,,,,,,,,,
AD Hales,2018-2018,1,1,0,14,14,14,10,140,0,0,0,3,0
(Sunrisers Hyderabad),,,,,,,,,,,,,,
P Kumar,2008-2016,6,2,0,14,8,7,10,140,0,0,0,2,0
"(Gujarat Lions, Kings XI Punjab, Royal Challengers Bangalore)",,,,,,,,,,,,,,
AB McDonald,2010-2010,2,1,1,14,14*,-,9,155.55,0,0,0,2,0
(Delhi Daredevils),,,,,,,,,,,,,,
MDKJ Perera,2013-2013,1,1,0,14,14,14,12,116.66,0,0,0,3,0
(Rajasthan Royals),,,,,,,,,,,,,,
BB Samantray,2013-2013,1,1,0,14,14,14,11,127.27,0,0,0,2,0
(Sunrisers Hyderabad),,,,,,,,,,,,,,
R Sathish,2010-2016,4,3,1,14,8,7,16,87.5,0,0,0,1,0
"(Kolkata Knight Riders, Mumbai Indians)",,,,,,,,,,,,,,
R Sharma,2010-2014,3,1,1,14,14*,-,8,175,0,0,0,2,0
"(Deccan Chargers, Delhi Daredevils, Pune Warriors)",,,,,,,,,,,,,,
PC Valthaty,2011-2011,1,1,0,14,14,14,10,140,0,0,0,0,2
(Kings XI Punjab),,,,,,,,,,,,,,
SK Warne,2008-2010,2,2,0,14,14,7,14,100,0,0,1,2,0
(Rajasthan Royals),,,,,,,,,,,,,,
Yudhvir Singh,2024-2024,1,1,0,14,14,14,7,200,0,0,0,1,1
(Lucknow Super Giants),,,,,,,,,,,,,,
MS Gony,2008-2008,1,1,1,13,13*,-,5,260,0,0,0,1,1
(Chennai Super Kings),,,,,,,,,,,,,,
R Sai Kishore,2024-2024,1,1,0,13,13,13,6,216.66,0,0,0,0,2
(Gujarat Titans),,,,,,,,,,,,,,
J Syed Mohammad,2011-2013,2,1,1,13,13*,-,10,130,0,0,0,2,0
(Royal Challengers Bangalore),,,,,,,,,,,,,,
JG Bethell,2025-2025,1,1,0,12,12,12,6,200,0,0,0,1,1
(Royal Challengers Bengaluru),,,,,,,,,,,,,,
J Botha,2013-2013,3,3,0,12,9,4,19,63.15,0,0,0,1,0
(Delhi Daredevils),,,,,,,,,,,,,,
PK Garg,2023-2023,1,1,0,12,12,12,9,133.33,0,0,0,1,0
(Delhi Capitals),,,,,,,,,,,,,,
S Gopal,2018-2019,2,1,0,12,12,12,18,66.66,0,0,0,0,0
(Rajasthan Royals),,,,,,,,,,,,,,
BMAJ Mendis,2013-2013,1,1,0,12,12,12,17,70.58,0,0,0,0,0
(Delhi Daredevils),,,,,,,,,,,,,,
S Narwal,2010-2010,1,1,0,12,12,12,9,133.33,0,0,0,2,0
(Rajasthan Royals),,,,,,,,,,,,,,
K Rabada,2017-2019,9,3,0,12,9,4,17,70.58,0,0,1,0,1
"(Delhi Capitals, Delhi Daredevils)",,,,,,,,,,,,,,
Sachin Baby,2017-2017,1,1,0,12,12,12,8,150,0,0,0,2,0
(Royal Challengers Bangalore),,,,,,,,,,,,,,
RV Patel,2023-2023,2,1,1,11,11*,-,8,137.5,0,0,0,1,0
(Delhi Capitals),,,,,,,,,,,,,,
Sandeep Sharma,2014-2025,10,3,3,11,8*,-,10,110,0,0,0,1,0
"(Kings XI Punjab, Rajasthan Royals, Sunrisers Hyderabad)",,,,,,,,,,,,,,
Sikandar Raza,2023-2023,1,1,1,11,11*,-,7,157.14,0,0,0,0,1
(Punjab Kings),,,,,,,,,,,,,,
SW Tait,2010-2010,1,1,0,11,11,11,12,91.66,0,0,0,0,1
(Rajasthan Royals),,,,,,,,,,,,,,
W Jaffer,2008-2008,1,1,0,10,10,10,9,111.11,0,0,0,0,1
(Royal Challengers Bangalore),,,,,,,,,,,,,,
M Shahrukh Khan,2023-2024,2,2,0,10,8,5,9,111.11,0,0,0,0,1
"(Gujarat Titans, Punjab Kings)",,,,,,,,,,,,,,
SK Trivedi,2008-2013,4,2,2,10,7*,-,12,83.33,0,0,0,0,1
(Rajasthan Royals),,,,,,,,,,,,,,
Azhar Mahmood,2012-2012,1,1,0,9,9,9,7,128.57,0,0,0,1,0
(Kings XI Punjab),,,,,,,,,,,,,,
M Kaif,2008-2008,1,1,0,9,9,9,19,47.36,0,0,0,0,0
(Rajasthan Royals),,,,,,,,,,,,,,
AK Markram,2023-2024,2,2,0,9,8,4.5,16,56.25,0,0,0,0,0
(Sunrisers Hyderabad),,,,,,,,,,,,,,
A Nortje,2023-2024,7,4,2,9,5,4.5,8,112.5,0,0,1,2,0
(Delhi Capitals),,,,,,,,,,,,,,
Rasikh Salam,2024-2024,4,1,0,9,9,9,3,300,0,0,0,2,0
(Delhi Capitals),,,,,,,,,,,,,,
DB Ravi Teja,2008-2011,2,1,0,9,9,9,5,180,0,0,0,0,1
(Deccan Chargers),,,,,,,,,,,,,,
Shoaib Malik,2008-2008,3,3,1,9,6,4.5,8,112.5,0,0,0,1,0
(Delhi Daredevils),,,,,,,,,,,,,,
L Wood,2024-2024,1,1,1,9,9*,-,3,300,0,0,0,0,1
(Mumbai Indians),,,,,,,,,,,,,,
Anuj Rawat,2021-2023,2,1,1,8,8*,-,3,266.66,0,0,0,0,1
"(Rajasthan Royals, Royal Challengers Bangalore)",,,,,,,,,,,,,,
Anureet Singh,2015-2015,1,1,1,8,8*,-,3,266.66,0,0,0,0,1
(Kings XI Punjab),,,,,,,,,,,,,,
R Dhawan,2014-2023,2,2,2,8,8*,-,5,160,0,0,0,1,0
"(Kings XI Punjab, Punjab Kings)",,,,,,,,,,,,,,
CK Kapugedera,2008-2008,1,1,0,8,8,8,9,88.88,0,0,0,0,0
(Chennai Super Kings),,,,,,,,,,,,,,
TG Southee,2015-2018,3,2,2,8,7*,-,5,160,0,0,0,1,0
"(Mumbai Indians, Rajasthan Royals, Royal Challengers Bangalore)",,,,,,,,,,,,,,
Avesh Khan,2017-2024,6,1,1,7,7*,-,3,233.33,0,0,0,1,0
"(Delhi Daredevils, Rajasthan Royals, Royal Challengers Bangalore)",,,,,,,,,,,,,,
VR Iyer,2023-2025,2,2,0,7,7,3.5,7,100,0,0,1,1,0
(Kolkata Knight Riders),,,,,,,,,,,,,,
T Kohli,2008-2008,1,1,0,7,7,7,12,58.33,0,0,0,0,1
(Rajasthan Royals),,,,,,,,,,,,,,
NS Naik,2019-2019,1,1,0,7,7,7,16,43.75,0,0,0,1,0
(Kolkata Knight Riders),,,,,,,,,,,,,,
B Sumanth,2010-2010,1,1,1,7,7*,-,12,58.33,0,0,0,0,0
(Deccan Chargers),,,,,,,,,,,,,,
SN Thakur,2015-2021,6,1,1,7,7*,-,6,116.66,0,0,0,1,0
"(Chennai Super Kings, Kings XI Punjab, Rising Pune Supergiant)",,,,,,,,,,,,,,
A Badoni,2024-2024,1,1,0,6,6,6,9,66.66,0,0,0,0,0
(Lucknow Super Giants),,,,,,,,,,,,,,
NM Coulter-Nile,2015-2021,7,2,0,6,4,3,10,60,0,0,0,1,0
"(Delhi Daredevils, Kolkata Knight Riders, Mumbai Indians)",,,,,,,,,,,,,,
JO Holder,2016-2016,2,2,0,6,6,3,8,75,0,0,1,1,0
(Kolkata Knight Riders),,,,,,,,,,,,,,
AA Jhunjhunwala,2010-2012,2,2,0,6,4,3,10,60,0,0,0,1,0
"(Deccan Chargers, Rajasthan Royals)",,,,,,,,,,,,,,
Mukesh Kumar,2023-2025,15,2,2,6,6*,-,9,66.66,0,0,0,0,0
(Delhi Capitals),,,,,,,,,,,,,,
S Nadeem,2011-2018,24,6,3,6,2*,2,23,26.08,0,0,1,0,0
(Delhi Daredevils),,,,,,,,,,,,,,
RM Patidar,2025-2025,1,1,0,6,6,6,6,100,0,0,0,1,0
(Royal Challengers Bengaluru),,,,,,,,,,,,,,
IS Sodhi,2019-2019,1,1,0,6,6,6,11,54.54,0,0,0,0,0
(Rajasthan Royals),,,,,,,,,,,,,,
Washington Sundar,2017-2024,3,3,2,6,5*,6,5,120,0,0,0,0,0
"(Rising Pune Supergiant, Royal Challengers Bangalore, Sunrisers Hyderabad)",,,,,,,,,,,,,,
ER Dwivedi,2016-2016,1,1,0,5,5,5,5,100,0,0,0,1,0
(Gujarat Lions),,,,,,,,,,,,,,
A Mithun,2010-2011,2,2,0,5,5,2.5,6,83.33,0,0,1,1,0
(Royal Challengers Bangalore),,,,,,,,,,,,,,
PJ Sangwan,2008-2017,7,2,1,5,4,5,10,50,0,0,0,0,0
"(Delhi Daredevils, Gujarat Lions, Kolkata Knight Riders)",,,,,,,,,,,,,,
JM Sharma,2023-2025,2,1,0,5,5,5,5,100,0,0,0,1,0
"(Punjab Kings, Royal Challengers Bengaluru)",,,,,,,,,,,,,,
TL Suman,2010-2010,1,1,0,5,5,5,6,83.33,0,0,0,1,0
(Deccan Chargers),,,,,,,,,,,,,,
VR Aaron,2011-2019,8,2,1,4,3*,4,8,50,0,0,0,0,0
"(Delhi Daredevils, Kings XI Punjab, Rajasthan Royals, Royal Challengers Bangalore)",,,,,,,,,,,,,,
P Awana,2012-2013,2,1,1,4,4*,-,5,80,0,0,0,0,0
(Kings XI Punjab),,,,,,,,,,,,,,
C de Grandhomme,2017-2018,2,2,1,4,3*,4,6,66.66,0,0,0,0,0
"(Kolkata Knight Riders, Royal Challengers Bangalore)",,,,,,,,,,,,,,
JM Kemp,2010-2010,1,1,0,4,4,4,8,50,0,0,0,0,0
(Chennai Super Kings),,,,,,,,,,,,,,
Litton Das,2023-2023,1,1,0,4,4,4,4,100,0,0,0,1,0
(Kolkata Knight Riders),,,,,,,,,,,,,,
N Wadhera,2023-2024,2,1,0,4,4,4,2,200,0,0,0,1,0
(Mumbai Indians),,,,,,,,,,,,,,
L Balaji,2008-2011,3,1,1,3,3*,-,1,300,0,0,0,0,0
"(Chennai Super Kings, Kolkata Knight Riders)",,,,,,,,,,,,,,
SD Chitnis,2008-2008,1,1,0,3,3,3,4,75,0,0,0,0,0
(Mumbai Indians),,,,,,,,,,,,,,
Imran Tahir,2014-2019,11,1,1,3,3*,-,4,75,0,0,0,0,0
"(Chennai Super Kings, Delhi Daredevils)",,,,,,,,,,,,,,
Z Khan,2008-2017,14,2,1,3,2,3,12,25,0,0,0,0,0
"(Delhi Daredevils, Mumbai Indians, Royal Challengers Bangalore)",,,,,,,,,,,,,,
DS Kulkarni,2008-2021,7,2,2,3,3*,-,2,150,0,0,0,0,0
"(Gujarat Lions, Mumbai Indians, Rajasthan Royals)",,,,,,,,,,,,,,
M Markande,2018-2024,3,1,0,3,3,3,10,30,0,0,0,0,0
"(Mumbai Indians, Sunrisers Hyderabad)",,,,,,,,,,,,,,
DP Nannes,2010-2010,4,1,0,3,3,3,11,27.27,0,0,0,0,0
(Delhi Daredevils),,,,,,,,,,,,,,
R Shukla,2012-2014,3,2,2,3,2*,-,5,60,0,0,0,0,0
"(Delhi Daredevils, Mumbai Indians, Rajasthan Royals)",,,,,,,,,,,,,,
AJ Tye,2018-2018,1,1,0,3,3,3,9,33.33,0,0,0,0,0
(Kings XI Punjab),,,,,,,,,,,,,,
WPUJC Vaas,2010-2010,1,1,0,3,3,3,8,37.5,0,0,0,0,0
(Deccan Chargers),,,,,,,,,,,,,,
R Vinay Kumar,2008-2014,6,1,0,3,3,3,3,100,0,0,0,0,0
"(Kochi Tuskers Kerala, Kolkata Knight Riders, Royal Challengers Bangalore)",,,,,,,,,,,,,,
Vishnu Vinod,2017-2017,1,1,0,3,3,3,9,33.33,0,0,0,0,0
(Royal Challengers Bangalore),,,,,,,,,,,,,,
CR Woakes,2017-2017,1,1,0,3,3,3,5,60,0,0,0,0,0
(Kolkata Knight Riders),,,,,,,,,,,,,,
AB Barath,2010-2010,1,1,1,2,2*,-,5,40,0,0,0,0,0
(Kings XI Punjab),,,,,,,,,,,,,,
TA Boult,2016-2025,13,1,1,2,2*,-,3,66.66,0,0,0,0,0
"(Delhi Capitals, Delhi Daredevils, Mumbai Indians, Rajasthan Royals, Sunrisers Hyderabad)",,,,,,,,,,,,,,
PVD Chameera,2025-2025,2,2,2,2,2*,-,4,50,0,0,0,0,0
(Delhi Capitals),,,,,,,,,,,,,,
KK Cooper,2012-2013,3,1,0,2,2,2,2,100,0,0,0,0,0
(Rajasthan Royals),,,,,,,,,,,,,,
Naveen-ul-Haq,2024-2024,1,1,1,2,2*,-,4,50,0,0,0,0,0
(Lucknow Super Giants),,,,,,,,,,,,,,
WD Parnell,2014-2014,4,2,1,2,2,2,2,100,0,0,0,0,0
(Delhi Daredevils),,,,,,,,,,,,,,
RJ Peterson,2012-2012,1,1,0,2,2,2,2,100,0,0,0,0,0
(Mumbai Indians),,,,,,,,,,,,,,
Ravi Bishnoi,2024-2024,1,1,0,2,2,2,2,100,0,0,0,0,0
(Lucknow Super Giants),,,,,,,,,,,,,,
M Rawat,2008-2008,1,1,0,2,2,2,4,50,0,0,0,0,0
(Rajasthan Royals),,,,,,,,,,,,,,
KV Sharma,2013-2025,5,1,1,2,2*,-,2,100,0,0,0,0,0
"(Mumbai Indians, Royal Challengers Bangalore, Sunrisers Hyderabad)",,,,,,,,,,,,,,
RP Singh,2008-2012,3,2,1,2,1*,2,3,66.66,0,0,0,0,0
"(Deccan Chargers, Kochi Tuskers Kerala, Mumbai Indians)",,,,,,,,,,,,,,
Sunny Singh,2011-2011,1,1,0,2,2,2,4,50,0,0,0,0,0
(Kings XI Punjab),,,,,,,,,,,,,,
CV Varun,2023-2025,2,2,1,2,1*,2,7,28.57,0,0,0,0,0
(Kolkata Knight Riders),,,,,,,,,,,,,,
GC Viljoen,2019-2019,1,1,1,2,2*,-,3,66.66,0,0,0,0,0
(Kings XI Punjab),,,,,,,,,,,,,,
Ankit Sharma,2012-2012,1,1,1,1,1*,-,1,100,0,0,0,0,0
(Deccan Chargers),,,,,,,,,,,,,,
KP Appanna,2010-2010,1,1,1,1,1*,-,2,50,0,0,0,0,0
(Royal Challengers Bangalore),,,,,,,,,,,,,,
Azmatullah Omarzai,2024-2024,1,1,0,1,1,1,2,50,0,0,0,0,0
(Gujarat Titans),,,,,,,,,,,,,,
KC Cariappa,2017-2017,1,1,0,1,1,1,2,50,0,0,0,0,0
(Kings XI Punjab),,,,,,,,,,,,,,
DL Chahar,2018-2025,6,1,1,1,1*,-,2,50,0,0,0,0,0
"(Chennai Super Kings, Mumbai Indians)",,,,,,,,,,,,,,
DB Das,2012-2012,1,1,1,1,1*,-,3,33.33,0,0,0,0,0
(Kolkata Knight Riders),,,,,,,,,,,,,,
D Ferreira,2024-2024,1,1,0,1,1,1,3,33.33,0,0,0,0,0
(Rajasthan Royals),,,,,,,,,,,,,,
RJ Harris,2011-2011,1,1,1,1,1*,-,1,100,0,0,0,0,0
(Kings XI Punjab),,,,,,,,,,,,,,
WG Jacks,2025-2025,1,1,1,1,1*,-,1,100,0,0,0,0,0
(Mumbai Indians),,,,,,,,,,,,,,
DJ Jacobs,2011-2011,1,1,0,1,1,1,6,16.66,0,0,0,0,0
(Mumbai Indians),,,,,,,,,,,,,,
SB Jakati,2012-2012,1,1,1,1,1*,-,2,50,0,0,0,0,0
(Chennai Super Kings),,,,,,,,,,,,,,
M Kartik,2010-2013,3,1,0,1,1,1,2,50,0,0,0,0,0
"(Kolkata Knight Riders, Pune Warriors, Royal Challengers Bangalore)",,,,,,,,,,,,,,
A Kumble,2010-2010,1,1,1,1,1*,-,1,100,0,0,0,0,0
(Royal Challengers Bangalore),,,,,,,,,,,,,,
B Lee,2011-2012,2,1,0,1,1,1,1,100,0,0,0,0,0
(Kolkata Knight Riders),,,,,,,,,,,,,,
DS Lehmann,2008-2008,1,1,0,1,1,1,2,50,0,0,0,0,0
(Rajasthan Royals),,,,,,,,,,,,,,
AL Menaria,2012-2013,2,1,0,1,1,1,2,50,0,0,0,0,0
(Rajasthan Royals),,,,,,,,,,,,,,
Mustafizur Rahman,2016-2023,5,2,2,1,1*,-,1,100,0,0,0,0,0
"(Delhi Capitals, Mumbai Indians, Rajasthan Royals, Sunrisers Hyderabad)",,,,,,,,,,,,,,
DJ Muthuswami,2015-2015,3,1,0,1,1,1,3,33.33,0,0,0,0,0
(Delhi Daredevils),,,,,,,,,,,,,,
LE Plunkett,2018-2018,5,2,1,1,1*,1,3,33.33,0,0,1,0,0
(Delhi Daredevils),,,,,,,,,,,,,,
PA Reddy,2013-2013,1,1,0,1,1,1,8,12.5,0,0,0,0,0
(Sunrisers Hyderabad),,,,,,,,,,,,,,
PM Sarvesh Kumar,2008-2008,1,1,1,1,1*,-,2,50,0,0,0,0,0
(Deccan Chargers),,,,,,,,,,,,,,
OA Shah,2012-2012,1,1,0,1,1,1,1,100,0,0,0,0,0
(Rajasthan Royals),,,,,,,,,,,,,,
MA Starc,2015-2025,5,3,2,1,1*,1,2,50,0,0,1,0,0
"(Delhi Capitals, Royal Challengers Bangalore)",,,,,,,,,,,,,,
DP Vijaykumar,2008-2008,1,1,1,1,1*,-,1,100,0,0,0,0,0
(Deccan Chargers),,,,,,,,,,,,,,
J Yadav,2016-2021,5,1,0,1,1,1,3,33.33,0,0,0,0,0
"(Delhi Daredevils, Mumbai Indians)",,,,,,,,,,,,,,
S Ladda,2010-2010,2,1,1,0,0*,-,8,0,0,0,0,0,0
(Delhi Daredevils),,,,,,,,,,,,,,
JC Archer,2018-2025,2,1,1,0,0*,-,0,-,0,0,0,0,0
(Rajasthan Royals),,,,,,,,,,,,,,
AC Blizzard,2012-2012,1,1,0,0,0,0,3,0,0,0,1,0,0
(Mumbai Indians),,,,,,,,,,,,,,
HC Brook,2023-2023,1,1,0,0,0,0,2,0,0,0,1,0,0
(Sunrisers Hyderabad),,,,,,,,,,,,,,
JJ Bumrah,2013-2025,10,2,1,0,0*,0,1,0,0,0,1,0,0
(Mumbai Indians),,,,,,,,,,,,,,
AB Dinda,2011-2016,5,1,0,0,0,0,5,0,0,0,1,0,0
"(Delhi Daredevils, Rising Pune Supergiants)",,,,,,,,,,,,,,
FY Fazal,2010-2010,1,1,0,0,0,0,2,0,0,0,1,0,0
(Rajasthan Royals),,,,,,,,,,,,,,
Harshit Rana,2025-2025,1,1,1,0,0*,-,1,0,0,0,0,0,0
(Kolkata Knight Riders),,,,,,,,,,,,,,
GB Hogg,2012-2016,2,1,1,0,0*,-,0,-,0,0,0,0,0
"(Kolkata Knight Riders, Rajasthan Royals)",,,,,,,,,,,,,,
CK Langeveldt,2010-2010,1,1,0,0,0,0,1,0,0,0,1,0,0
(Kolkata Knight Riders),,,,,,,,,,,,,,
MJ Lumb,2010-2010,1,1,0,0,0,0,2,0,0,0,1,0,0
(Rajasthan Royals),,,,,,,,,,,,,,
MJ McClenaghan,2015-2017,3,1,0,0,0,0,1,0,0,0,1,0,0
(Mumbai Indians),,,,,,,,,,,,,,
JDS Neesham,2021-2021,1,1,0,0,0,0,1,0,0,0,1,0,0
(Mumbai Indians),,,,,,,,,,,,,,
A Nel,2008-2008,1,1,0,0,0,0,0,-,0,0,1,0,0
(Mumbai Indians),,,,,,,,,,,,,,
PP Ojha,2008-2013,4,2,0,0,0,0,3,0,0,0,2,0,0
"(Deccan Chargers, Mumbai Indians)",,,,,,,,,,,,,,
D Padikkal,2025-2025,1,1,0,0,0,0,2,0,0,0,1,0,0
(Royal Challengers Bengaluru),,,,,,,,,,,,,,
MM Patel,2008-2013,4,1,1,0,0*,-,0,-,0,0,0,0,0
"(Mumbai Indians, Rajasthan Royals)",,,,,,,,,,,,,,
KMA Paul,2019-2019,3,2,0,0,0,0,4,0,0,0,2,0,0
(Delhi Capitals),,,,,,,,,,,,,,
AS Roy,2023-2025,2,2,0,0,0,0,2,0,0,0,2,0,0
(Kolkata Knight Riders),,,,,,,,,,,,,,
C Sakariya,2021-2023,3,1,1,0,0*,-,2,0,0,0,0,0,0
"(Delhi Capitals, Rajasthan Royals)",,,,,,,,,,,,,,
PR Shah,2008-2008,1,1,0,0,0,0,1,0,0,0,1,0,0
(Mumbai Indians),,,,,,,,,,,,,,
I Sharma,2010-2024,15,2,2,0,0*,-,0,-,0,0,0,0,0
"(Delhi Capitals, Kolkata Knight Riders, Sunrisers Hyderabad)",,,,,,,,,,,,,,
Shivam Mavi,2018-2018,1,1,0,0,0,0,3,0,0,0,1,0,0
(Kolkata Knight Riders),,,,,,,,,,,,,,
BB Sran,2016-2018,3,2,2,0,0*,-,1,0,0,0,0,0,0
"(Kings XI Punjab, Sunrisers Hyderabad)",,,,,,,,,,,,,,
S Sreesanth,2008-2013,3,1,1,0,0*,-,0,-,0,0,0,0,0
"(Kings XI Punjab, Kochi Tuskers Kerala, Rajasthan Royals)",,,,,,,,,,,,,,
DH Yagnik,2013-2013,1,1,0,0,0,0,4,0,0,0,1,0,0
(Rajasthan Royals),,,,,,,,,,,,,,
P Amarnath,2008-2008,1,-,-,-,-,-,-,-,-,-,-,-,-
(Chennai Super Kings),,,,,,,,,,,,,,
L Ablish,2010-2010,1,-,-,-,-,-,-,-,-,-,-,-,-
(Kings XI Punjab),,,,,,,,,,,,,,
KK Ahmed,2021-2024,11,-,-,-,-,-,-,-,-,-,-,-,-
"(Delhi Capitals, Sunrisers Hyderabad)",,,,,,,,,,,,,,
Anand Rajan,2013-2013,1,-,-,-,-,-,-,-,-,-,-,-,-
(Sunrisers Hyderabad),,,,,,,,,,,,,,
Ankit Soni,2017-2017,1,-,-,-,-,-,-,-,-,-,-,-,-
(Gujarat Lions),,,,,,,,,,,,,,
S Aravind,2011-2011,1,-,-,-,-,-,-,-,-,-,-,-,-
(Royal Challengers Bangalore),,,,,,,,,,,,,,
VG Arora,2025-2025,1,-,-,-,-,-,-,-,-,-,-,-,-
(Kolkata Knight Riders),,,,,,,,,,,,,,
Arshdeep Singh,2023-2023,1,-,-,-,-,-,-,-,-,-,-,-,-
(Punjab Kings),,,,,,,,,,,,,,
M Ashwin,2016-2019,2,-,-,-,-,-,-,-,-,-,-,-,-
"(Kings XI Punjab, Rising Pune Supergiants)",,,,,,,,,,,,,,
S Badree,2013-2013,1,-,-,-,-,-,-,-,-,-,-,-,-
(Rajasthan Royals),,,,,,,,,,,,,,
Basil Thampi,2017-2017,1,-,-,-,-,-,-,-,-,-,-,-,-
(Gujarat Lions),,,,,,,,,,,,,,
JP Behrendorff,2023-2023,1,-,-,-,-,-,-,-,-,-,-,-,-
(Mumbai Indians),,,,,,,,,,,,,,
BA Bhatt,2013-2013,1,-,-,-,-,-,-,-,-,-,-,-,-
(Kings XI Punjab),,,,,,,,,,,,,,
SM Boland,2016-2016,1,-,-,-,-,-,-,-,-,-,-,-,-
(Rising Pune Supergiants),,,,,,,,,,,,,,
DE Bollinger,2012-2012,1,-,-,-,-,-,-,-,-,-,-,-,-
(Chennai Super Kings),,,,,,,,,,,,,,
YS Chahal,2017-2024,4,-,-,-,-,-,-,-,-,-,-,-,-
"(Rajasthan Royals, Royal Challengers Bangalore)",,,,,,,,,,,,,,
RD Chahar,2019-2023,4,-,-,-,-,-,-,-,-,-,-,-,-
"(Mumbai Indians, Punjab Kings)",,,,,,,,,,,,,,
AA Chavan,2012-2012,1,-,-,-,-,-,-,-,-,-,-,-,-
(Rajasthan Royals),,,,,,,,,,,,,,
CJ Dala,2018-2018,1,-,-,-,-,-,-,-,-,-,-,-,-
(Delhi Daredevils),,,,,,,,,,,,,,
TU Deshpande,2023-2025,2,-,-,-,-,-,-,-,-,-,-,-,-
"(Chennai Super Kings, Rajasthan Royals)",,,,,,,,,,,,,,
NT Ellis,2023-2023,1,-,-,-,-,-,-,-,-,-,-,-,-
(Punjab Kings),,,,,,,,,,,,,,
LH Ferguson,2019-2019,1,-,-,-,-,-,-,-,-,-,-,-,-
(Kolkata Knight Riders),,,,,,,,,,,,,,
JEC Franklin,2011-2011,1,-,-,-,-,-,-,-,-,-,-,-,-
(Mumbai Indians),,,,,,,,,,,,,,
B Geeves,2008-2008,2,-,-,-,-,-,-,-,-,-,-,-,-
(Delhi Daredevils),,,,,,,,,,,,,,
K Goel,2010-2010,1,-,-,-,-,-,-,-,-,-,-,-,-
(Kings XI Punjab),,,,,,,,,,,,,,
RV Gomez,2011-2011,1,-,-,-,-,-,-,-,-,-,-,-,-
(Kochi Tuskers Kerala),,,,,,,,,,,,,,
Harmeet Singh,2010-2013,4,-,-,-,-,-,-,-,-,-,-,-,-
"(Deccan Chargers, Kings XI Punjab)",,,,,,,,,,,,,,
PW Hasaranga,2023-2025,2,-,-,-,-,-,-,-,-,-,-,-,-
"(Rajasthan Royals, Royal Challengers Bangalore)",,,,,,,,,,,,,,
JR Hazlewood,2023-2025,2,-,-,-,-,-,-,-,-,-,-,-,-
"(Royal Challengers Bangalore, Royal Challengers Bengaluru)",,,,,,,,,,,,,,
BE Hendricks,2014-2014,1,-,-,-,-,-,-,-,-,-,-,-,-
(Kings XI Punjab),,,,,,,,,,,,,,
BW Hilfenhaus,2014-2014,1,-,-,-,-,-,-,-,-,-,-,-,-
(Chennai Super Kings),,,,,,,,,,,,,,
Iqbal Abdulla,2011-2015,2,-,-,-,-,-,-,-,-,-,-,-,-
"(Kolkata Knight Riders, Royal Challengers Bangalore)",,,,,,,,,,,,,,
Joginder Sharma,2010-2010,1,-,-,-,-,-,-,-,-,-,-,-,-
(Chennai Super Kings),,,,,,,,,,,,,,
AS Joseph,2023-2023,1,-,-,-,-,-,-,-,-,-,-,-,-
(Gujarat Titans),,,,,,,,,,,,,,
SB Joshi,2008-2008,1,-,-,-,-,-,-,-,-,-,-,-,-
(Royal Challengers Bangalore),,,,,,,,,,,,,,
Kartik Tyagi,2021-2021,1,-,-,-,-,-,-,-,-,-,-,-,-
(Rajasthan Royals),,,,,,,,,,,,,,
S Kaul,2013-2021,8,-,-,-,-,-,-,-,-,-,-,-,-
"(Delhi Daredevils, Sunrisers Hyderabad)",,,,,,,,,,,,,,
U Kaul,2008-2008,1,-,-,-,-,-,-,-,-,-,-,-,-
(Kings XI Punjab),,,,,,,,,,,,,,
S Kaushik,2016-2016,1,-,-,-,-,-,-,-,-,-,-,-,-
(Gujarat Lions),,,,,,,,,,,,,,
K Khejroliya,2023-2023,1,-,-,-,-,-,-,-,-,-,-,-,-
(Kolkata Knight Riders),,,,,,,,,,,,,,
K Kushagra,2024-2024,1,-,-,-,-,-,-,-,-,-,-,-,-
(Delhi Capitals),,,,,,,,,,,,,,
S Lamichhane,2018-2019,7,-,-,-,-,-,-,-,-,-,-,-,-
"(Delhi Capitals, Delhi Daredevils)",,,,,,,,,,,,,,
JB Little,2023-2023,1,-,-,-,-,-,-,-,-,-,-,-,-
(Gujarat Titans),,,,,,,,,,,,,,
GD McGrath,2008-2008,6,-,-,-,-,-,-,-,-,-,-,-,-
(Delhi Daredevils),,,,,,,,,,,,,,
VY Mahesh,2008-2008,3,-,-,-,-,-,-,-,-,-,-,-,-
(Delhi Daredevils),,,,,,,,,,,,,,
VS Malik,2013-2013,1,-,-,-,-,-,-,-,-,-,-,-,-
(Rajasthan Royals),,,,,,,,,,,,,,
RP Meredith,2023-2023,1,-,-,-,-,-,-,-,-,-,-,-,-
(Mumbai Indians),,,,,,,,,,,,,,
Mohammad Asif,2008-2008,3,-,-,-,-,-,-,-,-,-,-,-,-
(Delhi Daredevils),,,,,,,,,,,,,,
Mohammed Siraj,2017-2023,3,-,-,-,-,-,-,-,-,-,-,-,-
"(Royal Challengers Bangalore, Sunrisers Hyderabad)",,,,,,,,,,,,,,
Mohsin Khan,2024-2024,1,-,-,-,-,-,-,-,-,-,-,-,-
(Lucknow Super Giants),,,,,,,,,,,,,,
Mujeeb Ur Rahman,2018-2018,1,-,-,-,-,-,-,-,-,-,-,-,-
(Kings XI Punjab),,,,,,,,,,,,,,
M Muralidaran,2008-2012,3,-,-,-,-,-,-,-,-,-,-,-,-
"(Chennai Super Kings, Royal Challengers Bangalore)",,,,,,,,,,,,,,
AG Murtaza,2011-2011,1,-,-,-,-,-,-,-,-,-,-,-,-
(Mumbai Indians),,,,,,,,,,,,,,
T Natarajan,2023-2024,2,-,-,-,-,-,-,-,-,-,-,-,-
(Sunrisers Hyderabad),,,,,,,,,,,,,,
L Ngidi,2018-2021,3,-,-,-,-,-,-,-,-,-,-,-,-
(Chennai Super Kings),,,,,,,,,,,,,,
Noor Ahmad,2024-2024,1,-,-,-,-,-,-,-,-,-,-,-,-
(Gujarat Titans),,,,,,,,,,,,,,
IC Pandey,2014-2014,1,-,-,-,-,-,-,-,-,-,-,-,-
(Chennai Super Kings),,,,,,,,,,,,,,
Pankaj Singh,2012-2012,1,-,-,-,-,-,-,-,-,-,-,-,-
(Rajasthan Royals),,,,,,,,,,,,,,
P Parameswaran,2011-2012,2,-,-,-,-,-,-,-,-,-,-,-,-
"(Kochi Tuskers Kerala, Royal Challengers Bangalore)",,,,,,,,,,,,,,
M Pathirana,2023-2023,1,-,-,-,-,-,-,-,-,-,-,-,-
(Chennai Super Kings),,,,,,,,,,,,,,
RT Ponting,2013-2013,1,-,-,-,-,-,-,-,-,-,-,-,-
(Mumbai Indians),,,,,,,,,,,,,,
RR Powar,2008-2010,2,-,-,-,-,-,-,-,-,-,-,-,-
(Kings XI Punjab),,,,,,,,,,,,,,
M Prasidh Krishna,2019-2019,1,-,-,-,-,-,-,-,-,-,-,-,-
(Kolkata Knight Riders),,,,,,,,,,,,,,
V Pratap Singh,2012-2012,1,-,-,-,-,-,-,-,-,-,-,-,-
(Deccan Chargers),,,,,,,,,,,,,,
AS Rajpoot,2018-2018,1,-,-,-,-,-,-,-,-,-,-,-,-
(Kings XI Punjab),,,,,,,,,,,,,,
R Rampaul,2013-2013,1,-,-,-,-,-,-,-,-,-,-,-,-
(Royal Challengers Bangalore),,,,,,,,,,,,,,
KW Richardson,2014-2014,1,-,-,-,-,-,-,-,-,-,-,-,-
(Rajasthan Royals),,,,,,,,,,,,,,
NA Saini,2019-2019,1,-,-,-,-,-,-,-,-,-,-,-,-
(Royal Challengers Bangalore),,,,,,,,,,,,,,
S Sandeep Warrier,2024-2024,1,-,-,-,-,-,-,-,-,-,-,-,-
(Gujarat Titans),,,,,,,,,,,,,,
MJ Santner,2025-2025,1,-,-,-,-,-,-,-,-,-,-,-,-
(Mumbai Indians),,,,,,,,,,,,,,
Shakib Al Hasan,2014-2018,2,-,-,-,-,-,-,-,-,-,-,-,-
"(Kolkata Knight Riders, Sunrisers Hyderabad)",,,,,,,,,,,,,,
R Shepherd,2025-2025,1,-,-,-,-,-,-,-,-,-,-,-,-
(Royal Challengers Bengaluru),,,,,,,,,,,,,,
Shivam Sharma,2014-2014,1,-,-,-,-,-,-,-,-,-,-,-,-
(Kings XI Punjab),,,,,,,,,,,,,,
HR Shokeen,2023-2023,1,-,-,-,-,-,-,-,-,-,-,-,-
(Mumbai Indians),,,,,,,,,,,,,,
VRV Singh,2008-2008,1,-,-,-,-,-,-,-,-,-,-,-,-
(Kings XI Punjab),,,,,,,,,,,,,,
A Singh,2012-2012,1,-,-,-,-,-,-,-,-,-,-,-,-
(Rajasthan Royals),,,,,,,,,,,,,,
RS Sodhi,2010-2010,1,-,-,-,-,-,-,-,-,-,-,-,-
(Kings XI Punjab),,,,,,,,,,,,,,
SJ Srivastava,2011-2011,1,-,-,-,-,-,-,-,-,-,-,-,-
(Kings XI Punjab),,,,,,,,,,,,,,
J Suchith,2021-2021,1,-,-,-,-,-,-,-,-,-,-,-,-
(Sunrisers Hyderabad),,,,,,,,,,,,,,
Suyash Sharma,2025-2025,1,-,-,-,-,-,-,-,-,-,-,-,-
(Royal Challengers Bengaluru),,,,,,,,,,,,,,
PV Tambe,2014-2016,3,-,-,-,-,-,-,-,-,-,-,-,-
"(Gujarat Lions, Rajasthan Royals)",,,,,,,,,,,,,,
M Theekshana,2023-2025,2,-,-,-,-,-,-,-,-,-,-,-,-
"(Chennai Super Kings, Rajasthan Royals)",,,,,,,,,,,,,,
J Theron,2010-2010,1,-,-,-,-,-,-,-,-,-,-,-,-
(Kings XI Punjab),,,,,,,,,,,,,,
AC Thomas,2012-2012,1,-,-,-,-,-,-,-,-,-,-,-,-
(Pune Warriors),,,,,,,,,,,,,,
O Thomas,2019-2019,1,-,-,-,-,-,-,-,-,-,-,-,-
(Rajasthan Royals),,,,,,,,,,,,,,
N Thushara,2024-2024,1,-,-,-,-,-,-,-,-,-,-,-,-
(Mumbai Indians),,,,,,,,,,,,,,
Umran Malik,2023-2023,1,-,-,-,-,-,-,-,-,-,-,-,-
(Sunrisers Hyderabad),,,,,,,,,,,,,,
JD Unadkat,2011-2021,9,-,-,-,-,-,-,-,-,-,-,-,-
"(Delhi Daredevils, Kolkata Knight Riders, Rajasthan Royals, Rising Pune Supergiant, Royal Challengers Bangalore)",,,,,,,,,,,,,,
D Wiese,2015-2015,1,-,-,-,-,-,-,-,-,-,-,-,-
(Royal Challengers Bangalore),,,,,,,,,,,,,,
LB Williams,2024-2024,1,-,-,-,-,-,-,-,-,-,-,-,-
(Delhi Capitals),,,,,,,,,,,,,,
Yash Dayal,2023-2025,2,-,-,-,-,-,-,-,-,-,-,-,-
"(Gujarat Titans, Royal Challengers Bengaluru)",,,,,,,,,,,,,,
A Zampa,2017-2017,1,-,-,-,-,-,-,-,-,-,-,-,-
(Rising Pune Supergiant),,,,,,,,,,,,,,
,,,,,,,,,,,,,,
,,,,,venue Eden garden,,,,,,,,,
Player,Span,Mat,Inns,NO,Runs,HS,Ave,BF,SR,100,50,0,4s,6s
G Gambhir,2008-2018,47,47,5,1407,93,33.5,1104,127.44,0,11,2,165,26
"(Delhi Daredevils, Kolkata Knight Riders)",,,,,,,,,,,,,,
RV Uthappa,2008-2019,41,40,4,1159,83*,32.19,890,130.22,0,8,1,124,33
"(Kolkata Knight Riders, Mumbai Indians, Pune Warriors, Royal Challengers Bangalore)",,,,,,,,,,,,,,
AD Russell,2013-2025,48,40,9,989,80*,31.9,527,187.66,0,5,1,70,85
"(Delhi Daredevils, Kolkata Knight Riders)",,,,,,,,,,,,,,
YK Pathan,2008-2019,49,41,16,861,72,34.44,570,151.05,0,3,3,67,45
"(Kolkata Knight Riders, Rajasthan Royals, Sunrisers Hyderabad)",,,,,,,,,,,,,,
N Rana,2018-2024,24,23,1,680,85*,30.9,489,139.05,0,6,0,63,36
(Kolkata Knight Riders),,,,,,,,,,,,,,
SP Narine,2012-2025,64,40,3,661,109,17.86,401,164.83,1,2,6,85,38
(Kolkata Knight Riders),,,,,,,,,,,,,,
KD Karthik,2010-2024,28,27,8,655,97*,34.47,466,140.55,0,3,0,73,19
"(Delhi Daredevils, Gujarat Lions, Kings XI Punjab, Kolkata Knight Riders, Mumbai Indians, Royal Challengers Bangalore, Royal Challengers Bengaluru)",,,,,,,,,,,,,,
MK Pandey,2008-2019,29,28,5,591,52,25.69,492,120.12,0,2,3,50,18
"(Kolkata Knight Riders, Mumbai Indians, Pune Warriors, Royal Challengers Bangalore, Sunrisers Hyderabad)",,,,,,,,,,,,,,
JH Kallis,2010-2013,21,21,3,577,79,32.05,514,112.25,0,4,2,59,12
"(Kolkata Knight Riders, Royal Challengers Bangalore)",,,,,,,,,,,,,,
CH Gayle,2010-2019,12,12,2,560,102*,56,349,160.45,1,4,1,50,42
"(Kings XI Punjab, Kolkata Knight Riders, Royal Challengers Bangalore)",,,,,,,,,,,,,,
SC Ganguly,2008-2012,15,15,2,532,88,40.92,447,119.01,0,4,0,55,21
"(Kolkata Knight Riders, Pune Warriors)",,,,,,,,,,,,,,
MK Tiwary,2008-2017,28,25,8,515,50,30.29,461,111.71,0,1,1,46,13
"(Delhi Daredevils, Kolkata Knight Riders, Rising Pune Supergiant)",,,,,,,,,,,,,,
RK Singh,2018-2025,24,21,8,512,67*,39.38,331,154.68,0,3,0,41,27
(Kolkata Knight Riders),,,,,,,,,,,,,,
Shubman Gill,2018-2025,17,15,3,509,90,42.41,345,147.53,0,4,0,53,16
"(Gujarat Titans, Kolkata Knight Riders)",,,,,,,,,,,,,,
RG Sharma,2008-2024,14,14,3,485,109*,44.09,349,138.96,1,3,1,52,18
"(Deccan Chargers, Mumbai Indians)",,,,,,,,,,,,,,
CA Lynn,2017-2019,16,16,0,483,82,30.18,348,138.79,0,3,1,54,23
(Kolkata Knight Riders),,,,,,,,,,,,,,
AM Rahane,2008-2025,16,15,1,436,71*,31.14,310,140.64,0,4,0,46,18
"(Chennai Super Kings, Kolkata Knight Riders, Mumbai Indians, Rajasthan Royals, Rising Pune Supergiant, Rising Pune Supergiants)",,,,,,,,,,,,,,
V Kohli,2008-2025,14,13,3,430,100,43,321,133.95,1,2,1,34,16
"(Royal Challengers Bangalore, Royal Challengers Bengaluru)",,,,,,,,,,,,,,
PD Salt,2024-2025,8,8,1,406,89*,58,220,184.54,0,5,0,47,23
"(Kolkata Knight Riders, Royal Challengers Bengaluru)",,,,,,,,,,,,,,
VR Iyer,2023-2025,19,17,1,399,60,24.93,292,136.64,0,2,0,39,15
(Kolkata Knight Riders),,,,,,,,,,,,,,
BB McCullum,2008-2018,15,15,1,394,57*,28.14,316,124.68,0,1,0,49,13
"(Chennai Super Kings, Gujarat Lions, Kochi Tuskers Kerala, Kolkata Knight Riders, Royal Challengers Bangalore)",,,,,,,,,,,,,,
S Dhawan,2008-2023,11,11,1,337,97*,33.7,267,126.21,0,3,0,44,7
"(Deccan Chargers, Delhi Capitals, Delhi Daredevils, Mumbai Indians, Punjab Kings, Sunrisers Hyderabad)",,,,,,,,,,,,,,
SK Raina,2008-2019,13,12,1,325,84,29.54,261,124.52,0,3,1,33,11
"(Chennai Super Kings, Gujarat Lions)",,,,,,,,,,,,,,
JC Buttler,2016-2025,6,6,2,317,107*,79.25,186,170.43,1,1,1,37,13
"(Gujarat Titans, Mumbai Indians, Rajasthan Royals)",,,,,,,,,,,,,,
SV Samson,2013-2024,10,10,1,306,60,34,215,142.32,0,2,1,22,17
"(Delhi Daredevils, Rajasthan Royals)",,,,,,,,,,,,,,
Shakib Al Hasan,2011-2019,22,15,5,295,66*,29.5,221,133.48,0,2,1,25,12
"(Kolkata Knight Riders, Sunrisers Hyderabad)",,,,,,,,,,,,,,
SS Iyer,2015-2025,13,13,3,289,50,28.9,223,129.59,0,1,2,29,10
"(Delhi Capitals, Delhi Daredevils, Kolkata Knight Riders, Punjab Kings)",,,,,,,,,,,,,,
WP Saha,2008-2023,21,16,5,289,35,26.27,227,127.31,0,0,1,30,8
"(Chennai Super Kings, Gujarat Titans, Kings XI Punjab, Kolkata Knight Riders, Sunrisers Hyderabad)",,,,,,,,,,,,,,
MS Dhoni,2008-2023,14,12,6,280,66*,46.66,210,133.33,0,2,0,15,16
"(Chennai Super Kings, Rising Pune Supergiant, Rising Pune Supergiants)",,,,,,,,,,,,,,
DJ Hussey,2008-2013,13,13,3,265,38*,26.5,250,106,0,0,1,15,13
"(Kings XI Punjab, Kolkata Knight Riders)",,,,,,,,,,,,,,
SA Yadav,2014-2024,25,19,6,255,46*,19.61,190,134.21,0,0,0,24,12
"(Kolkata Knight Riders, Mumbai Indians)",,,,,,,,,,,,,,
DA Miller,2013-2025,9,9,5,249,68*,62.25,168,148.21,0,2,0,14,15
"(Gujarat Titans, Kings XI Punjab, Lucknow Super Giants)",,,,,,,,,,,,,,
AT Rayudu,2010-2023,13,10,3,236,63,33.71,167,141.31,0,1,1,18,10
"(Chennai Super Kings, Mumbai Indians)",,,,,,,,,,,,,,
MS Bisla,2010-2013,11,11,1,231,51*,23.1,228,101.31,0,1,0,25,5
"(Kings XI Punjab, Kolkata Knight Riders)",,,,,,,,,,,,,,
DR Smith,2012-2017,9,8,0,222,62,27.75,170,130.58,0,3,1,25,9
"(Chennai Super Kings, Gujarat Lions, Mumbai Indians)",,,,,,,,,,,,,,
GJ Maxwell,2012-2025,9,9,1,213,68,26.62,141,151.06,0,1,0,19,13
"(Delhi Daredevils, Kings XI Punjab, Punjab Kings, Royal Challengers Bangalore)",,,,,,,,,,,,,,
DPMD Jayawardene,2008-2013,4,4,2,212,110*,106,148,143.24,1,1,0,28,4
"(Delhi Daredevils, Kings XI Punjab, Kochi Tuskers Kerala)",,,,,,,,,,,,,,
DB Das,2008-2013,15,11,4,203,35*,29,156,130.12,0,0,1,14,12
(Kolkata Knight Riders),,,,,,,,,,,,,,
RA Jadeja,2008-2023,13,12,7,201,36*,40.2,137,146.71,0,0,1,13,12
"(Chennai Super Kings, Gujarat Lions, Kochi Tuskers Kerala, Rajasthan Royals)",,,,,,,,,,,,,,
EJG Morgan,2010-2015,14,11,1,200,47,20,151,132.45,0,0,0,21,9
"(Kolkata Knight Riders, Royal Challengers Bangalore, Sunrisers Hyderabad)",,,,,,,,,,,,,,
RM Patidar,2022-2025,3,3,1,198,112*,99,93,212.9,1,1,0,20,13
"(Royal Challengers Bangalore, Royal Challengers Bengaluru)",,,,,,,,,,,,,,
KA Pollard,2011-2019,10,8,2,192,60*,32,135,142.22,0,1,0,15,9
(Mumbai Indians),,,,,,,,,,,,,,
N Pooran,2023-2025,3,3,1,190,87*,95,98,193.87,0,2,0,13,17
(Lucknow Super Giants),,,,,,,,,,,,,,
HH Pandya,2015-2024,8,8,2,188,91,31.33,112,167.85,0,1,1,13,12
"(Gujarat Titans, Mumbai Indians)",,,,,,,,,,,,,,
Rahmanullah Gurbaz,2023-2025,8,8,1,183,81,26.14,132,138.63,0,2,1,13,13
(Kolkata Knight Riders),,,,,,,,,,,,,,
KL Rahul,2016-2024,5,4,0,179,79,44.75,117,152.99,0,2,0,15,9
"(Kings XI Punjab, Lucknow Super Giants, Royal Challengers Bangalore)",,,,,,,,,,,,,,
Salman Butt,2008-2008,4,4,0,169,73,42.25,137,123.35,0,1,0,27,1
(Kolkata Knight Riders),,,,,,,,,,,,,,
RA Tripathi,2017-2024,5,5,0,169,93,33.8,104,162.5,0,1,0,16,11
"(Rajasthan Royals, Rising Pune Supergiant, Sunrisers Hyderabad)",,,,,,,,,,,,,,
AB de Villiers,2008-2018,8,7,1,159,59*,26.5,99,160.6,0,1,1,12,10
"(Delhi Daredevils, Royal Challengers Bangalore)",,,,,,,,,,,,,,
DA Warner,2010-2019,7,7,0,158,85,22.57,128,123.43,0,1,1,20,4
"(Delhi Daredevils, Sunrisers Hyderabad)",,,,,,,,,,,,,,
SR Watson,2008-2019,8,7,0,157,44,22.42,129,121.7,0,0,0,21,4
"(Chennai Super Kings, Rajasthan Royals, Royal Challengers Bangalore)",,,,,,,,,,,,,,
JJ Roy,2018-2023,5,5,0,155,61,31,89,174.15,0,1,0,22,6
"(Delhi Daredevils, Kolkata Knight Riders)",,,,,,,,,,,,,,
SS Tiwary,2010-2017,6,5,1,154,52,38.5,129,119.37,0,1,0,18,3
"(Delhi Daredevils, Mumbai Indians, Rising Pune Supergiants, Royal Challengers Bangalore)",,,,,,,,,,,,,,
LR Shukla,2008-2013,17,12,3,153,40*,17,113,135.39,0,0,1,15,6
(Kolkata Knight Riders),,,,,,,,,,,,,,
A Raghuvanshi,2024-2025,10,7,1,152,50,25.33,99,153.53,0,1,0,16,5
(Kolkata Knight Riders),,,,,,,,,,,,,,
Prabhsimran Singh,2023-2025,3,3,0,149,83,49.66,77,193.5,0,2,0,13,11
(Punjab Kings),,,,,,,,,,,,,,
JM Bairstow,2019-2024,2,2,1,147,108*,147,83,177.1,1,0,0,11,10
"(Punjab Kings, Sunrisers Hyderabad)",,,,,,,,,,,,,,
M Vohra,2013-2022,6,6,0,143,39,23.83,109,131.19,0,0,1,9,10
"(Kings XI Punjab, Lucknow Super Giants)",,,,,,,,,,,,,,
DJ Bravo,2008-2018,9,8,4,141,64*,35.25,127,111.02,0,1,0,16,3
"(Chennai Super Kings, Gujarat Lions, Mumbai Indians)",,,,,,,,,,,,,,
Mandeep Singh,2012-2023,7,7,1,140,38,23.33,94,148.93,0,0,1,16,5
"(Kings XI Punjab, Kolkata Knight Riders, Royal Challengers Bangalore)",,,,,,,,,,,,,,
F du Plessis,2012-2024,9,9,0,138,27,15.33,101,136.63,0,0,1,19,3
"(Chennai Super Kings, Royal Challengers Bangalore, Royal Challengers Bengaluru)",,,,,,,,,,,,,,
H Klaasen,2018-2025,5,4,2,130,63,65,74,175.67,0,1,0,5,11
"(Rajasthan Royals, Royal Challengers Bangalore, Sunrisers Hyderabad)",,,,,,,,,,,,,,
AD Mathews,2010-2015,9,6,2,130,46*,32.5,98,132.65,0,0,0,7,6
"(Delhi Daredevils, Kolkata Knight Riders, Pune Warriors)",,,,,,,,,,,,,,
M Vijay,2010-2016,7,7,0,128,36,18.28,122,104.91,0,0,0,17,2
"(Chennai Super Kings, Kings XI Punjab)",,,,,,,,,,,,,,
Yuvraj Singh,2008-2018,7,6,1,127,33*,25.4,77,164.93,0,0,1,9,10
"(Delhi Daredevils, Kings XI Punjab, Royal Challengers Bangalore, Sunrisers Hyderabad)",,,,,,,,,,,,,,
PP Chawla,2008-2024,36,16,10,123,22,20.5,99,124.24,0,0,2,10,4
"(Kings XI Punjab, Kolkata Knight Riders, Mumbai Indians)",,,,,,,,,,,,,,
RR Pant,2017-2025,5,4,0,122,46,30.5,81,150.61,0,0,0,14,4
"(Delhi Capitals, Delhi Daredevils, Lucknow Super Giants)",,,,,,,,,,,,,,
MA Agarwal,2012-2024,6,6,1,120,58,24,94,127.65,0,1,0,12,2
"(Delhi Daredevils, Kings XI Punjab, Royal Challengers Bangalore, Sunrisers Hyderabad)",,,,,,,,,,,,,,
YBK Jaiswal,2022-2024,3,3,1,120,98*,60,64,187.5,0,1,0,15,6
(Rajasthan Royals),,,,,,,,,,,,,,
KC Sangakkara,2008-2013,4,4,0,120,64,30,85,141.17,0,1,0,11,4
"(Deccan Chargers, Kings XI Punjab, Sunrisers Hyderabad)",,,,,,,,,,,,,,
AJ Finch,2010-2018,6,5,0,116,31,23.2,78,148.71,0,0,0,13,5
"(Delhi Daredevils, Gujarat Lions, Kings XI Punjab, Mumbai Indians, Rajasthan Royals)",,,,,,,,,,,,,,
HH Gibbs,2010-2012,2,2,1,116,66*,116,103,112.62,0,2,0,12,3
"(Deccan Chargers, Mumbai Indians)",,,,,,,,,,,,,,
MEK Hussey,2011-2015,5,5,0,116,56,23.2,127,91.33,0,1,0,7,5
(Chennai Super Kings),,,,,,,,,,,,,,
AK Markram,2023-2025,3,3,0,115,50,38.33,67,171.64,0,1,0,8,7
"(Lucknow Super Giants, Sunrisers Hyderabad)",,,,,,,,,,,,,,
Ishan Kishan,2017-2025,4,4,0,108,62,27,59,183.05,0,1,0,10,8
"(Gujarat Lions, Mumbai Indians, Sunrisers Hyderabad)",,,,,,,,,,,,,,
S Badrinath,2008-2013,5,4,1,103,54,34.33,90,114.44,0,1,1,6,3
(Chennai Super Kings),,,,,,,,,,,,,,
R Dravid,2008-2013,5,5,1,103,43,25.75,94,109.57,0,0,0,16,0
"(Rajasthan Royals, Royal Challengers Bangalore)",,,,,,,,,,,,,,
HC Brook,2023-2023,1,1,1,100,100*,-,55,181.81,1,0,0,12,3
(Sunrisers Hyderabad),,,,,,,,,,,,,,
BJ Hodge,2008-2013,6,6,2,93,50,23.25,95,97.89,0,1,1,11,1
"(Kochi Tuskers Kerala, Kolkata Knight Riders, Rajasthan Royals)",,,,,,,,,,,,,,
V Shankar,2018-2023,3,3,2,93,51*,93,52,178.84,0,1,0,4,7
"(Delhi Daredevils, Gujarat Titans, Sunrisers Hyderabad)",,,,,,,,,,,,,,
DJ Hooda,2016-2024,7,6,1,92,45,18.4,73,126.02,0,0,0,3,6
"(Lucknow Super Giants, Sunrisers Hyderabad)",,,,,,,,,,,,,,
Ramandeep Singh,2024-2025,11,8,5,91,35,30.33,51,178.43,0,0,0,4,8
(Kolkata Knight Riders),,,,,,,,,,,,,,
AC Gilchrist,2008-2013,5,5,0,90,27,18,90,100,0,0,0,10,3
"(Deccan Chargers, Kings XI Punjab)",,,,,,,,,,,,,,
PA Patel,2008-2019,6,6,1,89,27,17.8,104,85.57,0,0,1,11,1
"(Chennai Super Kings, Kochi Tuskers Kerala, Mumbai Indians, Royal Challengers Bangalore, Sunrisers Hyderabad)",,,,,,,,,,,,,,
V Sehwag,2008-2014,4,4,0,86,64,21.5,57,150.87,0,1,1,7,4
"(Delhi Daredevils, Kings XI Punjab)",,,,,,,,,,,,,,
Q de Kock,2016-2025,9,9,0,85,28,9.44,78,108.97,0,0,1,5,6
"(Delhi Daredevils, Kolkata Knight Riders, Lucknow Super Giants, Mumbai Indians, Royal Challengers Bangalore)",,,,,,,,,,,,,,
R Parag,2019-2024,3,3,0,85,47,28.33,48,177.08,0,0,0,9,4
(Rajasthan Royals),,,,,,,,,,,,,,
SN Thakur,2017-2025,9,6,1,84,68,16.8,49,171.42,0,1,1,11,3
"(Chennai Super Kings, Kolkata Knight Riders, Lucknow Super Giants, Rising Pune Supergiant)",,,,,,,,,,,,,,
MR Marsh,2025-2025,1,1,0,81,81,81,48,168.75,0,1,0,6,5
(Lucknow Super Giants),,,,,,,,,,,,,,
NV Ojha,2010-2017,7,6,1,79,26,15.8,93,84.94,0,0,1,10,1
"(Delhi Daredevils, Rajasthan Royals, Sunrisers Hyderabad)",,,,,,,,,,,,,,
A Symonds,2008-2010,2,2,0,77,45,38.5,76,101.31,0,0,0,7,2
(Deccan Chargers),,,,,,,,,,,,,,
KV Sharma,2013-2024,8,7,4,71,32,23.66,52,136.53,0,0,0,1,6
"(Chennai Super Kings, Mumbai Indians, Royal Challengers Bangalore, Royal Challengers Bengaluru, Sunrisers Hyderabad)",,,,,,,,,,,,,,
P Arya,2025-2025,1,1,0,69,69,69,35,197.14,0,1,0,8,4
(Punjab Kings),,,,,,,,,,,,,,
Shashank Singh,2024-2025,2,1,1,68,68*,-,28,242.85,0,1,0,2,8
(Punjab Kings),,,,,,,,,,,,,,
LMP Simmons,2015-2017,2,2,0,68,68,34,50,136,0,1,1,8,3
(Mumbai Indians),,,,,,,,,,,,,,
CA Pujara,2010-2011,7,3,2,67,45*,67,66,101.51,0,0,0,8,1
"(Kolkata Knight Riders, Royal Challengers Bangalore)",,,,,,,,,,,,,,
RN ten Doeschate,2011-2015,11,7,2,67,18,13.4,50,134,0,0,1,2,5
(Kolkata Knight Riders),,,,,,,,,,,,,,
Abhishek Sharma,2023-2025,3,3,0,66,32,22,42,157.14,0,0,0,7,4
(Sunrisers Hyderabad),,,,,,,,,,,,,,
MM Ali,2019-2025,4,2,0,66,66,33,30,220,0,1,1,5,6
"(Chennai Super Kings, Kolkata Knight Riders, Royal Challengers Bangalore)",,,,,,,,,,,,,,
C de Grandhomme,2017-2017,6,4,0,65,36,16.25,39,166.66,0,0,2,7,3
(Kolkata Knight Riders),,,,,,,,,,,,,,
MC Henriques,2015-2017,3,3,0,65,41,21.66,53,122.64,0,0,0,5,2
(Sunrisers Hyderabad),,,,,,,,,,,,,,
TM Dilshan,2008-2012,3,3,0,64,38,21.33,53,120.75,0,0,0,11,0
"(Delhi Daredevils, Royal Challengers Bangalore)",,,,,,,,,,,,,,
CL White,2008-2013,2,2,0,64,34,32,47,136.17,0,0,0,6,2
"(Royal Challengers Bangalore, Sunrisers Hyderabad)",,,,,,,,,,,,,,
Harbhajan Singh,2011-2018,9,5,3,63,30,31.5,46,136.95,0,0,0,9,2
"(Chennai Super Kings, Mumbai Indians)",,,,,,,,,,,,,,
Kuldeep Yadav,2016-2024,23,7,3,62,35*,15.5,68,91.17,0,0,1,7,1
"(Delhi Capitals, Kolkata Knight Riders)",,,,,,,,,,,,,,
OA Shah,2010-2013,4,4,1,62,31,20.66,64,96.87,0,0,0,6,0
"(Kolkata Knight Riders, Rajasthan Royals)",,,,,,,,,,,,,,
IK Pathan,2008-2016,5,4,1,60,42*,20,39,153.84,0,0,0,3,3
"(Delhi Daredevils, Kings XI Punjab, Rising Pune Supergiants)",,,,,,,,,,,,,,
KS Williamson,2016-2018,3,3,0,60,50,20,56,107.14,0,1,0,4,1
(Sunrisers Hyderabad),,,,,,,,,,,,,,
GJ Bailey,2014-2016,3,3,1,59,33,29.5,44,134.09,0,0,0,4,3
"(Kings XI Punjab, Rising Pune Supergiants)",,,,,,,,,,,,,,
STR Binny,2010-2019,8,7,1,58,27,9.66,54,107.4,0,0,1,6,2
"(Mumbai Indians, Rajasthan Royals, Royal Challengers Bangalore)",,,,,,,,,,,,,,
CJ Anderson,2015-2017,2,2,1,57,55*,57,46,123.91,0,1,0,4,3
"(Delhi Daredevils, Mumbai Indians)",,,,,,,,,,,,,,
DP Conway,2023-2023,1,1,0,56,56,56,40,140,0,1,0,4,3
(Chennai Super Kings),,,,,,,,,,,,,,
KM Jadhav,2010-2019,5,5,0,56,20,11.2,44,127.27,0,0,0,6,2
"(Chennai Super Kings, Delhi Daredevils, Kochi Tuskers Kerala, Royal Challengers Bangalore)",,,,,,,,,,,,,,
N Jagadeesan,2023-2023,3,3,0,56,36,18.66,39,143.58,0,0,0,9,1
(Kolkata Knight Riders),,,,,,,,,,,,,,
WG Jacks,2024-2024,1,1,0,55,55,55,32,171.87,0,1,0,4,5
(Royal Challengers Bengaluru),,,,,,,,,,,,,,
A Badoni,2023-2025,3,2,0,54,29,27,48,112.5,0,0,0,4,2
(Lucknow Super Giants),,,,,,,,,,,,,,
B Sai Sudharsan,2025-2025,1,1,0,52,52,52,36,144.44,0,1,0,6,1
(Gujarat Titans),,,,,,,,,,,,,,
A Mishra,2008-2017,7,5,3,51,31,25.5,53,96.22,0,0,0,4,1
"(Deccan Chargers, Delhi Daredevils, Sunrisers Hyderabad)",,,,,,,,,,,,,,
Bipul Sharma,2010-2017,5,4,2,50,21*,25,39,128.2,0,0,0,3,2
"(Kings XI Punjab, Sunrisers Hyderabad)",,,,,,,,,,,,,,
MV Boucher,2008-2011,2,1,1,50,50*,-,40,125,0,1,0,5,1
"(Kolkata Knight Riders, Royal Challengers Bangalore)",,,,,,,,,,,,,,
S Dube,2023-2023,1,1,0,50,50,50,21,238.09,0,1,0,2,5
(Chennai Super Kings),,,,,,,,,,,,,,
JP Duminy,2010-2018,4,4,1,50,25,16.66,51,98.03,0,0,0,4,1
"(Deccan Chargers, Delhi Daredevils, Mumbai Indians)",,,,,,,,,,,,,,
NLTC Perera,2013-2016,2,2,0,49,36,24.5,36,136.11,0,0,0,2,2
"(Rising Pune Supergiants, Sunrisers Hyderabad)",,,,,,,,,,,,,,
B Chipli,2011-2011,1,1,0,48,48,48,40,120,0,0,0,6,1
(Deccan Chargers),,,,,,,,,,,,,,
M Kartik,2008-2012,10,4,1,48,21,16,44,109.09,0,0,0,5,0
"(Kolkata Knight Riders, Pune Warriors)",,,,,,,,,,,,,,
KH Pandya,2017-2025,7,6,3,48,24,16,38,126.31,0,0,1,0,4
"(Lucknow Super Giants, Mumbai Indians, Royal Challengers Bengaluru)",,,,,,,,,,,,,,
SE Marsh,2008-2012,3,3,0,46,40,15.33,44,104.54,0,0,0,4,2
(Kings XI Punjab),,,,,,,,,,,,,,
JEC Franklin,2011-2011,1,1,1,45,45*,-,23,195.65,0,0,0,5,1
(Mumbai Indians),,,,,,,,,,,,,,
JA Morkel,2008-2015,6,3,2,45,30*,45,42,107.14,0,0,0,4,1
"(Chennai Super Kings, Delhi Daredevils)",,,,,,,,,,,,,,
MP Stoinis,2016-2024,6,6,1,45,17*,9,39,115.38,0,0,2,5,2
"(Kings XI Punjab, Lucknow Super Giants, Royal Challengers Bangalore)",,,,,,,,,,,,,,
YV Takawale,2014-2014,1,1,0,45,45,45,36,125,0,0,0,5,1
(Royal Challengers Bangalore),,,,,,,,,,,,,,
J Botha,2012-2015,5,5,1,44,17,11,28,157.14,0,0,0,7,1
"(Delhi Daredevils, Kolkata Knight Riders, Rajasthan Royals)",,,,,,,,,,,,,,
Gurkeerat Singh,2013-2016,3,3,1,43,28*,21.5,33,130.3,0,0,0,3,2
(Kings XI Punjab),,,,,,,,,,,,,,
P Negi,2015-2019,5,4,0,43,27,10.75,40,107.5,0,0,0,4,2
"(Chennai Super Kings, Delhi Daredevils, Royal Challengers Bangalore)",,,,,,,,,,,,,,
AP Tare,2010-2015,4,4,0,43,35,10.75,38,113.15,0,0,1,4,2
(Mumbai Indians),,,,,,,,,,,,,,
SR Tendulkar,2011-2013,3,3,0,42,38,14,35,120,0,0,0,6,0
(Mumbai Indians),,,,,,,,,,,,,,
Y Venugopal Rao,2008-2014,4,3,1,41,27,20.5,40,102.5,0,0,0,5,0
"(Deccan Chargers, Delhi Daredevils, Sunrisers Hyderabad)",,,,,,,,,,,,,,
DH Yagnik,2013-2013,2,2,1,41,31*,41,23,178.26,0,0,0,7,0
(Rajasthan Royals),,,,,,,,,,,,,,
R Dhawan,2013-2023,4,4,1,40,19,13.33,31,129.03,0,0,0,2,2
"(Kings XI Punjab, Mumbai Indians, Punjab Kings)",,,,,,,,,,,,,,
BCJ Cutting,2017-2018,2,2,0,39,24,19.5,19,205.26,0,0,0,2,4
"(Mumbai Indians, Sunrisers Hyderabad)",,,,,,,,,,,,,,
D Padikkal,2022-2025,2,2,0,38,28,19,30,126.66,0,0,0,3,2
"(Rajasthan Royals, Royal Challengers Bengaluru)",,,,,,,,,,,,,,
AR Patel,2014-2024,6,4,0,38,21,9.5,31,122.58,0,0,1,3,2
"(Delhi Capitals, Kings XI Punjab)",,,,,,,,,,,,,,
Umar Gul,2008-2008,3,3,1,37,24,18.5,17,217.64,0,0,0,1,5
(Kolkata Knight Riders),,,,,,,,,,,,,,
R Bhatia,2010-2013,21,8,3,36,11,7.2,40,90,0,0,0,3,0
"(Delhi Daredevils, Kolkata Knight Riders)",,,,,,,,,,,,,,
DJG Sammy,2014-2015,2,2,0,36,29,18,28,128.57,0,0,0,1,3
"(Royal Challengers Bangalore, Sunrisers Hyderabad)",,,,,,,,,,,,,,
BA Stokes,2017-2019,3,3,0,36,14,12,38,94.73,0,0,0,3,0
"(Rajasthan Royals, Rising Pune Supergiant)",,,,,,,,,,,,,,
RD Gaikwad,2023-2023,1,1,0,35,35,35,20,175,0,0,0,2,3
(Chennai Super Kings),,,,,,,,,,,,,,
E Lewis,2018-2022,3,3,1,35,18,17.5,35,100,0,0,0,4,1
"(Lucknow Super Giants, Mumbai Indians)",,,,,,,,,,,,,,
MS Wade,2022-2022,1,1,0,35,35,35,30,116.66,0,0,0,6,0
(Gujarat Titans),,,,,,,,,,,,,,
DT Christian,2011-2017,2,2,1,34,25,34,23,147.82,0,0,0,1,3
"(Deccan Chargers, Rising Pune Supergiant)",,,,,,,,,,,,,,
M Kaif,2008-2008,1,1,1,34,34*,-,31,109.67,0,0,0,4,0
(Rajasthan Royals),,,,,,,,,,,,,,
Rashid Khan,2017-2025,7,1,1,34,34*,-,10,340,0,0,0,2,4
"(Gujarat Titans, Sunrisers Hyderabad)",,,,,,,,,,,,,,
JC Archer,2018-2019,3,2,1,33,27*,33,17,194.11,0,0,0,3,2
(Rajasthan Royals),,,,,,,,,,,,,,
SP Goswami,2010-2012,4,3,0,33,24,11,35,94.28,0,0,0,3,1
"(Kolkata Knight Riders, Rajasthan Royals, Royal Challengers Bangalore)",,,,,,,,,,,,,,
R Ashwin,2010-2024,13,6,2,32,11,8,51,62.74,0,0,0,3,0
"(Chennai Super Kings, Kings XI Punjab, Rajasthan Royals, Rising Pune Supergiants)",,,,,,,,,,,,,,
SP Fleming,2008-2008,1,1,1,32,32*,-,20,160,0,0,0,6,0
(Chennai Super Kings),,,,,,,,,,,,,,
B Kumar,2012-2024,10,4,3,32,11*,32,17,188.23,0,0,0,5,1
"(Pune Warriors, Sunrisers Hyderabad)",,,,,,,,,,,,,,
M Shahrukh Khan,2023-2025,2,2,2,32,21*,-,13,246.15,0,0,0,3,2
"(Gujarat Titans, Punjab Kings)",,,,,,,,,,,,,,
MM Sharma,2013-2023,8,5,3,32,21*,16,19,168.42,0,0,1,2,2
"(Chennai Super Kings, Gujarat Titans, Kings XI Punjab)",,,,,,,,,,,,,,
NT Tilak Varma,2024-2024,1,1,0,32,32,32,17,188.23,0,0,0,5,1
(Mumbai Indians),,,,,,,,,,,,,,
LS Livingstone,2023-2025,2,2,1,30,15*,30,14,214.28,0,0,0,5,1
"(Punjab Kings, Royal Challengers Bengaluru)",,,,,,,,,,,,,,
MD Mishra,2010-2010,1,1,0,29,29,29,16,181.25,0,0,0,6,0
(Deccan Chargers),,,,,,,,,,,,,,
PHKD Mendis,2025-2025,1,1,0,27,27,27,20,135,0,0,0,1,2
(Sunrisers Hyderabad),,,,,,,,,,,,,,
PP Shaw,2019-2024,2,2,0,27,14,13.5,14,192.85,0,0,0,3,2
(Delhi Capitals),,,,,,,,,,,,,,
PN Mankad,2023-2023,1,1,0,26,26,26,20,130,0,0,0,5,0
(Lucknow Super Giants),,,,,,,,,,,,,,
R Powell,2024-2025,2,1,0,26,26,26,13,200,0,0,0,1,3
"(Kolkata Knight Riders, Rajasthan Royals)",,,,,,,,,,,,,,
RR Rossouw,2024-2024,1,1,0,26,26,26,16,162.5,0,0,0,1,2
(Punjab Kings),,,,,,,,,,,,,,
JD Unadkat,2010-2019,11,2,1,26,26,26,19,136.84,0,0,0,3,1
"(Kolkata Knight Riders, Rajasthan Royals, Rising Pune Supergiant)",,,,,,,,,,,,,,
HM Amla,2017-2017,1,1,0,25,25,25,27,92.59,0,0,0,4,0
(Kings XI Punjab),,,,,,,,,,,,,,
CR Brathwaite,2016-2019,4,4,0,25,8,6.25,18,138.88,0,0,0,1,2
"(Delhi Daredevils, Kolkata Knight Riders, Sunrisers Hyderabad)",,,,,,,,,,,,,,
Mohammad Hafeez,2008-2008,4,4,0,25,13,6.25,33,75.75,0,0,0,3,1
(Kolkata Knight Riders),,,,,,,,,,,,,,
SPD Smith,2012-2019,3,3,0,25,14,8.33,31,80.64,0,0,0,1,1
"(Pune Warriors, Rajasthan Royals, Rising Pune Supergiant)",,,,,,,,,,,,,,
CR Woakes,2017-2018,7,4,1,25,18,8.33,30,83.33,0,0,0,4,0
"(Kolkata Knight Riders, Royal Challengers Bangalore)",,,,,,,,,,,,,,
CH Morris,2013-2019,6,4,0,24,11,6,23,104.34,0,0,1,3,0
"(Chennai Super Kings, Delhi Capitals, Delhi Daredevils)",,,,,,,,,,,,,,
SS Prabhudessai,2024-2024,1,1,0,24,24,24,18,133.33,0,0,0,3,0
(Royal Challengers Bengaluru),,,,,,,,,,,,,,
DB Ravi Teja,2011-2013,2,2,0,24,14,12,23,104.34,0,0,0,1,1
"(Deccan Chargers, Sunrisers Hyderabad)",,,,,,,,,,,,,,
GC Smith,2008-2008,1,1,0,24,24,24,24,100,0,0,0,4,0
(Rajasthan Royals),,,,,,,,,,,,,,
K Gowtham,2018-2023,3,3,2,23,11*,23,16,143.75,0,0,0,2,1
"(Lucknow Super Giants, Rajasthan Royals)",,,,,,,,,,,,,,
J Arunkumar,2008-2008,1,1,0,22,22,22,17,129.41,0,0,0,5,0
(Royal Challengers Bangalore),,,,,,,,,,,,,,
SP Jackson,2017-2017,2,2,1,22,12*,22,14,157.14,0,0,0,4,0
(Kolkata Knight Riders),,,,,,,,,,,,,,
AL Menaria,2011-2012,2,2,0,22,21,11,23,95.65,0,0,0,1,1
(Rajasthan Royals),,,,,,,,,,,,,,
T Taibu,2008-2008,2,2,0,22,15,11,21,104.76,0,0,0,2,0
(Kolkata Knight Riders),,,,,,,,,,,,,,
Abdul Samad,2024-2025,2,2,0,21,15,10.5,15,140,0,0,0,2,1
"(Lucknow Super Giants, Sunrisers Hyderabad)",,,,,,,,,,,,,,
TK Curran,2018-2018,3,3,0,21,18,7,23,91.3,0,0,0,3,0
(Kolkata Knight Riders),,,,,,,,,,,,,,
UT Khawaja,2016-2016,1,1,0,21,21,21,17,123.52,0,0,0,3,0
(Rising Pune Supergiants),,,,,,,,,,,,,,
P Kumar,2008-2017,8,5,3,21,12,10.5,26,80.76,0,0,1,2,0
"(Gujarat Lions, Kings XI Punjab, Royal Challengers Bangalore, Sunrisers Hyderabad)",,,,,,,,,,,,,,
JM Sharma,2023-2025,3,1,0,21,21,21,18,116.66,0,0,0,0,2
"(Punjab Kings, Royal Challengers Bengaluru)",,,,,,,,,,,,,,
MJ McClenaghan,2015-2018,3,1,0,20,20,20,8,250,0,0,0,0,3
(Mumbai Indians),,,,,,,,,,,,,,
MA Starc,2014-2024,7,3,3,20,12*,-,13,153.84,0,0,0,2,0
"(Kolkata Knight Riders, Royal Challengers Bangalore)",,,,,,,,,,,,,,
DJ Willey,2023-2023,1,1,1,20,20*,-,20,100,0,0,0,2,0
(Royal Challengers Bangalore),,,,,,,,,,,,,,
MG Bracewell,2023-2023,1,1,0,19,19,19,18,105.55,0,0,0,1,1
(Royal Challengers Bangalore),,,,,,,,,,,,,,
JO Holder,2014-2016,2,2,0,19,16,9.5,15,126.66,0,0,0,2,1
"(Kolkata Knight Riders, Sunrisers Hyderabad)",,,,,,,,,,,,,,
SN Khan,2018-2019,2,2,0,19,13,9.5,23,82.6,0,0,0,2,0
"(Kings XI Punjab, Royal Challengers Bangalore)",,,,,,,,,,,,,,
K Nitish Kumar Reddy,2025-2025,1,1,0,19,19,19,15,126.66,0,0,0,2,1
(Sunrisers Hyderabad),,,,,,,,,,,,,,
RT Ponting,2008-2008,2,2,0,19,19,9.5,32,59.37,0,0,1,1,0
(Kolkata Knight Riders),,,,,,,,,,,,,,
S Rana,2014-2014,1,1,1,19,19*,-,12,158.33,0,0,0,2,0
(Royal Challengers Bangalore),,,,,,,,,,,,,,
TL Suman,2010-2011,2,2,1,19,15*,19,15,126.66,0,0,0,1,1
"(Deccan Chargers, Mumbai Indians)",,,,,,,,,,,,,,
UT Yadav,2012-2023,25,8,7,19,6*,19,17,111.76,0,0,0,1,0
"(Delhi Daredevils, Kolkata Knight Riders, Royal Challengers Bangalore)",,,,,,,,,,,,,,
Abishek Porel,2024-2024,1,1,0,18,18,18,15,120,0,0,0,2,1
(Delhi Capitals),,,,,,,,,,,,,,
S Gopal,2018-2019,2,1,0,18,18,18,9,200,0,0,0,4,0
(Rajasthan Royals),,,,,,,,,,,,,,
BJ Haddin,2011-2011,1,1,0,18,18,18,11,163.63,0,0,0,2,1
(Kolkata Knight Riders),,,,,,,,,,,,,,
ST Jayasuriya,2008-2008,1,1,0,18,18,18,10,180,0,0,0,3,1
(Mumbai Indians),,,,,,,,,,,,,,
MK Lomror,2022-2024,2,2,0,18,14,9,12,150,0,0,0,3,0
"(Royal Challengers Bangalore, Royal Challengers Bengaluru)",,,,,,,,,,,,,,
KK Nair,2016-2018,3,2,0,18,15,9,25,72,0,0,0,3,0
"(Delhi Daredevils, Kings XI Punjab)",,,,,,,,,,,,,,
Akash Deep,2023-2025,2,1,0,17,17,17,8,212.5,0,0,0,2,1
"(Lucknow Super Giants, Royal Challengers Bangalore)",,,,,,,,,,,,,,
A Chopra,2008-2008,3,3,0,17,13,5.66,25,68,0,0,0,2,0
(Kolkata Knight Riders),,,,,,,,,,,,,,
Harpreet Brar,2023-2025,3,1,1,17,17*,-,9,188.88,0,0,0,2,1
(Punjab Kings),,,,,,,,,,,,,,
Naman Dhir,2024-2024,1,1,0,17,17,17,6,283.33,0,0,0,1,2
(Mumbai Indians),,,,,,,,,,,,,,
Shahbaz Ahmed,2022-2024,3,2,0,17,16,8.5,10,170,0,0,0,1,2
"(Royal Challengers Bangalore, Sunrisers Hyderabad)",,,,,,,,,,,,,,
R Vinay Kumar,2008-2018,9,4,3,17,11,17,14,121.42,0,0,0,2,0
"(Kochi Tuskers Kerala, Kolkata Knight Riders, Mumbai Indians, Royal Challengers Bangalore)",,,,,,,,,,,,,,
FY Fazal,2010-2011,2,2,0,16,13,8,17,94.11,0,0,0,1,0
(Rajasthan Royals),,,,,,,,,,,,,,
Harshit Rana,2023-2025,16,3,2,16,10*,16,17,94.11,0,0,0,3,0
(Kolkata Knight Riders),,,,,,,,,,,,,,
DL Vettori,2010-2012,3,2,2,16,12*,-,10,160,0,0,0,2,0
"(Delhi Daredevils, Royal Challengers Bangalore)",,,,,,,,,,,,,,
AB Agarkar,2008-2010,7,3,1,15,8*,7.5,13,115.38,0,0,0,2,0
(Kolkata Knight Riders),,,,,,,,,,,,,,
NM Coulter-Nile,2016-2017,5,3,1,15,7*,7.5,19,78.94,0,0,0,1,1
"(Delhi Daredevils, Kolkata Knight Riders)",,,,,,,,,,,,,,
MG Johnson,2013-2018,8,3,2,15,10*,15,18,83.33,0,0,0,0,1
"(Kings XI Punjab, Kolkata Knight Riders, Mumbai Indians)",,,,,,,,,,,,,,
AG Paunikar,2011-2011,1,1,0,15,15,15,15,100,0,0,0,2,0
(Rajasthan Royals),,,,,,,,,,,,,,
SB Bangar,2008-2008,1,1,0,14,14,14,10,140,0,0,0,1,1
(Deccan Chargers),,,,,,,,,,,,,,
PJ Cummins,2014-2025,5,3,2,14,14,14,16,87.5,0,0,0,2,0
"(Delhi Daredevils, Kolkata Knight Riders, Sunrisers Hyderabad)",,,,,,,,,,,,,,
P Dogra,2010-2012,2,2,0,14,8,7,23,60.86,0,0,0,0,0
"(Kings XI Punjab, Rajasthan Royals)",,,,,,,,,,,,,,
Harmeet Singh,2010-2013,3,1,0,14,14,14,6,233.33,0,0,0,3,0
"(Deccan Chargers, Kings XI Punjab)",,,,,,,,,,,,,,
CA Ingram,2019-2019,1,1,1,14,14*,-,6,233.33,0,0,0,1,1
(Delhi Capitals),,,,,,,,,,,,,,
Iqbal Abdulla,2008-2016,15,3,3,14,12*,-,12,116.66,0,0,0,1,0
"(Kolkata Knight Riders, Royal Challengers Bangalore)",,,,,,,,,,,,,,
C Munro,2016-2016,3,2,0,14,10,7,13,107.69,0,0,0,2,0
(Kolkata Knight Riders),,,,,,,,,,,,,,
DW Steyn,2008-2019,7,2,1,14,13,14,13,107.69,0,0,0,1,0
"(Deccan Chargers, Royal Challengers Bangalore, Sunrisers Hyderabad)",,,,,,,,,,,,,,
AD Nath,2019-2019,1,1,0,13,13,13,15,86.66,0,0,0,0,1
(Royal Challengers Bangalore),,,,,,,,,,,,,,
JR Hopes,2008-2008,1,1,0,13,13,13,10,130,0,0,0,2,0
(Kings XI Punjab),,,,,,,,,,,,,,
AS Raut,2010-2011,2,2,0,13,11,6.5,19,68.42,0,0,0,1,0
(Rajasthan Royals),,,,,,,,,,,,,,
Shivam Mavi,2018-2018,6,3,1,13,7,6.5,12,108.33,0,0,0,1,0
(Kolkata Knight Riders),,,,,,,,,,,,,,
Sohail Tanvir,2008-2008,1,1,0,13,13,13,8,162.5,0,0,0,1,1
(Rajasthan Royals),,,,,,,,,,,,,,
AR Bawne,2017-2017,1,1,1,12,12*,-,12,100,0,0,0,1,0
(Delhi Daredevils),,,,,,,,,,,,,,
J Fraser-McGurk,2024-2024,1,1,0,12,12,12,7,171.42,0,0,0,1,1
(Delhi Capitals),,,,,,,,,,,,,,
MF Maharoof,2008-2010,2,2,0,12,10,6,15,80,0,0,0,0,0
(Delhi Daredevils),,,,,,,,,,,,,,
HV Patel,2012-2025,6,3,1,12,9*,6,11,109.09,0,0,1,0,1
"(Punjab Kings, Royal Challengers Bangalore, Sunrisers Hyderabad)",,,,,,,,,,,,,,
PVD Chameera,2022-2024,2,1,1,11,11*,-,4,275,0,0,0,1,1
"(Kolkata Knight Riders, Lucknow Super Giants)",,,,,,,,,,,,,,
JP Inglis,2025-2025,1,1,1,11,11*,-,6,183.33,0,0,0,2,0
(Punjab Kings),,,,,,,,,,,,,,
R Sathish,2010-2011,2,1,0,11,11,11,11,100,0,0,0,1,0
(Mumbai Indians),,,,,,,,,,,,,,
L Balaji,2008-2013,16,2,2,10,9*,-,8,125,0,0,0,1,0
"(Chennai Super Kings, Kolkata Knight Riders)",,,,,,,,,,,,,,
RV Gomez,2011-2011,1,1,1,10,10*,-,10,100,0,0,0,0,1
(Kochi Tuskers Kerala),,,,,,,,,,,,,,
B Lee,2011-2013,9,2,0,10,9,5,8,125,0,0,0,0,1
(Kolkata Knight Riders),,,,,,,,,,,,,,
S Nadeem,2012-2018,3,2,1,10,6*,10,16,62.5,0,0,0,0,0
(Delhi Daredevils),,,,,,,,,,,,,,
AS Yadav,2008-2008,1,1,0,10,10,10,10,100,0,0,0,0,1
(Deccan Chargers),,,,,,,,,,,,,,
Mohammed Shami,2018-2025,5,2,1,9,7,9,10,90,0,0,0,1,0
"(Delhi Daredevils, Gujarat Titans, Kings XI Punjab, Sunrisers Hyderabad)",,,,,,,,,,,,,,
I Sharma,2008-2025,14,5,5,9,6*,-,18,50,0,0,0,0,0
"(Deccan Chargers, Delhi Capitals, Gujarat Titans, Kings XI Punjab, Kolkata Knight Riders, Sunrisers Hyderabad)",,,,,,,,,,,,,,
D Wiese,2023-2023,2,2,1,9,8*,9,8,112.5,0,0,0,0,1
(Kolkata Knight Riders),,,,,,,,,,,,,,
MC Juneja,2013-2013,1,1,0,8,8,8,9,88.88,0,0,0,1,0
(Delhi Daredevils),,,,,,,,,,,,,,
Rasikh Salam,2024-2025,2,1,0,8,8,8,10,80,0,0,0,1,0
"(Delhi Capitals, Royal Challengers Bengaluru)",,,,,,,,,,,,,,
AC Voges,2010-2010,1,1,0,8,8,8,7,114.28,0,0,0,1,0
(Rajasthan Royals),,,,,,,,,,,,,,
S Chanderpaul,2008-2008,1,1,0,7,7,7,11,63.63,0,0,0,1,0
(Royal Challengers Bangalore),,,,,,,,,,,,,,
SMSM Senanayake,2013-2013,5,2,2,7,7*,-,14,50,0,0,0,0,0
(Kolkata Knight Riders),,,,,,,,,,,,,,
PC Valthaty,2011-2011,1,1,0,7,7,7,8,87.5,0,0,0,1,0
(Kings XI Punjab),,,,,,,,,,,,,,
GH Vihari,2013-2015,2,2,0,7,6,3.5,14,50,0,0,0,0,0
(Sunrisers Hyderabad),,,,,,,,,,,,,,
BA Bhatt,2011-2013,3,1,1,6,6*,-,2,300,0,0,0,0,1
(Kings XI Punjab),,,,,,,,,,,,,,
C Green,2024-2024,1,1,0,6,6,6,4,150,0,0,0,0,1
(Royal Challengers Bengaluru),,,,,,,,,,,,,,
SD Hope,2024-2024,1,1,0,6,6,6,3,200,0,0,0,0,1
(Delhi Capitals),,,,,,,,,,,,,,
AS Roy,2023-2024,2,1,1,6,6*,-,6,100,0,0,0,0,0
(Kolkata Knight Riders),,,,,,,,,,,,,,
SB Styris,2008-2008,1,1,0,6,6,6,7,85.71,0,0,0,1,0
(Deccan Chargers),,,,,,,,,,,,,,
LRPL Taylor,2011-2011,1,1,0,6,6,6,9,66.66,0,0,0,0,0
(Rajasthan Royals),,,,,,,,,,,,,,
AU Verma,2025-2025,1,1,0,6,6,6,6,100,0,0,0,1,0
(Sunrisers Hyderabad),,,,,,,,,,,,,,
SK Warne,2008-2011,3,2,2,6,3*,-,10,60,0,0,0,0,0
(Rajasthan Royals),,,,,,,,,,,,,,
AN Ahmed,2011-2015,3,1,1,5,5*,-,2,250,0,0,0,1,0
"(Mumbai Indians, Royal Challengers Bangalore)",,,,,,,,,,,,,,
S Aravind,2011-2017,3,1,1,5,5*,-,4,125,0,0,0,1,0
(Royal Challengers Bangalore),,,,,,,,,,,,,,
Arshad Khan,2024-2024,1,1,0,5,5,5,4,125,0,0,0,1,0
(Lucknow Super Giants),,,,,,,,,,,,,,
SA Asnodkar,2008-2008,1,1,0,5,5,5,3,166.66,0,0,0,1,0
(Rajasthan Royals),,,,,,,,,,,,,,
TA Boult,2017-2024,7,4,2,5,5*,2.5,11,45.45,0,0,2,0,0
"(Delhi Daredevils, Kolkata Knight Riders, Rajasthan Royals)",,,,,,,,,,,,,,
JP Faulkner,2013-2017,3,2,1,5,4*,5,6,83.33,0,0,0,0,0
"(Gujarat Lions, Rajasthan Royals)",,,,,,,,,,,,,,
GB Hogg,2012-2016,10,1,0,5,5,5,5,100,0,0,0,0,0
"(Kolkata Knight Riders, Rajasthan Royals)",,,,,,,,,,,,,,
BB Sran,2016-2019,3,2,2,5,3*,-,5,100,0,0,0,0,0
"(Kings XI Punjab, Mumbai Indians, Sunrisers Hyderabad)",,,,,,,,,,,,,,
VR Aaron,2015-2019,3,1,0,4,4,4,5,80,0,0,0,0,0
"(Kings XI Punjab, Rajasthan Royals, Royal Challengers Bangalore)",,,,,,,,,,,,,,
A Ashish Reddy,2013-2013,1,1,0,4,4,4,5,80,0,0,0,0,0
(Sunrisers Hyderabad),,,,,,,,,,,,,,
KK Cooper,2013-2013,1,1,0,4,4,4,2,200,0,0,0,1,0
(Rajasthan Royals),,,,,,,,,,,,,,
SM Curran,2023-2024,2,1,0,4,4,4,9,44.44,0,0,0,0,0
(Punjab Kings),,,,,,,,,,,,,,
TM Head,2025-2025,1,1,0,4,4,4,2,200,0,0,0,1,0
(Sunrisers Hyderabad),,,,,,,,,,,,,,
SO Hetmyer,2022-2024,3,2,0,4,4,2,8,50,0,0,1,0,0
(Rajasthan Royals),,,,,,,,,,,,,,
M Jansen,2023-2025,3,2,1,4,3,4,8,50,0,0,0,0,0
"(Punjab Kings, Sunrisers Hyderabad)",,,,,,,,,,,,,,
Z Khan,2008-2017,6,1,0,4,4,4,9,44.44,0,0,0,1,0
"(Delhi Daredevils, Royal Challengers Bangalore)",,,,,,,,,,,,,,
T Stubbs,2024-2024,1,1,0,4,4,4,7,57.14,0,0,0,0,0
(Delhi Capitals),,,,,,,,,,,,,,
SK Trivedi,2008-2013,6,2,0,4,4,2,4,100,0,0,1,1,0
(Rajasthan Royals),,,,,,,,,,,,,,
S Anirudha,2012-2014,2,1,0,3,3,3,5,60,0,0,0,0,0
"(Chennai Super Kings, Sunrisers Hyderabad)",,,,,,,,,,,,,,
Anureet Singh,2015-2018,2,1,1,3,3*,-,4,75,0,0,0,0,0
"(Kings XI Punjab, Rajasthan Royals)",,,,,,,,,,,,,,
IR Jaggi,2011-2011,1,1,0,3,3,3,9,33.33,0,0,0,0,0
(Deccan Chargers),,,,,,,,,,,,,,
VY Mahesh,2008-2008,1,1,0,3,3,3,6,50,0,0,0,0,0
(Delhi Daredevils),,,,,,,,,,,,,,
RR Powar,2008-2011,3,1,1,3,3*,-,6,50,0,0,0,0,0
"(Kings XI Punjab, Kochi Tuskers Kerala)",,,,,,,,,,,,,,
KS Sharma,2023-2023,1,1,0,3,3,3,5,60,0,0,0,0,0
(Lucknow Super Giants),,,,,,,,,,,,,,
N Wadhera,2024-2025,2,1,0,3,3,3,3,100,0,0,0,0,0
"(Mumbai Indians, Punjab Kings)",,,,,,,,,,,,,,
Azhar Mahmood,2013-2013,1,1,0,2,2,2,7,28.57,0,0,0,0,0
(Kings XI Punjab),,,,,,,,,,,,,,
PD Collingwood,2010-2010,1,1,0,2,2,2,3,66.66,0,0,0,0,0
(Delhi Daredevils),,,,,,,,,,,,,,
RS Gavaskar,2010-2010,2,1,0,2,2,2,8,25,0,0,0,0,0
(Kolkata Knight Riders),,,,,,,,,,,,,,
DC Jurel,2023-2024,2,1,0,2,2,2,4,50,0,0,0,0,0
(Rajasthan Royals),,,,,,,,,,,,,,
A Kamboj,2024-2024,1,1,1,2,2*,-,2,100,0,0,0,0,0
(Mumbai Indians),,,,,,,,,,,,,,
TS Mills,2017-2017,1,1,0,2,2,2,5,40,0,0,0,0,0
(Royal Challengers Bangalore),,,,,,,,,,,,,,
RG More,2015-2015,1,1,1,2,2*,-,2,100,0,0,0,0,0
(Chennai Super Kings),,,,,,,,,,,,,,
Naveen-ul-Haq,2023-2023,1,1,1,2,2*,-,3,66.66,0,0,0,0,0
(Lucknow Super Giants),,,,,,,,,,,,,,
Ravi Bishnoi,2022-2025,4,1,0,2,2,2,2,100,0,0,0,0,0
(Lucknow Super Giants),,,,,,,,,,,,,,
JPR Scantlebury-Searles,2018-2018,2,1,0,2,2,2,5,40,0,0,0,0,0
(Kolkata Knight Riders),,,,,,,,,,,,,,
SA Abbott,2015-2015,1,1,0,1,1,1,4,25,0,0,0,0,0
(Royal Challengers Bangalore),,,,,,,,,,,,,,
Anuj Rawat,2023-2023,1,1,0,1,1,1,5,20,0,0,0,0,0
(Royal Challengers Bangalore),,,,,,,,,,,,,,
VG Arora,2023-2025,11,1,1,1,1*,-,1,100,0,0,0,0,0
(Kolkata Knight Riders),,,,,,,,,,,,,,
SE Bond,2010-2010,5,1,0,1,1,1,2,50,0,0,0,0,0
(Kolkata Knight Riders),,,,,,,,,,,,,,
RD Chahar,2019-2024,3,1,1,1,1*,-,1,100,0,0,0,0,0
"(Mumbai Indians, Punjab Kings)",,,,,,,,,,,,,,
MJ Clarke,2012-2012,1,1,0,1,1,1,2,50,0,0,0,0,0
(Pune Warriors),,,,,,,,,,,,,,
LH Ferguson,2019-2024,5,1,0,1,1,1,1,100,0,0,0,0,0
"(Kolkata Knight Riders, Royal Challengers Bengaluru)",,,,,,,,,,,,,,
ML Hayden,2010-2010,1,1,0,1,1,1,8,12.5,0,0,0,0,0
(Chennai Super Kings),,,,,,,,,,,,,,
SH Johnson,2025-2025,2,1,1,1,1*,-,1,100,0,0,0,0,0
(Kolkata Knight Riders),,,,,,,,,,,,,,
Karanveer Singh,2014-2014,1,1,1,1,1*,-,1,100,0,0,0,0,0
(Kings XI Punjab),,,,,,,,,,,,,,
K Kushagra,2024-2024,1,1,0,1,1,1,3,33.33,0,0,0,0,0
(Delhi Capitals),,,,,,,,,,,,,,
M Manhas,2012-2014,2,1,0,1,1,1,3,33.33,0,0,0,0,0
"(Chennai Super Kings, Pune Warriors)",,,,,,,,,,,,,,
A Nehra,2008-2017,5,2,1,1,1*,1,5,20,0,0,1,0,0
"(Chennai Super Kings, Delhi Daredevils, Mumbai Indians, Sunrisers Hyderabad)",,,,,,,,,,,,,,
PP Ojha,2008-2015,8,2,1,1,1*,1,1,100,0,0,1,0,0
"(Deccan Chargers, Mumbai Indians)",,,,,,,,,,,,,,
WD Parnell,2012-2012,1,1,0,1,1,1,2,50,0,0,0,0,0
(Pune Warriors),,,,,,,,,,,,,,
M Prasidh Krishna,2018-2025,12,2,2,1,1*,-,5,20,0,0,0,0,0
"(Gujarat Titans, Kolkata Knight Riders, Rajasthan Royals)",,,,,,,,,,,,,,
Sandeep Sharma,2015-2023,5,2,2,1,1*,-,1,100,0,0,0,0,0
"(Kings XI Punjab, Rajasthan Royals, Sunrisers Hyderabad)",,,,,,,,,,,,,,
RP Singh,2008-2011,2,1,1,1,1*,-,2,50,0,0,0,0,0
"(Deccan Chargers, Kochi Tuskers Kerala)",,,,,,,,,,,,,,
IS Sodhi,2018-2018,2,1,0,1,1,1,6,16.66,0,0,0,0,0
(Rajasthan Royals),,,,,,,,,,,,,,
TM Srivastava,2008-2008,1,1,1,1,1*,-,1,100,0,0,0,0,0
(Kings XI Punjab),,,,,,,,,,,,,,
R Tewatia,2018-2025,5,2,0,1,1,0.5,4,25,0,0,1,0,0
"(Delhi Capitals, Delhi Daredevils, Gujarat Titans)",,,,,,,,,,,,,,
RE van der Merwe,2010-2012,2,1,0,1,1,1,2,50,0,0,0,0,0
"(Delhi Daredevils, Royal Challengers Bangalore)",,,,,,,,,,,,,,
Washington Sundar,2017-2025,4,2,2,1,1*,-,3,33.33,0,0,0,0,0
"(Gujarat Titans, Rising Pune Supergiant, Royal Challengers Bangalore, Sunrisers Hyderabad)",,,,,,,,,,,,,,
LB Williams,2024-2024,1,1,1,1,1*,-,2,50,0,0,0,0,0
(Delhi Capitals),,,,,,,,,,,,,,
Avesh Khan,2022-2025,3,1,1,0,0*,-,0,-,0,0,0,0,0
"(Lucknow Super Giants, Rajasthan Royals)",,,,,,,,,,,,,,
S Badree,2017-2017,1,1,0,0,0,0,3,0,0,0,1,0,0
(Royal Challengers Bangalore),,,,,,,,,,,,,,
YS Chahal,2013-2025,11,1,0,0,0,0,2,0,0,0,1,0,0
"(Mumbai Indians, Punjab Kings, Rajasthan Royals, Royal Challengers Bangalore)",,,,,,,,,,,,,,
UBT Chand,2013-2013,1,1,0,0,0,0,1,0,0,0,1,0,0
(Delhi Daredevils),,,,,,,,,,,,,,
TH David,2024-2025,2,1,0,0,0,0,3,0,0,0,1,0,0
"(Mumbai Indians, Royal Challengers Bengaluru)",,,,,,,,,,,,,,
JL Denly,2019-2019,1,1,0,0,0,0,1,0,0,0,1,0,0
(Kolkata Knight Riders),,,,,,,,,,,,,,
Kamran Khan,2010-2010,1,1,1,0,0*,-,0,-,0,0,0,0,0
(Rajasthan Royals),,,,,,,,,,,,,,
VVS Laxman,2008-2008,1,1,0,0,0,0,6,0,0,0,1,0,0
(Deccan Chargers),,,,,,,,,,,,,,
GD McGrath,2008-2008,1,1,1,0,0*,-,0,-,0,0,0,0,0
(Delhi Daredevils),,,,,,,,,,,,,,
R McLaren,2010-2010,1,1,1,0,0*,-,2,0,0,0,0,0,0
(Mumbai Indians),,,,,,,,,,,,,,
SL Malinga,2011-2019,8,1,0,0,0,0,2,0,0,0,1,0,0
(Mumbai Indians),,,,,,,,,,,,,,
AD Mascarenhas,2012-2012,1,1,0,0,0,0,1,0,0,0,1,0,0
(Kings XI Punjab),,,,,,,,,,,,,,
Mohammed Siraj,2019-2025,5,1,1,0,0*,-,0,-,0,0,0,0,0
"(Gujarat Titans, Royal Challengers Bangalore, Royal Challengers Bengaluru)",,,,,,,,,,,,,,
M Morkel,2012-2016,10,1,1,0,0*,-,0,-,0,0,0,0,0
"(Delhi Daredevils, Kolkata Knight Riders)",,,,,,,,,,,,,,
AM Nayar,2008-2011,2,1,0,0,0,0,2,0,0,0,1,0,0
"(Kings XI Punjab, Mumbai Indians)",,,,,,,,,,,,,,
Parvez Rasool,2014-2014,1,1,1,0,0*,-,0,-,0,0,0,0,0
(Sunrisers Hyderabad),,,,,,,,,,,,,,
PBB Rajapaksa,2023-2023,1,1,0,0,0,0,3,0,0,0,1,0,0
(Punjab Kings),,,,,,,,,,,,,,
PJ Sangwan,2008-2010,2,1,0,0,0,0,1,0,0,0,1,0,0
(Delhi Daredevils),,,,,,,,,,,,,,
Simarjeet Singh,2025-2025,1,1,0,0,0,0,1,0,0,0,1,0,0
(Sunrisers Hyderabad),,,,,,,,,,,,,,
A Singh,2011-2012,2,1,0,0,0,0,2,0,0,0,1,0,0
(Rajasthan Royals),,,,,,,,,,,,,,
Swapnil Singh,2016-2016,1,1,0,0,0,0,1,0,0,0,1,0,0
(Kings XI Punjab),,,,,,,,,,,,,,
SW Tait,2011-2011,1,1,0,0,0,0,1,0,0,0,1,0,0
(Rajasthan Royals),,,,,,,,,,,,,,
WPUJC Vaas,2008-2008,1,1,0,0,0,0,1,0,0,0,1,0,0
(Deccan Chargers),,,,,,,,,,,,,,
CV Varun,2019-2025,20,1,1,0,0*,-,3,0,0,0,0,0,0
"(Kings XI Punjab, Kolkata Knight Riders)",,,,,,,,,,,,,,
S Ladda,2013-2013,1,-,-,-,-,-,-,-,-,-,-,-,-
(Kolkata Knight Riders),,,,,,,,,,,,,,
KK Ahmed,2018-2024,2,-,-,-,-,-,-,-,-,-,-,-,-
"(Delhi Capitals, Sunrisers Hyderabad)",,,,,,,,,,,,,,
Akash Singh,2023-2023,1,-,-,-,-,-,-,-,-,-,-,-,-
(Chennai Super Kings),,,,,,,,,,,,,,
KP Appanna,2012-2012,1,-,-,-,-,-,-,-,-,-,-,-,-
(Royal Challengers Bangalore),,,,,,,,,,,,,,
Arshdeep Singh,2023-2025,3,-,-,-,-,-,-,-,-,-,-,-,-
(Punjab Kings),,,,,,,,,,,,,,
M Ashwin,2016-2016,1,-,-,-,-,-,-,-,-,-,-,-,-
(Rising Pune Supergiants),,,,,,,,,,,,,,
KM Asif,2018-2023,2,-,-,-,-,-,-,-,-,-,-,-,-
"(Chennai Super Kings, Rajasthan Royals)",,,,,,,,,,,,,,
P Awana,2014-2014,1,-,-,-,-,-,-,-,-,-,-,-,-
(Kings XI Punjab),,,,,,,,,,,,,,
Azmatullah Omarzai,2025-2025,1,-,-,-,-,-,-,-,-,-,-,-,-
(Punjab Kings),,,,,,,,,,,,,,
Basil Thampi,2017-2017,1,-,-,-,-,-,-,-,-,-,-,-,-
(Gujarat Lions),,,,,,,,,,,,,,
DE Bollinger,2011-2011,1,-,-,-,-,-,-,-,-,-,-,-,-
(Chennai Super Kings),,,,,,,,,,,,,,
RS Bopara,2010-2010,1,-,-,-,-,-,-,-,-,-,-,-,-
(Kings XI Punjab),,,,,,,,,,,,,,
JJ Bumrah,2015-2024,5,-,-,-,-,-,-,-,-,-,-,-,-
(Mumbai Indians),,,,,,,,,,,,,,
KC Cariappa,2015-2015,1,-,-,-,-,-,-,-,-,-,-,-,-
(Kolkata Knight Riders),,,,,,,,,,,,,,
DL Chahar,2019-2019,1,-,-,-,-,-,-,-,-,-,-,-,-
(Chennai Super Kings),,,,,,,,,,,,,,
AA Chavan,2012-2013,2,-,-,-,-,-,-,-,-,-,-,-,-
(Rajasthan Royals),,,,,,,,,,,,,,
M de Lange,2012-2012,3,-,-,-,-,-,-,-,-,-,-,-,-
(Kolkata Knight Riders),,,,,,,,,,,,,,
TU Deshpande,2023-2023,1,-,-,-,-,-,-,-,-,-,-,-,-
(Chennai Super Kings),,,,,,,,,,,,,,
AB Dinda,2008-2016,13,-,-,-,-,-,-,-,-,-,-,-,-
"(Kolkata Knight Riders, Pune Warriors, Rising Pune Supergiants, Royal Challengers Bangalore)",,,,,,,,,,,,,,
NT Ellis,2023-2023,1,-,-,-,-,-,-,-,-,-,-,-,-
(Punjab Kings),,,,,,,,,,,,,,
CRD Fernando,2008-2010,2,-,-,-,-,-,-,-,-,-,-,-,-
(Mumbai Indians),,,,,,,,,,,,,,
MS Gony,2008-2010,2,-,-,-,-,-,-,-,-,-,-,-,-
(Chennai Super Kings),,,,,,,,,,,,,,
HF Gurney,2019-2019,3,-,-,-,-,-,-,-,-,-,-,-,-
(Kolkata Knight Riders),,,,,,,,,,,,,,
RJ Harris,2011-2011,1,-,-,-,-,-,-,-,-,-,-,-,-
(Kings XI Punjab),,,,,,,,,,,,,,
PW Hasaranga,2022-2022,1,-,-,-,-,-,-,-,-,-,-,-,-
(Royal Challengers Bangalore),,,,,,,,,,,,,,
JW Hastings,2016-2016,2,-,-,-,-,-,-,-,-,-,-,-,-
(Kolkata Knight Riders),,,,,,,,,,,,,,
JR Hazlewood,2022-2025,2,-,-,-,-,-,-,-,-,-,-,-,-
"(Royal Challengers Bangalore, Royal Challengers Bengaluru)",,,,,,,,,,,,,,
BE Hendricks,2015-2015,1,-,-,-,-,-,-,-,-,-,-,-,-
(Kings XI Punjab),,,,,,,,,,,,,,
BW Hilfenhaus,2012-2014,2,-,-,-,-,-,-,-,-,-,-,-,-
(Chennai Super Kings),,,,,,,,,,,,,,
Imran Tahir,2015-2019,3,-,-,-,-,-,-,-,-,-,-,-,-
"(Chennai Super Kings, Delhi Daredevils, Rising Pune Supergiant)",,,,,,,,,,,,,,
SB Jakati,2011-2012,2,-,-,-,-,-,-,-,-,-,-,-,-
(Chennai Super Kings),,,,,,,,,,,,,,
Jaskaran Singh,2010-2010,1,-,-,-,-,-,-,-,-,-,-,-,-
(Deccan Chargers),,,,,,,,,,,,,,
CJ Jordan,2016-2016,1,-,-,-,-,-,-,-,-,-,-,-,-
(Royal Challengers Bangalore),,,,,,,,,,,,,,
AS Joseph,2022-2022,1,-,-,-,-,-,-,-,-,-,-,-,-
(Gujarat Titans),,,,,,,,,,,,,,
S Joseph,2024-2024,1,-,-,-,-,-,-,-,-,-,-,-,-
(Lucknow Super Giants),,,,,,,,,,,,,,
S Randiv,2011-2011,1,-,-,-,-,-,-,-,-,-,-,-,-
(Chennai Super Kings),,,,,,,,,,,,,,
S Kaul,2018-2019,3,-,-,-,-,-,-,-,-,-,-,-,-
(Sunrisers Hyderabad),,,,,,,,,,,,,,
S Kaushik,2016-2016,1,-,-,-,-,-,-,-,-,-,-,-,-
(Gujarat Lions),,,,,,,,,,,,,,
JM Kemp,2010-2010,1,-,-,-,-,-,-,-,-,-,-,-,-
(Chennai Super Kings),,,,,,,,,,,,,,
K Khejroliya,2018-2023,2,-,-,-,-,-,-,-,-,-,-,-,-
"(Kolkata Knight Riders, Royal Challengers Bangalore)",,,,,,,,,,,,,,
DS Kulkarni,2008-2017,3,-,-,-,-,-,-,-,-,-,-,-,-
"(Gujarat Lions, Mumbai Indians)",,,,,,,,,,,,,,
A Kumble,2008-2010,2,-,-,-,-,-,-,-,-,-,-,-,-
(Royal Challengers Bangalore),,,,,,,,,,,,,,
CK Langeveldt,2010-2010,1,-,-,-,-,-,-,-,-,-,-,-,-
(Kolkata Knight Riders),,,,,,,,,,,,,,
B Laughlin,2018-2018,1,-,-,-,-,-,-,-,-,-,-,-,-
(Rajasthan Royals),,,,,,,,,,,,,,
JB Little,2023-2023,1,-,-,-,-,-,-,-,-,-,-,-,-
(Gujarat Titans),,,,,,,,,,,,,,
OC McCoy,2022-2022,1,-,-,-,-,-,-,-,-,-,-,-,-
(Rajasthan Royals),,,,,,,,,,,,,,
VS Malik,2013-2013,1,-,-,-,-,-,-,-,-,-,-,-,-
(Rajasthan Royals),,,,,,,,,,,,,,
A Manohar,2023-2023,1,-,-,-,-,-,-,-,-,-,-,-,-
(Gujarat Titans),,,,,,,,,,,,,,
M Markande,2018-2024,3,-,-,-,-,-,-,-,-,-,-,-,-
"(Mumbai Indians, Sunrisers Hyderabad)",,,,,,,,,,,,,,
BAW Mendis,2008-2010,2,-,-,-,-,-,-,-,-,-,-,-,-
(Kolkata Knight Riders),,,,,,,,,,,,,,
Mohsin Khan,2022-2024,3,-,-,-,-,-,-,-,-,-,-,-,-
(Lucknow Super Giants),,,,,,,,,,,,,,
Mujeeb Ur Rahman,2018-2018,1,-,-,-,-,-,-,-,-,-,-,-,-
(Kings XI Punjab),,,,,,,,,,,,,,
M Muralidaran,2008-2014,4,-,-,-,-,-,-,-,-,-,-,-,-
"(Chennai Super Kings, Kochi Tuskers Kerala, Royal Challengers Bangalore)",,,,,,,,,,,,,,
AG Murtaza,2010-2010,1,-,-,-,-,-,-,-,-,-,-,-,-
(Mumbai Indians),,,,,,,,,,,,,,
Mustafizur Rahman,2016-2016,1,-,-,-,-,-,-,-,-,-,-,-,-
(Sunrisers Hyderabad),,,,,,,,,,,,,,
Y Nagar,2012-2012,1,-,-,-,-,-,-,-,-,-,-,-,-
(Delhi Daredevils),,,,,,,,,,,,,,
S Narwal,2013-2013,1,-,-,-,-,-,-,-,-,-,-,-,-
(Kolkata Knight Riders),,,,,,,,,,,,,,
T Natarajan,2023-2024,2,-,-,-,-,-,-,-,-,-,-,-,-
(Sunrisers Hyderabad),,,,,,,,,,,,,,
L Ngidi,2018-2018,1,-,-,-,-,-,-,-,-,-,-,-,-
(Chennai Super Kings),,,,,,,,,,,,,,
Noor Ahmad,2023-2023,1,-,-,-,-,-,-,-,-,-,-,-,-
(Gujarat Titans),,,,,,,,,,,,,,
M Ntini,2008-2008,1,-,-,-,-,-,-,-,-,-,-,-,-
(Chennai Super Kings),,,,,,,,,,,,,,
IC Pandey,2014-2014,1,-,-,-,-,-,-,-,-,-,-,-,-
(Chennai Super Kings),,,,,,,,,,,,,,
MB Parmar,2010-2010,1,-,-,-,-,-,-,-,-,-,-,-,-
(Kolkata Knight Riders),,,,,,,,,,,,,,
MM Patel,2008-2012,2,-,-,-,-,-,-,-,-,-,-,-,-
"(Mumbai Indians, Rajasthan Royals)",,,,,,,,,,,,,,
AUK Pathan,2011-2011,1,-,-,-,-,-,-,-,-,-,-,-,-
(Royal Challengers Bangalore),,,,,,,,,,,,,,
M Pathirana,2023-2023,1,-,-,-,-,-,-,-,-,-,-,-,-
(Chennai Super Kings),,,,,,,,,,,,,,
KMA Paul,2019-2019,1,-,-,-,-,-,-,-,-,-,-,-,-
(Delhi Capitals),,,,,,,,,,,,,,
SM Pollock,2008-2008,1,-,-,-,-,-,-,-,-,-,-,-,-
(Mumbai Indians),,,,,,,,,,,,,,
RW Price,2011-2011,1,-,-,-,-,-,-,-,-,-,-,-,-
(Mumbai Indians),,,,,,,,,,,,,,
Y Prithvi Raj,2019-2019,1,-,-,-,-,-,-,-,-,-,-,-,-
(Kolkata Knight Riders),,,,,,,,,,,,,,
K Rabada,2017-2024,3,-,-,-,-,-,-,-,-,-,-,-,-
"(Delhi Capitals, Delhi Daredevils, Punjab Kings)",,,,,,,,,,,,,,
AS Rajpoot,2016-2018,5,-,-,-,-,-,-,-,-,-,-,-,-
"(Kings XI Punjab, Kolkata Knight Riders)",,,,,,,,,,,,,,
DS Rathi,2025-2025,1,-,-,-,-,-,-,-,-,-,-,-,-
(Lucknow Super Giants),,,,,,,,,,,,,,
M Rawat,2008-2008,1,-,-,-,-,-,-,-,-,-,-,-,-
(Rajasthan Royals),,,,,,,,,,,,,,
KAJ Roach,2010-2010,1,-,-,-,-,-,-,-,-,-,-,-,-
(Deccan Chargers),,,,,,,,,,,,,,
JE Root,2023-2023,1,-,-,-,-,-,-,-,-,-,-,-,-
(Rajasthan Royals),,,,,,,,,,,,,,
SE Rutherford,2025-2025,1,-,-,-,-,-,-,-,-,-,-,-,-
(Gujarat Titans),,,,,,,,,,,,,,
Sachin Baby,2016-2016,1,-,-,-,-,-,-,-,-,-,-,-,-
(Royal Challengers Bangalore),,,,,,,,,,,,,,
NA Saini,2019-2019,1,-,-,-,-,-,-,-,-,-,-,-,-
(Royal Challengers Bangalore),,,,,,,,,,,,,,
R Sai Kishore,2022-2025,2,-,-,-,-,-,-,-,-,-,-,-,-
(Gujarat Titans),,,,,,,,,,,,,,
C Sakariya,2025-2025,1,-,-,-,-,-,-,-,-,-,-,-,-
(Kolkata Knight Riders),,,,,,,,,,,,,,
S Sandeep Warrier,2019-2019,1,-,-,-,-,-,-,-,-,-,-,-,-
(Kolkata Knight Riders),,,,,,,,,,,,,,
MJ Santner,2019-2019,1,-,-,-,-,-,-,-,-,-,-,-,-
(Chennai Super Kings),,,,,,,,,,,,,,
KR Sen,2024-2024,1,-,-,-,-,-,-,-,-,-,-,-,-
(Rajasthan Royals),,,,,,,,,,,,,,
PR Shah,2008-2008,1,-,-,-,-,-,-,-,-,-,-,-,-
(Mumbai Indians),,,,,,,,,,,,,,
AR Sharma,2024-2024,1,-,-,-,-,-,-,-,-,-,-,-,-
(Punjab Kings),,,,,,,,,,,,,,
Shoaib Akhtar,2008-2008,2,-,-,-,-,-,-,-,-,-,-,-,-
(Kolkata Knight Riders),,,,,,,,,,,,,,
VRV Singh,2008-2008,1,-,-,-,-,-,-,-,-,-,-,-,-
(Kings XI Punjab),,,,,,,,,,,,,,
TG Southee,2016-2023,3,-,-,-,-,-,-,-,-,-,-,-,-
"(Kolkata Knight Riders, Mumbai Indians)",,,,,,,,,,,,,,
S Sreesanth,2008-2008,1,-,-,-,-,-,-,-,-,-,-,-,-
(Kings XI Punjab),,,,,,,,,,,,,,
SJ Srivastava,2010-2010,1,-,-,-,-,-,-,-,-,-,-,-,-
(Kings XI Punjab),,,,,,,,,,,,,,
B Stanlake,2018-2018,1,-,-,-,-,-,-,-,-,-,-,-,-
(Sunrisers Hyderabad),,,,,,,,,,,,,,
J Suchith,2015-2016,2,-,-,-,-,-,-,-,-,-,-,-,-
(Mumbai Indians),,,,,,,,,,,,,,
Suyash Sharma,2023-2025,10,-,-,-,-,-,-,-,-,-,-,-,-
"(Kolkata Knight Riders, Royal Challengers Bengaluru)",,,,,,,,,,,,,,
J Syed Mohammad,2011-2011,1,-,-,-,-,-,-,-,-,-,-,-,-
(Royal Challengers Bangalore),,,,,,,,,,,,,,
PV Tambe,2016-2016,1,-,-,-,-,-,-,-,-,-,-,-,-
(Gujarat Lions),,,,,,,,,,,,,,
Yash Thakur,2023-2024,2,-,-,-,-,-,-,-,-,-,-,-,-
(Lucknow Super Giants),,,,,,,,,,,,,,
M Theekshana,2023-2023,1,-,-,-,-,-,-,-,-,-,-,-,-
(Chennai Super Kings),,,,,,,,,,,,,,
J Theron,2010-2010,1,-,-,-,-,-,-,-,-,-,-,-,-
(Kings XI Punjab),,,,,,,,,,,,,,
O Thomas,2019-2019,1,-,-,-,-,-,-,-,-,-,-,-,-
(Rajasthan Royals),,,,,,,,,,,,,,
N Thushara,2024-2024,1,-,-,-,-,-,-,-,-,-,-,-,-
(Mumbai Indians),,,,,,,,,,,,,,
AJ Tye,2018-2019,2,-,-,-,-,-,-,-,-,-,-,-,-
(Kings XI Punjab),,,,,,,,,,,,,,
Umran Malik,2023-2023,1,-,-,-,-,-,-,-,-,-,-,-,-
(Sunrisers Hyderabad),,,,,,,,,,,,,,
S Vidyut,2008-2008,1,-,-,-,-,-,-,-,-,-,-,-,-
(Chennai Super Kings),,,,,,,,,,,,,,
GC Viljoen,2019-2019,1,-,-,-,-,-,-,-,-,-,-,-,-
(Kings XI Punjab),,,,,,,,,,,,,,
Yash Dayal,2022-2025,3,-,-,-,-,-,-,-,-,-,-,-,-
"(Gujarat Titans, Royal Challengers Bengaluru)",,,,,,,,,,,,,,
A Zampa,2016-2016,1,-,-,-,-,-,-,-,-,-,-,-,-
(Rising Pune Supergiants),,,,,,,,,,,,,,
Zeeshan Ansari,2025-2025,1,-,-,-,-,-,-,-,-,-,-,-,-
(Sunrisers Hyderabad),,,,,,,,,,,,,,
,,,,,,,,,,,,,,
,,,,,venue Hyderabad,,,,,,,,,
Player,Span,Mat,Inns,NO,Runs,HS,Ave,BF,SR,100,50,0,4s,6s
DA Warner,2012-2023,32,32,7,1623,126,64.92,1011,160.53,3,15,1,151,72
"(Delhi Capitals, Delhi Daredevils, Sunrisers Hyderabad)",,,,,,,,,,,,,,
S Dhawan,2008-2023,47,47,7,1477,99*,36.92,1189,124.22,0,10,0,166,33
"(Deccan Chargers, Delhi Capitals, Delhi Daredevils, Punjab Kings, Sunrisers Hyderabad)",,,,,,,,,,,,,,
H Klaasen,2023-2025,17,15,4,614,104,55.81,336,182.73,1,2,0,50,34
(Sunrisers Hyderabad),,,,,,,,,,,,,,
RG Sharma,2008-2025,19,19,4,590,76*,39.33,411,143.55,0,5,0,62,24
"(Deccan Chargers, Mumbai Indians)",,,,,,,,,,,,,,
Abhishek Sharma,2019-2025,19,19,2,521,141,30.64,255,204.31,1,3,1,51,37
(Sunrisers Hyderabad),,,,,,,,,,,,,,
KS Williamson,2016-2019,18,18,3,508,89,33.86,367,138.41,0,4,1,41,18
(Sunrisers Hyderabad),,,,,,,,,,,,,,
V Kohli,2008-2024,11,11,1,486,100,48.6,363,133.88,1,3,0,43,19
"(Royal Challengers Bangalore, Royal Challengers Bengaluru)",,,,,,,,,,,,,,
TM Head,2017-2025,12,12,1,459,89*,41.72,253,181.42,0,5,2,54,24
"(Royal Challengers Bangalore, Sunrisers Hyderabad)",,,,,,,,,,,,,,
MC Henriques,2013-2017,21,19,4,409,57,27.26,324,126.23,0,3,2,39,12
"(Royal Challengers Bangalore, Sunrisers Hyderabad)",,,,,,,,,,,,,,
JM Bairstow,2019-2019,6,6,2,357,114,89.25,212,168.39,1,2,0,36,16
(Sunrisers Hyderabad),,,,,,,,,,,,,,
SV Samson,2013-2025,8,8,2,353,102*,58.83,235,150.21,1,2,1,28,16
"(Delhi Daredevils, Rajasthan Royals)",,,,,,,,,,,,,,
MK Pandey,2011-2023,17,15,1,352,54,25.14,327,107.64,0,1,1,25,6
"(Delhi Capitals, Kolkata Knight Riders, Pune Warriors, Sunrisers Hyderabad)",,,,,,,,,,,,,,
YK Pathan,2008-2019,18,15,8,351,61,50.14,229,153.27,0,1,1,20,22
"(Kolkata Knight Riders, Rajasthan Royals, Sunrisers Hyderabad)",,,,,,,,,,,,,,
NV Ojha,2011-2018,25,18,5,343,79*,26.38,257,133.46,0,2,1,17,23
"(Delhi Daredevils, Sunrisers Hyderabad)",,,,,,,,,,,,,,
PA Patel,2008-2019,18,18,3,314,51*,20.93,276,113.76,0,1,0,42,3
"(Chennai Super Kings, Deccan Chargers, Mumbai Indians, Royal Challengers Bangalore, Sunrisers Hyderabad)",,,,,,,,,,,,,,
AT Rayudu,2011-2019,9,8,2,280,79,46.66,207,135.26,0,3,0,26,8
"(Chennai Super Kings, Mumbai Indians)",,,,,,,,,,,,,,
SK Raina,2008-2019,8,8,3,276,99*,55.2,198,139.39,0,3,0,24,12
"(Chennai Super Kings, Gujarat Lions)",,,,,,,,,,,,,,
KL Rahul,2014-2024,10,8,1,257,79,36.71,205,125.36,0,2,0,21,9
"(Kings XI Punjab, Lucknow Super Giants, Royal Challengers Bangalore, Sunrisers Hyderabad)",,,,,,,,,,,,,,
Ishan Kishan,2018-2025,10,10,2,254,106*,31.75,172,147.67,1,0,1,26,12
"(Mumbai Indians, Sunrisers Hyderabad)",,,,,,,,,,,,,,
JP Duminy,2011-2016,9,8,1,250,74,35.71,202,123.76,0,2,0,12,11
"(Deccan Chargers, Delhi Daredevils)",,,,,,,,,,,,,,
KC Sangakkara,2008-2013,16,16,0,250,44,15.62,249,100.4,0,0,2,28,1
"(Deccan Chargers, Kings XI Punjab, Sunrisers Hyderabad)",,,,,,,,,,,,,,
AK Markram,2023-2025,10,10,2,249,50,31.12,199,125.12,0,1,0,20,4
"(Lucknow Super Giants, Sunrisers Hyderabad)",,,,,,,,,,,,,,
MA Agarwal,2011-2024,12,12,0,247,49,20.58,212,116.5,0,0,0,26,3
"(Delhi Daredevils, Kings XI Punjab, Royal Challengers Bangalore, Sunrisers Hyderabad)",,,,,,,,,,,,,,
F du Plessis,2015-2024,7,7,0,241,71,34.42,159,151.57,0,1,0,24,9
"(Chennai Super Kings, Rising Pune Supergiants, Royal Challengers Bangalore, Royal Challengers Bengaluru)",,,,,,,,,,,,,,
K Nitish Kumar Reddy,2023-2025,11,8,2,235,76*,39.16,171,137.42,0,1,0,14,14
(Sunrisers Hyderabad),,,,,,,,,,,,,,
V Sehwag,2008-2014,5,5,1,229,119,57.25,118,194.06,1,1,0,25,12
"(Delhi Daredevils, Kings XI Punjab)",,,,,,,,,,,,,,
SS Iyer,2017-2025,4,4,1,221,82,73.66,143,154.54,0,2,0,19,10
"(Delhi Capitals, Delhi Daredevils, Punjab Kings)",,,,,,,,,,,,,,
Y Venugopal Rao,2008-2014,9,7,1,218,71*,36.33,173,126.01,0,2,0,15,12
"(Deccan Chargers, Delhi Daredevils, Sunrisers Hyderabad)",,,,,,,,,,,,,,
RV Uthappa,2008-2018,7,7,0,208,53,29.71,170,122.35,0,1,0,17,9
"(Kolkata Knight Riders, Mumbai Indians, Pune Warriors)",,,,,,,,,,,,,,
RA Tripathi,2017-2024,12,11,1,205,74*,20.5,155,132.25,0,1,1,26,7
"(Rajasthan Royals, Rising Pune Supergiant, Sunrisers Hyderabad)",,,,,,,,,,,,,,
AC Gilchrist,2008-2013,9,9,0,202,61,22.44,173,116.76,0,1,0,23,6
"(Deccan Chargers, Kings XI Punjab)",,,,,,,,,,,,,,
AM Rahane,2012-2024,8,8,0,202,70,25.25,187,108.02,0,1,1,14,6
"(Chennai Super Kings, Rajasthan Royals, Rising Pune Supergiant, Rising Pune Supergiants)",,,,,,,,,,,,,,
DB Ravi Teja,2008-2013,12,11,2,199,40,22.11,161,123.6,0,0,0,19,5
"(Deccan Chargers, Sunrisers Hyderabad)",,,,,,,,,,,,,,
M Vohra,2013-2018,6,6,0,195,95,32.5,119,163.86,0,1,1,19,9
"(Kings XI Punjab, Royal Challengers Bangalore)",,,,,,,,,,,,,,
EJG Morgan,2011-2017,11,11,1,192,51,19.2,173,110.98,0,1,1,10,10
"(Kings XI Punjab, Kolkata Knight Riders, Sunrisers Hyderabad)",,,,,,,,,,,,,,
N Pooran,2019-2025,4,4,2,183,70,91.5,75,244,0,1,0,17,13
"(Kings XI Punjab, Lucknow Super Giants)",,,,,,,,,,,,,,
Yuvraj Singh,2008-2017,13,12,1,179,62,16.27,159,112.57,0,1,1,16,7
"(Kings XI Punjab, Pune Warriors, Royal Challengers Bangalore, Sunrisers Hyderabad)",,,,,,,,,,,,,,
DA Miller,2012-2025,7,7,4,175,89*,58.33,121,144.62,0,1,0,10,10
"(Kings XI Punjab, Lucknow Super Giants)",,,,,,,,,,,,,,
A Symonds,2008-2011,3,3,2,173,117*,173,99,174.74,1,0,0,17,8
"(Deccan Chargers, Mumbai Indians)",,,,,,,,,,,,,,
GH Vihari,2013-2015,9,9,2,173,46,24.71,183,94.53,0,0,0,13,0
(Sunrisers Hyderabad),,,,,,,,,,,,,,
SR Watson,2008-2019,8,8,0,172,80,21.5,162,106.17,0,1,0,14,7
"(Chennai Super Kings, Rajasthan Royals, Royal Challengers Bangalore)",,,,,,,,,,,,,,
AJ Finch,2011-2018,8,8,2,169,68,28.16,155,109.03,0,2,1,14,4
"(Delhi Daredevils, Gujarat Lions, Kings XI Punjab, Sunrisers Hyderabad)",,,,,,,,,,,,,,
DJ Hooda,2016-2024,20,15,4,165,32*,15,159,103.77,0,0,0,9,3
"(Lucknow Super Giants, Sunrisers Hyderabad)",,,,,,,,,,,,,,
G Gambhir,2008-2017,6,6,1,164,90*,32.8,129,127.13,0,1,0,21,2
"(Delhi Daredevils, Kolkata Knight Riders)",,,,,,,,,,,,,,
CL White,2008-2013,12,12,1,153,65,13.9,161,95.03,0,1,1,12,4
"(Deccan Chargers, Royal Challengers Bangalore, Sunrisers Hyderabad)",,,,,,,,,,,,,,
PA Reddy,2012-2013,7,7,0,149,42,21.28,136,109.55,0,0,0,13,2
"(Deccan Chargers, Sunrisers Hyderabad)",,,,,,,,,,,,,,
KH Pandya,2016-2024,7,6,1,148,49*,29.6,117,126.49,0,0,0,8,7
"(Lucknow Super Giants, Mumbai Indians)",,,,,,,,,,,,,,
KA Pollard,2011-2019,9,8,4,147,46*,36.75,113,130.08,0,0,1,9,10
(Mumbai Indians),,,,,,,,,,,,,,
SE Marsh,2008-2016,4,3,1,146,84*,73,116,125.86,0,1,0,17,3
(Kings XI Punjab),,,,,,,,,,,,,,
Abdul Samad,2023-2025,12,7,4,142,37*,47.33,109,130.27,0,0,0,9,9
"(Lucknow Super Giants, Sunrisers Hyderabad)",,,,,,,,,,,,,,
CH Gayle,2012-2019,7,7,0,136,35,19.42,88,154.54,0,0,0,12,10
"(Kings XI Punjab, Royal Challengers Bangalore)",,,,,,,,,,,,,,
MS Dhoni,2008-2024,9,9,2,135,37,19.28,104,129.8,0,0,0,13,4
"(Chennai Super Kings, Rising Pune Supergiant, Rising Pune Supergiants)",,,,,,,,,,,,,,
WP Saha,2008-2019,11,9,1,133,54,16.62,95,140,0,1,1,16,4
"(Kings XI Punjab, Kolkata Knight Riders, Sunrisers Hyderabad)",,,,,,,,,,,,,,
Mandeep Singh,2012-2018,5,5,1,131,75,32.75,101,129.7,0,1,0,15,3
"(Kings XI Punjab, Royal Challengers Bangalore)",,,,,,,,,,,,,,
SPD Smith,2016-2019,4,3,1,131,51,65.5,125,104.8,0,1,0,9,2
"(Rajasthan Royals, Rising Pune Supergiant, Rising Pune Supergiants)",,,,,,,,,,,,,,
DT Christian,2011-2018,10,10,3,130,30,18.57,101,128.71,0,0,1,8,5
"(Deccan Chargers, Delhi Daredevils, Rising Pune Supergiant)",,,,,,,,,,,,,,
Prabhsimran Singh,2019-2025,4,4,0,129,71,32.25,86,150,0,1,1,15,6
"(Kings XI Punjab, Punjab Kings)",,,,,,,,,,,,,,
Q de Kock,2013-2024,6,6,0,123,44,20.5,94,130.85,0,0,1,9,8
"(Delhi Daredevils, Lucknow Super Giants, Mumbai Indians, Sunrisers Hyderabad)",,,,,,,,,,,,,,
R Dravid,2008-2013,4,4,0,123,39,30.75,116,106.03,0,0,0,12,2
"(Rajasthan Royals, Royal Challengers Bangalore)",,,,,,,,,,,,,,
SC Ganguly,2008-2011,2,2,1,123,91,123,89,138.2,0,1,0,14,6
"(Kolkata Knight Riders, Pune Warriors)",,,,,,,,,,,,,,
YBK Jaiswal,2023-2025,3,3,0,122,67,40.66,82,148.78,0,2,0,16,2
(Rajasthan Royals),,,,,,,,,,,,,,
LMP Simmons,2014-2017,4,4,0,120,68,30,107,112.14,0,1,0,9,6
(Mumbai Indians),,,,,,,,,,,,,,
B Chipli,2011-2011,7,7,3,118,61*,29.5,87,135.63,0,1,0,13,3
(Deccan Chargers),,,,,,,,,,,,,,
CA Lynn,2012-2019,3,3,0,112,55,37.33,99,113.13,0,2,0,9,4
"(Deccan Chargers, Kolkata Knight Riders)",,,,,,,,,,,,,,
Shakib Al Hasan,2014-2018,9,5,0,109,35,21.8,99,110.1,0,0,0,13,1
"(Kolkata Knight Riders, Sunrisers Hyderabad)",,,,,,,,,,,,,,
AR Patel,2014-2023,6,5,2,106,36*,35.33,85,124.7,0,0,0,8,3
"(Delhi Capitals, Kings XI Punjab)",,,,,,,,,,,,,,
NLTC Perera,2013-2016,9,6,2,104,30,26,73,142.46,0,0,0,5,6
"(Rising Pune Supergiants, Sunrisers Hyderabad)",,,,,,,,,,,,,,
NT Tilak Varma,2023-2025,3,3,1,103,64,51.5,53,194.33,0,1,0,4,10
(Mumbai Indians),,,,,,,,,,,,,,
V Shankar,2017-2019,9,8,3,102,35,20.4,70,145.71,0,0,0,4,5
"(Delhi Daredevils, Sunrisers Hyderabad)",,,,,,,,,,,,,,
C Green,2023-2024,2,2,2,101,64*,-,60,168.33,0,1,0,11,2
"(Mumbai Indians, Royal Challengers Bengaluru)",,,,,,,,,,,,,,
DR Smith,2013-2017,4,4,0,97,38,24.25,95,102.1,0,0,0,10,4
"(Chennai Super Kings, Gujarat Lions, Mumbai Indians)",,,,,,,,,,,,,,
SA Yadav,2014-2025,7,5,1,97,40*,24.25,78,124.35,0,0,0,9,4
"(Kolkata Knight Riders, Mumbai Indians)",,,,,,,,,,,,,,
DJ Hussey,2008-2013,3,3,1,95,57*,47.5,69,137.68,0,1,0,6,5
"(Kings XI Punjab, Kolkata Knight Riders)",,,,,,,,,,,,,,
RR Pant,2016-2025,5,5,1,95,39*,23.75,80,118.75,0,0,1,6,4
"(Delhi Capitals, Delhi Daredevils, Lucknow Super Giants)",,,,,,,,,,,,,,
A Ashish Reddy,2012-2016,15,11,4,93,17,13.28,77,120.77,0,0,0,8,2
"(Deccan Chargers, Sunrisers Hyderabad)",,,,,,,,,,,,,,
RA Jadeja,2008-2024,8,7,5,93,31*,46.5,82,113.41,0,0,0,9,0
"(Chennai Super Kings, Gujarat Lions, Rajasthan Royals)",,,,,,,,,,,,,,
DJ Bravo,2008-2019,6,4,1,88,30,29.33,72,122.22,0,0,0,6,3
"(Chennai Super Kings, Gujarat Lions, Mumbai Indians)",,,,,,,,,,,,,,
C de Grandhomme,2017-2019,3,3,0,88,37,29.33,76,115.78,0,0,0,5,5
"(Kolkata Knight Riders, Royal Challengers Bangalore)",,,,,,,,,,,,,,
R Parag,2023-2025,3,3,0,88,77,29.33,57,154.38,0,1,0,10,4
(Rajasthan Royals),,,,,,,,,,,,,,
AB de Villiers,2011-2019,7,7,0,86,47,12.28,78,110.25,0,0,2,5,3
(Royal Challengers Bangalore),,,,,,,,,,,,,,
SO Hetmyer,2019-2025,4,4,1,86,42,28.66,57,150.87,0,0,0,3,7
"(Rajasthan Royals, Royal Challengers Bangalore)",,,,,,,,,,,,,,
KV Sharma,2013-2024,21,10,4,86,39*,14.33,83,103.61,0,0,0,5,2
"(Chennai Super Kings, Mumbai Indians, Royal Challengers Bangalore, Royal Challengers Bengaluru, Sunrisers Hyderabad)",,,,,,,,,,,,,,
JH Kallis,2008-2013,3,3,0,85,31,28.33,85,100,0,0,0,12,0
"(Kolkata Knight Riders, Royal Challengers Bangalore)",,,,,,,,,,,,,,
Washington Sundar,2017-2025,7,6,2,85,49,21.25,59,144.06,0,0,1,10,2
"(Gujarat Titans, Rising Pune Supergiant, Sunrisers Hyderabad)",,,,,,,,,,,,,,
MR Marsh,2011-2025,5,3,0,84,52,28,49,171.42,0,1,0,12,3
"(Delhi Capitals, Lucknow Super Giants, Pune Warriors, Rising Pune Supergiants)",,,,,,,,,,,,,,
DJG Sammy,2013-2014,7,7,4,83,23,27.66,75,110.66,0,0,0,1,6
(Sunrisers Hyderabad),,,,,,,,,,,,,,
HH Pandya,2015-2025,8,6,0,81,24,13.5,82,98.78,0,0,0,2,4
(Mumbai Indians),,,,,,,,,,,,,,
PC Valthaty,2011-2013,2,2,0,81,75,40.5,64,126.56,0,1,0,8,5
(Kings XI Punjab),,,,,,,,,,,,,,
N Rana,2017-2025,5,5,0,80,42,16,66,121.21,0,0,0,9,3
"(Kolkata Knight Riders, Mumbai Indians, Rajasthan Royals)",,,,,,,,,,,,,,
KD Karthik,2008-2024,9,8,2,78,30,13,76,102.63,0,0,2,6,1
"(Delhi Daredevils, Gujarat Lions, Kings XI Punjab, Kolkata Knight Riders, Mumbai Indians, Royal Challengers Bangalore, Royal Challengers Bengaluru)",,,,,,,,,,,,,,
MP Stoinis,2023-2025,3,3,1,77,40,38.5,41,187.8,0,0,0,3,7
"(Lucknow Super Giants, Punjab Kings)",,,,,,,,,,,,,,
JC Buttler,2016-2025,6,6,0,76,54,12.66,54,140.74,0,1,2,9,3
"(Gujarat Titans, Mumbai Indians, Rajasthan Royals)",,,,,,,,,,,,,,
RK Singh,2019-2023,2,2,0,76,46,38,60,126.66,0,0,0,5,3
(Kolkata Knight Riders),,,,,,,,,,,,,,
S Sohal,2011-2011,6,5,0,76,38,15.2,66,115.15,0,0,1,9,1
(Deccan Chargers),,,,,,,,,,,,,,
GJ Maxwell,2014-2025,7,7,1,75,43,12.5,55,136.36,0,0,0,6,6
"(Delhi Daredevils, Kings XI Punjab, Punjab Kings, Royal Challengers Bangalore)",,,,,,,,,,,,,,
KK Nair,2013-2018,4,4,0,75,33,18.75,66,113.63,0,0,0,8,1
"(Delhi Daredevils, Kings XI Punjab, Royal Challengers Bangalore)",,,,,,,,,,,,,,
AU Verma,2025-2025,5,4,0,73,36,18.25,44,165.9,0,0,0,3,6
(Sunrisers Hyderabad),,,,,,,,,,,,,,
PJ Cummins,2017-2025,12,5,2,72,31,24,31,232.25,0,0,0,4,7
"(Delhi Daredevils, Sunrisers Hyderabad)",,,,,,,,,,,,,,
J Botha,2011-2013,3,3,1,71,67*,35.5,58,122.41,0,1,0,8,1
"(Delhi Daredevils, Rajasthan Royals)",,,,,,,,,,,,,,
DC Jurel,2024-2025,2,2,0,71,70,35.5,38,186.84,0,1,0,5,6
(Rajasthan Royals),,,,,,,,,,,,,,
GC Smith,2008-2008,1,1,0,71,71,71,45,157.77,0,1,0,9,2
(Rajasthan Royals),,,,,,,,,,,,,,
AM Nayar,2008-2013,3,3,1,70,38,35,48,145.83,0,0,0,7,2
"(Kings XI Punjab, Mumbai Indians, Pune Warriors)",,,,,,,,,,,,,,
BB Samantray,2013-2013,3,3,1,70,55,35,60,116.66,0,1,0,8,1
(Sunrisers Hyderabad),,,,,,,,,,,,,,
HC Brook,2023-2023,6,6,1,69,27*,13.8,79,87.34,0,0,1,8,1
(Sunrisers Hyderabad),,,,,,,,,,,,,,
PP Shaw,2018-2019,2,2,0,69,65,34.5,41,168.29,0,1,0,6,3
"(Delhi Capitals, Delhi Daredevils)",,,,,,,,,,,,,,
HH Gibbs,2008-2008,4,4,0,67,47,16.75,60,111.66,0,0,0,9,2
(Deccan Chargers),,,,,,,,,,,,,,
MEK Hussey,2013-2013,1,1,0,67,67,67,42,159.52,0,1,0,5,4
(Chennai Super Kings),,,,,,,,,,,,,,
VVS Laxman,2008-2008,3,3,0,66,48,22,56,117.85,0,0,0,11,0
(Deccan Chargers),,,,,,,,,,,,,,
SR Tendulkar,2008-2013,3,3,0,65,28,21.66,55,118.18,0,0,0,10,0
(Mumbai Indians),,,,,,,,,,,,,,
PN Mankad,2023-2023,1,1,1,64,64*,-,45,142.22,0,1,0,7,2
(Lucknow Super Giants),,,,,,,,,,,,,,
Shubman Gill,2018-2025,3,3,2,64,61*,64,47,136.17,0,1,0,9,0
"(Gujarat Titans, Kolkata Knight Riders)",,,,,,,,,,,,,,
A Badoni,2023-2025,3,2,1,61,55*,61,36,169.44,0,1,0,10,0
(Lucknow Super Giants),,,,,,,,,,,,,,
Shahbaz Ahmed,2023-2024,7,3,1,61,40*,30.5,62,98.38,0,0,0,1,2
"(Royal Challengers Bangalore, Sunrisers Hyderabad)",,,,,,,,,,,,,,
KM Jadhav,2013-2019,4,4,1,60,31,20,37,162.16,0,0,0,4,3
"(Chennai Super Kings, Delhi Daredevils, Royal Challengers Bangalore)",,,,,,,,,,,,,,
DW Steyn,2008-2015,24,10,4,60,19*,10,53,113.2,0,0,1,6,1
"(Deccan Chargers, Royal Challengers Bangalore, Sunrisers Hyderabad)",,,,,,,,,,,,,,
BA Stokes,2017-2019,3,3,1,60,39,30,42,142.85,0,0,0,4,3
"(Rajasthan Royals, Rising Pune Supergiant)",,,,,,,,,,,,,,
TH David,2023-2024,2,2,1,58,42*,58,33,175.75,0,0,0,4,3
(Mumbai Indians),,,,,,,,,,,,,,
B Kumar,2011-2024,49,15,4,58,21,5.27,64,90.62,0,0,3,7,1
"(Pune Warriors, Sunrisers Hyderabad)",,,,,,,,,,,,,,
SP Narine,2013-2023,7,5,0,57,29,11.4,26,219.23,0,0,0,7,4
(Kolkata Knight Riders),,,,,,,,,,,,,,
DPMD Jayawardene,2008-2013,3,2,1,56,45*,56,35,160,0,0,0,7,2
"(Delhi Daredevils, Kings XI Punjab)",,,,,,,,,,,,,,
M Vijay,2013-2016,3,3,0,55,29,18.33,41,134.14,0,0,0,6,4
"(Chennai Super Kings, Kings XI Punjab)",,,,,,,,,,,,,,
JJ Roy,2017-2023,2,2,0,51,31,25.5,40,127.5,0,0,0,9,0
"(Gujarat Lions, Kolkata Knight Riders)",,,,,,,,,,,,,,
S Dube,2019-2024,2,2,0,50,45,25,31,161.29,0,0,0,3,4
"(Chennai Super Kings, Royal Challengers Bangalore)",,,,,,,,,,,,,,
AD Hales,2018-2018,2,2,0,50,45,25,36,138.88,0,0,0,4,3
(Sunrisers Hyderabad),,,,,,,,,,,,,,
A Mishra,2011-2023,27,9,4,50,25*,10,45,111.11,0,0,4,5,0
"(Deccan Chargers, Delhi Capitals, Delhi Daredevils, Lucknow Super Giants, Sunrisers Hyderabad)",,,,,,,,,,,,,,
RM Patidar,2024-2024,1,1,0,50,50,50,20,250,0,1,0,2,5
(Royal Challengers Bengaluru),,,,,,,,,,,,,,
MK Tiwary,2008-2018,5,4,0,50,33,12.5,46,108.69,0,0,0,5,1
"(Delhi Daredevils, Kings XI Punjab, Kolkata Knight Riders, Rising Pune Supergiant)",,,,,,,,,,,,,,
DJ Harris,2012-2012,2,2,0,49,30,24.5,46,106.52,0,0,0,6,1
(Deccan Chargers),,,,,,,,,,,,,,
IK Pathan,2008-2014,8,4,1,49,23*,16.33,55,89.09,0,0,0,3,0
"(Delhi Daredevils, Kings XI Punjab, Sunrisers Hyderabad)",,,,,,,,,,,,,,
RR Rossouw,2024-2024,1,1,0,49,49,49,24,204.16,0,0,0,3,4
(Punjab Kings),,,,,,,,,,,,,,
A Taide,2024-2024,1,1,0,46,46,46,27,170.37,0,0,0,5,2
(Punjab Kings),,,,,,,,,,,,,,
A Manohar,2025-2025,4,3,0,45,43,15,44,102.27,0,0,1,2,3
(Sunrisers Hyderabad),,,,,,,,,,,,,,
AD Russell,2012-2023,5,4,0,45,24,11.25,33,136.36,0,0,0,2,4
"(Delhi Daredevils, Kolkata Knight Riders)",,,,,,,,,,,,,,
Rashid Khan,2017-2025,22,10,3,43,17*,6.14,26,165.38,0,0,4,2,4
"(Gujarat Titans, Sunrisers Hyderabad)",,,,,,,,,,,,,,
Anmolpreet Singh,2023-2024,2,2,0,41,36,20.5,32,128.12,0,0,0,8,0
(Sunrisers Hyderabad),,,,,,,,,,,,,,
GJ Bailey,2014-2015,2,2,1,41,35*,41,30,136.66,0,0,0,2,3
(Kings XI Punjab),,,,,,,,,,,,,,
C Munro,2019-2019,1,1,0,40,40,40,24,166.66,0,0,0,4,3
(Delhi Capitals),,,,,,,,,,,,,,
LRPL Taylor,2011-2013,2,2,1,40,21*,40,33,121.21,0,0,0,1,2
"(Pune Warriors, Rajasthan Royals)",,,,,,,,,,,,,,
AD Mathews,2013-2017,2,2,1,39,31,39,29,134.48,0,0,0,3,1
"(Delhi Daredevils, Pune Warriors)",,,,,,,,,,,,,,
SP Goswami,2008-2018,3,2,0,38,35,19,29,131.03,0,0,0,4,1
"(Rajasthan Royals, Royal Challengers Bangalore, Sunrisers Hyderabad)",,,,,,,,,,,,,,
Mohammad Nabi,2017-2019,6,4,0,37,20,9.25,29,127.58,0,0,0,1,3
(Sunrisers Hyderabad),,,,,,,,,,,,,,
SS Tiwary,2011-2016,3,3,1,37,30,18.5,37,100,0,0,0,1,1
"(Rising Pune Supergiants, Royal Challengers Bangalore)",,,,,,,,,,,,,,
P Arya,2025-2025,1,1,0,36,36,36,13,276.92,0,0,0,2,4
(Punjab Kings),,,,,,,,,,,,,,
ST Jayasuriya,2008-2008,1,1,0,36,36,36,15,240,0,0,0,6,2
(Mumbai Indians),,,,,,,,,,,,,,
JM Sharma,2023-2024,2,2,1,36,32*,36,24,150,0,0,0,3,2
(Punjab Kings),,,,,,,,,,,,,,
AS Yadav,2008-2008,4,4,0,36,16,9,25,144,0,0,1,5,1
(Deccan Chargers),,,,,,,,,,,,,,
SE Rutherford,2025-2025,1,1,1,35,35*,-,16,218.75,0,0,0,6,1
(Gujarat Titans),,,,,,,,,,,,,,
JD Ryder,2011-2011,1,1,0,35,35,35,20,175,0,0,0,5,2
(Pune Warriors),,,,,,,,,,,,,,
SB Dubey,2025-2025,1,1,1,34,34*,-,11,309.09,0,0,0,1,4
(Rajasthan Royals),,,,,,,,,,,,,,
M Kaif,2008-2008,1,1,0,34,34,34,16,212.5,0,0,0,2,3
(Rajasthan Royals),,,,,,,,,,,,,,
Misbah-ul-Haq,2008-2008,1,1,0,34,34,34,28,121.42,0,0,0,4,1
(Royal Challengers Bangalore),,,,,,,,,,,,,,
DJ Jacobs,2011-2011,1,1,0,32,32,32,20,160,0,0,0,5,1
(Mumbai Indians),,,,,,,,,,,,,,
Sachin Baby,2013-2017,3,3,0,31,27,10.33,26,119.23,0,0,0,3,1
"(Rajasthan Royals, Royal Challengers Bangalore)",,,,,,,,,,,,,,
Naman Dhir,2024-2025,2,1,0,30,30,30,14,214.28,0,0,0,2,2
(Mumbai Indians),,,,,,,,,,,,,,
E Lewis,2018-2018,1,1,0,29,29,29,17,170.58,0,0,0,3,2
(Mumbai Indians),,,,,,,,,,,,,,
WG Jacks,2024-2025,2,2,0,28,22,14,28,100,0,0,0,2,1
"(Mumbai Indians, Royal Challengers Bengaluru)",,,,,,,,,,,,,,
OA Shah,2012-2012,1,1,0,28,28,28,32,87.5,0,0,0,1,0
(Rajasthan Royals),,,,,,,,,,,,,,
B Akhil,2008-2008,1,1,1,27,27*,-,7,385.71,0,0,0,2,3
(Royal Challengers Bangalore),,,,,,,,,,,,,,
PP Chawla,2008-2024,10,2,0,27,23,13.5,23,117.39,0,0,0,2,2
"(Kings XI Punjab, Kolkata Knight Riders, Mumbai Indians)",,,,,,,,,,,,,,
R Powell,2024-2024,1,1,0,27,27,27,15,180,0,0,0,3,1
(Rajasthan Royals),,,,,,,,,,,,,,
N Wadhera,2023-2025,2,1,0,27,27,27,22,122.72,0,0,0,2,1
"(Mumbai Indians, Punjab Kings)",,,,,,,,,,,,,,
STR Binny,2011-2017,4,3,0,26,11,8.66,26,100,0,0,0,2,1
"(Rajasthan Royals, Royal Challengers Bangalore)",,,,,,,,,,,,,,
KK Cooper,2013-2013,1,1,0,26,26,26,12,216.66,0,0,0,3,1
(Rajasthan Royals),,,,,,,,,,,,,,
RD Gaikwad,2024-2024,1,1,0,26,26,26,21,123.8,0,0,0,3,1
(Chennai Super Kings),,,,,,,,,,,,,,
Shahid Afridi,2008-2008,5,5,0,26,13,5.2,21,123.8,0,0,1,2,2
(Deccan Chargers),,,,,,,,,,,,,,
RN ten Doeschate,2013-2014,2,2,1,26,25*,26,20,130,0,0,0,2,1
(Kolkata Knight Riders),,,,,,,,,,,,,,
BCJ Cutting,2017-2018,3,2,1,25,16*,25,15,166.66,0,0,0,1,2
"(Mumbai Indians, Sunrisers Hyderabad)",,,,,,,,,,,,,,
IR Jaggi,2011-2011,1,1,0,25,25,25,28,89.28,0,0,0,3,0
(Deccan Chargers),,,,,,,,,,,,,,
CA Pujara,2011-2011,1,1,0,25,25,25,15,166.66,0,0,0,4,0
(Royal Challengers Bangalore),,,,,,,,,,,,,,
SB Styris,2008-2008,2,2,0,25,20,12.5,31,80.64,0,0,0,3,0
(Deccan Chargers),,,,,,,,,,,,,,
A Chopra,2008-2008,1,1,0,24,24,24,23,104.34,0,0,0,3,0
(Kolkata Knight Riders),,,,,,,,,,,,,,
BB McCullum,2015-2017,3,3,0,24,12,8,34,70.58,0,0,0,3,0
"(Chennai Super Kings, Gujarat Lions)",,,,,,,,,,,,,,
RP Singh,2008-2008,7,6,4,23,10,11.5,17,135.29,0,0,0,2,1
(Deccan Chargers),,,,,,,,,,,,,,
SM Curran,2023-2023,1,1,0,22,22,22,15,146.66,0,0,0,3,1
(Punjab Kings),,,,,,,,,,,,,,
NS Naik,2016-2016,1,1,0,22,22,22,28,78.57,0,0,0,1,0
(Kings XI Punjab),,,,,,,,,,,,,,
SK Warne,2008-2011,2,1,1,22,22*,-,9,244.44,0,0,0,2,2
(Rajasthan Royals),,,,,,,,,,,,,,
M Jansen,2023-2025,6,4,2,21,13,10.5,18,116.66,0,0,0,3,0
"(Punjab Kings, Sunrisers Hyderabad)",,,,,,,,,,,,,,
WPUJC Vaas,2008-2008,4,3,1,21,12*,10.5,17,123.52,0,0,1,0,1
(Deccan Chargers),,,,,,,,,,,,,,
Gurkeerat Singh,2013-2015,2,2,0,20,17,10,17,117.64,0,0,0,1,1
(Kings XI Punjab),,,,,,,,,,,,,,
P Kumar,2011-2017,8,4,3,20,7*,20,23,86.95,0,0,0,1,0
"(Gujarat Lions, Kings XI Punjab, Sunrisers Hyderabad)",,,,,,,,,,,,,,
AL Menaria,2011-2012,2,1,0,20,20,20,17,117.64,0,0,0,1,1
(Rajasthan Royals),,,,,,,,,,,,,,
AG Paunikar,2011-2011,1,1,0,20,20,20,19,105.26,0,0,0,4,0
(Rajasthan Royals),,,,,,,,,,,,,,
AA Jhunjhunwala,2012-2012,1,1,0,19,19,19,20,95,0,0,0,0,1
(Deccan Chargers),,,,,,,,,,,,,,
P Ray Barman,2019-2019,1,1,0,19,19,19,24,79.16,0,0,0,2,0
(Royal Challengers Bangalore),,,,,,,,,,,,,,
Umran Malik,2023-2024,4,1,1,19,19*,-,8,237.5,0,0,0,1,2
(Sunrisers Hyderabad),,,,,,,,,,,,,,
Azhar Mahmood,2012-2013,2,2,0,18,14,9,13,138.46,0,0,0,3,0
(Kings XI Punjab),,,,,,,,,,,,,,
S Gopal,2018-2019,2,1,0,18,18,18,18,100,0,0,0,2,0
(Rajasthan Royals),,,,,,,,,,,,,,
HV Patel,2012-2025,9,3,3,18,12*,-,17,105.88,0,0,0,0,0
"(Punjab Kings, Royal Challengers Bangalore, Sunrisers Hyderabad)",,,,,,,,,,,,,,
AU Rashid,2023-2023,1,1,0,18,18,18,13,138.46,0,0,0,1,1
(Sunrisers Hyderabad),,,,,,,,,,,,,,
UBT Chand,2013-2013,1,1,0,17,17,17,24,70.83,0,0,0,3,0
(Delhi Daredevils),,,,,,,,,,,,,,
JR Hopes,2011-2011,1,1,1,17,17*,-,10,170,0,0,0,2,0
(Delhi Daredevils),,,,,,,,,,,,,,
LPC Silva,2008-2008,2,2,0,17,17,8.5,16,106.25,0,0,1,3,0
(Deccan Chargers),,,,,,,,,,,,,,
TM Dilshan,2011-2013,3,3,0,16,7,5.33,29,55.17,0,0,0,1,0
(Royal Challengers Bangalore),,,,,,,,,,,,,,
SP Jackson,2017-2017,1,1,0,16,16,16,17,94.11,0,0,0,1,0
(Kolkata Knight Riders),,,,,,,,,,,,,,
UT Yadav,2013-2019,6,2,1,16,14,16,14,114.28,0,0,0,1,1
"(Delhi Daredevils, Kolkata Knight Riders, Royal Challengers Bangalore)",,,,,,,,,,,,,,
MS Bisla,2013-2013,1,1,0,15,15,15,18,83.33,0,0,0,3,0
(Kolkata Knight Riders),,,,,,,,,,,,,,
CJ Ferguson,2011-2011,1,1,1,15,15*,-,8,187.5,0,0,0,3,0
(Pune Warriors),,,,,,,,,,,,,,
P Negi,2015-2015,1,1,0,15,15,15,11,136.36,0,0,0,1,1
(Chennai Super Kings),,,,,,,,,,,,,,
RR Sarwan,2008-2008,1,1,0,15,15,15,15,100,0,0,0,2,0
(Kings XI Punjab),,,,,,,,,,,,,,
R Shepherd,2024-2024,1,1,1,15,15*,-,6,250,0,0,0,2,1
(Mumbai Indians),,,,,,,,,,,,,,
SP Fleming,2008-2008,1,1,0,14,14,14,9,155.55,0,0,0,3,0
(Chennai Super Kings),,,,,,,,,,,,,,
LR Shukla,2008-2008,1,1,1,14,14*,-,3,466.66,0,0,0,2,0
(Kolkata Knight Riders),,,,,,,,,,,,,,
R Vinay Kumar,2008-2015,4,2,0,14,7,7,11,127.27,0,0,0,2,0
"(Mumbai Indians, Royal Challengers Bangalore)",,,,,,,,,,,,,,
SB Bangar,2008-2008,5,4,0,13,8,3.25,26,50,0,0,1,0,0
(Deccan Chargers),,,,,,,,,,,,,,
Basil Thampi,2017-2018,2,1,1,13,13*,-,8,162.5,0,0,0,0,1
"(Gujarat Lions, Sunrisers Hyderabad)",,,,,,,,,,,,,,
SW Billings,2017-2019,3,2,0,13,13,6.5,13,100,0,0,1,3,0
"(Chennai Super Kings, Delhi Daredevils)",,,,,,,,,,,,,,
Bipul Sharma,2015-2017,9,2,0,13,8,6.5,12,108.33,0,0,0,0,0
(Sunrisers Hyderabad),,,,,,,,,,,,,,
MG Johnson,2013-2017,3,1,1,13,13*,-,14,92.85,0,0,0,0,1
"(Kings XI Punjab, Mumbai Indians)",,,,,,,,,,,,,,
DJ Mitchell,2024-2024,1,1,0,13,13,13,11,118.18,0,0,0,1,0
(Chennai Super Kings),,,,,,,,,,,,,,
GD Phillips,2023-2023,3,3,0,13,8,4.33,11,118.18,0,0,1,1,1
(Sunrisers Hyderabad),,,,,,,,,,,,,,
AS Roy,2023-2023,1,1,1,13,13*,-,7,185.71,0,0,0,2,0
(Kolkata Knight Riders),,,,,,,,,,,,,,
MM Ali,2018-2024,3,2,0,12,10,6,15,80,0,0,0,2,0
"(Chennai Super Kings, Royal Challengers Bangalore)",,,,,,,,,,,,,,
Kamran Akmal,2008-2008,1,1,0,12,12,12,9,133.33,0,0,0,1,1
(Rajasthan Royals),,,,,,,,,,,,,,
JA Morkel,2008-2008,1,1,1,12,12*,-,12,100,0,0,0,1,0
(Chennai Super Kings),,,,,,,,,,,,,,
S Rana,2014-2014,1,1,1,12,12*,-,7,171.42,0,0,0,2,0
(Royal Challengers Bangalore),,,,,,,,,,,,,,
R Ravindra,2024-2024,1,1,0,12,12,12,9,133.33,0,0,0,2,0
(Chennai Super Kings),,,,,,,,,,,,,,
Swapnil Singh,2024-2024,1,1,0,12,12,12,6,200,0,0,0,1,1
(Royal Challengers Bengaluru),,,,,,,,,,,,,,
BMAJ Mendis,2013-2013,1,1,0,11,11,11,9,122.22,0,0,0,0,0
(Delhi Daredevils),,,,,,,,,,,,,,
RD Rickelton,2025-2025,1,1,0,11,11,11,8,137.5,0,0,0,2,0
(Mumbai Indians),,,,,,,,,,,,,,
Sandeep Sharma,2014-2025,18,5,3,11,5*,5.5,10,110,0,0,2,1,0
"(Kings XI Punjab, Rajasthan Royals, Sunrisers Hyderabad)",,,,,,,,,,,,,,
DNT Zoysa,2008-2008,2,2,1,11,10*,11,9,122.22,0,0,0,1,0
(Deccan Chargers),,,,,,,,,,,,,,
KC Cariappa,2017-2019,2,2,1,10,9*,10,8,125,0,0,0,0,1
"(Kings XI Punjab, Kolkata Knight Riders)",,,,,,,,,,,,,,
RD Chahar,2019-2024,4,3,0,10,10,3.33,17,58.82,0,0,2,2,0
"(Mumbai Indians, Punjab Kings)",,,,,,,,,,,,,,
SN Khan,2015-2023,2,2,1,10,10,10,9,111.11,0,0,0,0,1
"(Delhi Capitals, Royal Challengers Bangalore)",,,,,,,,,,,,,,
Mujeeb Ur Rahman,2018-2019,2,2,1,10,10*,10,8,125,0,0,1,2,0
(Kings XI Punjab),,,,,,,,,,,,,,
Parvez Rasool,2014-2016,2,1,0,10,10,10,9,111.11,0,0,0,1,0
"(Royal Challengers Bangalore, Sunrisers Hyderabad)",,,,,,,,,,,,,,
PR Shah,2008-2008,1,1,0,10,10,10,6,166.66,0,0,0,2,0
(Mumbai Indians),,,,,,,,,,,,,,
MM Sharma,2013-2017,4,1,0,10,10,10,5,200,0,0,0,0,1
"(Chennai Super Kings, Kings XI Punjab)",,,,,,,,,,,,,,
SN Thakur,2017-2025,7,3,0,10,8,3.33,9,111.11,0,0,1,1,0
"(Chennai Super Kings, Kolkata Knight Riders, Lucknow Super Giants, Rising Pune Supergiant)",,,,,,,,,,,,,,
JD Unadkat,2011-2025,13,4,3,10,8*,10,13,76.92,0,0,0,1,0
"(Kolkata Knight Riders, Rajasthan Royals, Rising Pune Supergiant, Royal Challengers Bangalore, Sunrisers Hyderabad)",,,,,,,,,,,,,,
M Markande,2018-2024,9,3,3,9,6*,-,7,128.57,0,0,0,1,0
"(Mumbai Indians, Sunrisers Hyderabad)",,,,,,,,,,,,,,
T Taibu,2008-2008,1,1,0,9,9,9,5,180,0,0,0,1,0
(Kolkata Knight Riders),,,,,,,,,,,,,,
BJ Hodge,2013-2013,1,1,0,8,8,8,7,114.28,0,0,0,1,0
(Rajasthan Royals),,,,,,,,,,,,,,
Mohammed Shami,2013-2025,7,3,2,8,6*,8,6,133.33,0,0,0,1,0
"(Delhi Daredevils, Kings XI Punjab, Kolkata Knight Riders, Sunrisers Hyderabad)",,,,,,,,,,,,,,
AS Rajpoot,2018-2018,1,1,0,8,8,8,9,88.88,0,0,0,1,0
(Kings XI Punjab),,,,,,,,,,,,,,
AP Tare,2014-2016,3,2,0,8,8,4,15,53.33,0,0,1,1,0
"(Mumbai Indians, Sunrisers Hyderabad)",,,,,,,,,,,,,,
DJ Thornely,2008-2008,1,1,0,8,8,8,18,44.44,0,0,0,0,0
(Mumbai Indians),,,,,,,,,,,,,,
R Ashwin,2013-2024,6,4,2,7,4,3.5,11,63.63,0,0,1,0,0
"(Chennai Super Kings, Kings XI Punjab, Rajasthan Royals, Rising Pune Supergiants)",,,,,,,,,,,,,,
RK Bhui,2018-2019,2,2,0,7,7,3.5,17,41.17,0,0,1,0,0
(Sunrisers Hyderabad),,,,,,,,,,,,,,
VR Iyer,2023-2023,1,1,0,7,7,7,4,175,0,0,0,1,0
(Kolkata Knight Riders),,,,,,,,,,,,,,
MK Lomror,2023-2024,2,1,0,7,7,7,4,175,0,0,0,1,0
"(Royal Challengers Bangalore, Royal Challengers Bengaluru)",,,,,,,,,,,,,,
I Malhotra,2011-2011,1,1,1,7,7*,-,4,175,0,0,0,1,0
(Deccan Chargers),,,,,,,,,,,,,,
Y Nagar,2011-2012,2,1,1,7,7*,-,3,233.33,0,0,0,0,1
(Delhi Daredevils),,,,,,,,,,,,,,
KMA Paul,2019-2019,1,1,0,7,7,7,4,175,0,0,0,0,1
(Delhi Capitals),,,,,,,,,,,,,,
J Theron,2012-2012,1,1,1,7,7*,-,6,116.66,0,0,0,1,0
(Deccan Chargers),,,,,,,,,,,,,,
SD Chitnis,2012-2012,1,1,1,6,6*,-,5,120,0,0,0,0,0
(Kings XI Punjab),,,,,,,,,,,,,,
A Choudhary,2017-2017,1,1,1,6,6*,-,2,300,0,0,0,0,1
(Royal Challengers Bangalore),,,,,,,,,,,,,,
JP Faulkner,2013-2013,1,1,0,6,6,6,3,200,0,0,0,0,1
(Rajasthan Royals),,,,,,,,,,,,,,
TS Mills,2017-2017,1,1,0,6,6,6,3,200,0,0,0,0,1
(Royal Challengers Bangalore),,,,,,,,,,,,,,
Sanvir Singh,2024-2024,2,1,1,6,6*,-,4,150,0,0,0,1,0
(Sunrisers Hyderabad),,,,,,,,,,,,,,
MA Starc,2014-2015,2,1,0,6,6,6,6,100,0,0,0,1,0
(Royal Challengers Bangalore),,,,,,,,,,,,,,
CR Woakes,2017-2017,1,1,1,6,6*,-,3,200,0,0,0,1,0
(Kolkata Knight Riders),,,,,,,,,,,,,,
P Dogra,2013-2013,1,1,0,5,5,5,8,62.5,0,0,0,0,0
(Kolkata Knight Riders),,,,,,,,,,,,,,
W Jaffer,2008-2008,1,1,0,5,5,5,5,100,0,0,0,1,0
(Royal Challengers Bangalore),,,,,,,,,,,,,,
AD Mascarenhas,2013-2013,1,1,1,5,5*,-,5,100,0,0,0,0,0
(Kings XI Punjab),,,,,,,,,,,,,,
RV Patel,2023-2023,1,1,0,5,5,5,6,83.33,0,0,0,0,0
(Delhi Capitals),,,,,,,,,,,,,,
B Sai Sudharsan,2025-2025,1,1,0,5,5,5,9,55.55,0,0,0,0,0
(Gujarat Titans),,,,,,,,,,,,,,
MN Samuels,2013-2013,1,1,0,5,5,5,9,55.55,0,0,0,1,0
(Pune Warriors),,,,,,,,,,,,,,
I Sharma,2008-2025,20,6,5,5,2,5,9,55.55,0,0,0,0,0
"(Deccan Chargers, Delhi Capitals, Gujarat Titans, Kings XI Punjab, Kolkata Knight Riders, Sunrisers Hyderabad)",,,,,,,,,,,,,,
Sikandar Raza,2023-2023,1,1,0,5,5,5,6,83.33,0,0,0,0,0
(Punjab Kings),,,,,,,,,,,,,,
B Stanlake,2018-2018,3,1,1,5,5*,-,2,250,0,0,0,1,0
(Sunrisers Hyderabad),,,,,,,,,,,,,,
YV Takawale,2008-2008,1,1,1,5,5*,-,5,100,0,0,0,0,0
(Mumbai Indians),,,,,,,,,,,,,,
Aman Hakim Khan,2023-2023,1,1,0,4,4,4,2,200,0,0,0,1,0
(Delhi Capitals),,,,,,,,,,,,,,
TR Birt,2011-2011,1,1,0,4,4,4,8,50,0,0,0,0,0
(Delhi Daredevils),,,,,,,,,,,,,,
MG Bracewell,2023-2023,1,1,1,4,4*,-,4,100,0,0,0,0,0
(Royal Challengers Bangalore),,,,,,,,,,,,,,
JJ Bumrah,2014-2025,9,2,2,4,4*,-,5,80,0,0,0,0,0
(Mumbai Indians),,,,,,,,,,,,,,
YS Chahal,2014-2025,8,2,0,4,3,2,10,40,0,0,0,0,0
"(Punjab Kings, Rajasthan Royals, Royal Challengers Bangalore)",,,,,,,,,,,,,,
Kuldeep Yadav,2017-2023,3,1,1,4,4*,-,3,133.33,0,0,0,1,0
"(Delhi Capitals, Kolkata Knight Riders)",,,,,,,,,,,,,,
DS Kulkarni,2013-2019,5,2,1,4,3*,4,6,66.66,0,0,0,0,0
"(Gujarat Lions, Mumbai Indians, Rajasthan Royals)",,,,,,,,,,,,,,
CH Morris,2013-2019,4,2,1,4,4,4,8,50,0,0,0,0,0
"(Chennai Super Kings, Delhi Capitals, Delhi Daredevils)",,,,,,,,,,,,,,
Pankaj Singh,2008-2008,1,1,1,4,4*,-,3,133.33,0,0,0,0,0
(Rajasthan Royals),,,,,,,,,,,,,,
Salman Butt,2008-2008,1,1,0,4,4,4,4,100,0,0,0,1,0
(Kolkata Knight Riders),,,,,,,,,,,,,,
M Shahrukh Khan,2023-2025,2,1,0,4,4,4,3,133.33,0,0,0,1,0
"(Gujarat Titans, Punjab Kings)",,,,,,,,,,,,,,
Shashank Singh,2024-2025,2,2,0,4,2,2,7,57.14,0,0,0,0,0
(Punjab Kings),,,,,,,,,,,,,,
DJM Short,2018-2018,1,1,0,4,4,4,4,100,0,0,0,1,0
(Rajasthan Royals),,,,,,,,,,,,,,
AJ Tye,2018-2018,1,1,0,4,4,4,2,200,0,0,0,1,0
(Kings XI Punjab),,,,,,,,,,,,,,
CR Brathwaite,2018-2018,1,1,0,3,3,3,4,75,0,0,0,0,0
(Sunrisers Hyderabad),,,,,,,,,,,,,,
R Dhawan,2014-2024,3,1,1,3,3*,-,2,150,0,0,0,0,0
"(Kings XI Punjab, Punjab Kings)",,,,,,,,,,,,,,
D Kalyankrishna,2008-2008,2,1,0,3,3,3,8,37.5,0,0,0,0,0
(Deccan Chargers),,,,,,,,,,,,,,
Mohammed Siraj,2017-2025,8,1,1,3,3*,-,8,37.5,0,0,0,0,0
"(Gujarat Titans, Royal Challengers Bangalore, Royal Challengers Bengaluru, Sunrisers Hyderabad)",,,,,,,,,,,,,,
R Ninan,2011-2011,1,1,0,3,3,3,6,50,0,0,0,0,0
(Royal Challengers Bangalore),,,,,,,,,,,,,,
Simarjeet Singh,2025-2025,3,2,1,3,3*,3,6,50,0,0,1,0,0
(Sunrisers Hyderabad),,,,,,,,,,,,,,
BB Sran,2016-2018,8,2,1,3,2,3,6,50,0,0,0,0,0
"(Kings XI Punjab, Sunrisers Hyderabad)",,,,,,,,,,,,,,
PV Tambe,2013-2013,1,1,1,3,3*,-,6,50,0,0,0,0,0
(Rajasthan Royals),,,,,,,,,,,,,,
DL Vettori,2011-2011,1,1,1,3,3*,-,6,50,0,0,0,0,0
(Royal Challengers Bangalore),,,,,,,,,,,,,,
S Aravind,2011-2017,2,2,1,2,2*,2,5,40,0,0,1,0,0
(Royal Challengers Bangalore),,,,,,,,,,,,,,
VG Arora,2023-2023,1,1,1,2,2*,-,1,200,0,0,0,0,0
(Kolkata Knight Riders),,,,,,,,,,,,,,
H Das,2008-2008,1,1,0,2,2,2,5,40,0,0,0,0,0
(Deccan Chargers),,,,,,,,,,,,,,
MJ Guptill,2016-2016,1,1,0,2,2,2,4,50,0,0,0,0,0
(Mumbai Indians),,,,,,,,,,,,,,
Harbhajan Singh,2011-2019,7,2,2,2,1*,-,6,33.33,0,0,0,0,0
"(Chennai Super Kings, Mumbai Indians)",,,,,,,,,,,,,,
Iqbal Abdulla,2011-2013,2,1,1,2,2*,-,3,66.66,0,0,0,0,0
(Kolkata Knight Riders),,,,,,,,,,,,,,
M Kartik,2008-2013,2,1,1,2,2*,-,2,100,0,0,0,0,0
"(Kolkata Knight Riders, Royal Challengers Bangalore)",,,,,,,,,,,,,,
MJ McClenaghan,2015-2019,4,2,1,2,2*,2,3,66.66,0,0,1,0,0
(Mumbai Indians),,,,,,,,,,,,,,
KR Mayers,2023-2023,1,1,0,2,2,2,14,14.28,0,0,0,0,0
(Lucknow Super Giants),,,,,,,,,,,,,,
A Nortje,2023-2023,1,1,0,2,2,2,2,100,0,0,0,0,0
(Delhi Capitals),,,,,,,,,,,,,,
D Padikkal,2023-2023,1,1,0,2,2,2,5,40,0,0,0,0,0
(Rajasthan Royals),,,,,,,,,,,,,,
K Rabada,2019-2019,1,1,1,2,2*,-,2,100,0,0,0,0,0
(Delhi Capitals),,,,,,,,,,,,,,
N Saini,2012-2012,1,1,0,2,2,2,4,50,0,0,0,0,0
(Kings XI Punjab),,,,,,,,,,,,,,
AR Sharma,2024-2024,1,1,0,2,2,2,3,66.66,0,0,0,0,0
(Punjab Kings),,,,,,,,,,,,,,
Shivam Singh,2024-2024,1,1,1,2,2*,-,3,66.66,0,0,0,0,0
(Punjab Kings),,,,,,,,,,,,,,
JC Archer,2019-2025,2,1,1,1,1*,-,1,100,0,0,0,0,0
(Rajasthan Royals),,,,,,,,,,,,,,
M Ashwin,2016-2019,2,1,1,1,1*,-,1,100,0,0,0,0,0
"(Kings XI Punjab, Rising Pune Supergiants)",,,,,,,,,,,,,,
CM Gautam,2014-2014,1,1,0,1,1,1,3,33.33,0,0,0,0,0
(Mumbai Indians),,,,,,,,,,,,,,
Harpreet Brar,2023-2024,2,1,0,1,1,1,2,50,0,0,0,0,0
(Punjab Kings),,,,,,,,,,,,,,
S Kaul,2017-2019,15,5,2,1,1,0.33,8,12.5,0,0,2,0,0
(Sunrisers Hyderabad),,,,,,,,,,,,,,
B Laughlin,2018-2018,1,1,1,1,1*,-,3,33.33,0,0,0,0,0
(Rajasthan Royals),,,,,,,,,,,,,,
PHKD Mendis,2025-2025,1,1,0,1,1,1,5,20,0,0,0,0,0
(Sunrisers Hyderabad),,,,,,,,,,,,,,
Mohit Rathee,2023-2023,1,1,1,1,1*,-,2,50,0,0,0,0,0
(Punjab Kings),,,,,,,,,,,,,,
A Nehra,2008-2017,10,4,3,1,1*,1,2,50,0,0,1,0,0
"(Chennai Super Kings, Delhi Daredevils, Mumbai Indians, Sunrisers Hyderabad)",,,,,,,,,,,,,,
PP Ojha,2008-2014,12,1,1,1,1*,-,1,100,0,0,0,0,0
"(Deccan Chargers, Mumbai Indians)",,,,,,,,,,,,,,
RR Raje,2008-2008,1,1,1,1,1*,-,2,50,0,0,0,0,0
(Mumbai Indians),,,,,,,,,,,,,,
D Salunkhe,2008-2008,1,1,0,1,1,1,1,100,0,0,0,0,0
(Rajasthan Royals),,,,,,,,,,,,,,
MW Short,2023-2023,1,1,0,1,1,1,3,33.33,0,0,0,0,0
(Punjab Kings),,,,,,,,,,,,,,
KK Ahmed,2019-2019,4,1,0,0,0,0,1,0,0,0,1,0,0
(Sunrisers Hyderabad),,,,,,,,,,,,,,
HM Amla,2017-2017,1,1,0,0,0,0,1,0,0,0,1,0,0
(Kings XI Punjab),,,,,,,,,,,,,,
KB Arun Karthik,2013-2013,1,1,0,0,0,0,1,0,0,0,1,0,0
(Royal Challengers Bangalore),,,,,,,,,,,,,,
MV Boucher,2011-2011,1,1,1,0,0*,-,0,-,0,0,0,0,0
(Kolkata Knight Riders),,,,,,,,,,,,,,
A Chandila,2012-2012,1,1,1,0,0*,-,1,0,0,0,0,0,0
(Rajasthan Royals),,,,,,,,,,,,,,
AB Dinda,2008-2016,4,1,0,0,0,0,2,0,0,0,1,0,0
"(Kolkata Knight Riders, Pune Warriors, Rising Pune Supergiants, Royal Challengers Bangalore)",,,,,,,,,,,,,,
NT Ellis,2023-2023,1,1,0,0,0,0,5,0,0,0,1,0,0
(Punjab Kings),,,,,,,,,,,,,,
MS Gony,2008-2013,7,2,0,0,0,0,1,0,0,0,2,0,0
"(Chennai Super Kings, Deccan Chargers, Kings XI Punjab)",,,,,,,,,,,,,,
K Gowtham,2018-2024,3,1,0,0,0,0,2,0,0,0,1,0,0
"(Lucknow Super Giants, Rajasthan Royals)",,,,,,,,,,,,,,
Harshit Rana,2023-2023,1,1,0,0,0,0,1,0,0,0,1,0,0
(Kolkata Knight Riders),,,,,,,,,,,,,,
BE Hendricks,2015-2015,1,1,1,0,0*,-,0,-,0,0,0,0,0
(Kings XI Punjab),,,,,,,,,,,,,,
AS Joseph,2019-2019,1,1,1,0,0*,-,0,-,0,0,0,0,0
(Mumbai Indians),,,,,,,,,,,,,,
Z Khan,2011-2017,3,2,0,0,0,0,7,0,0,0,2,0,0
"(Delhi Daredevils, Royal Challengers Bangalore)",,,,,,,,,,,,,,
M Muralidaran,2008-2014,4,1,0,0,0,0,1,0,0,0,1,0,0
"(Chennai Super Kings, Royal Challengers Bangalore)",,,,,,,,,,,,,,
S Nadeem,2012-2019,5,1,0,0,0,0,3,0,0,0,1,0,0
"(Delhi Daredevils, Sunrisers Hyderabad)",,,,,,,,,,,,,,
P Parameswaran,2012-2012,1,1,1,0,0*,-,1,0,0,0,0,0,0
(Royal Challengers Bangalore),,,,,,,,,,,,,,
Y Prithvi Raj,2019-2019,1,1,1,0,0*,-,1,0,0,0,0,0,0
(Kolkata Knight Riders),,,,,,,,,,,,,,
Rahmanullah Gurbaz,2023-2023,1,1,0,0,0,0,1,0,0,0,1,0,0
(Kolkata Knight Riders),,,,,,,,,,,,,,
PD Salt,2023-2023,1,1,0,0,0,0,1,0,0,0,1,0,0
(Delhi Capitals),,,,,,,,,,,,,,
PJ Sangwan,2013-2018,3,1,0,0,0,0,4,0,0,0,1,0,0
"(Gujarat Lions, Kolkata Knight Riders, Mumbai Indians)",,,,,,,,,,,,,,
R Sharma,2011-2013,2,1,0,0,0,0,1,0,0,0,1,0,0
(Pune Warriors),,,,,,,,,,,,,,
SK Trivedi,2008-2013,4,1,1,0,0*,-,1,0,0,0,0,0,0
(Rajasthan Royals),,,,,,,,,,,,,,
JJ van der Wath,2011-2011,1,1,0,0,0,0,1,0,0,0,1,0,0
(Royal Challengers Bangalore),,,,,,,,,,,,,,
DP Vijaykumar,2008-2008,4,1,1,0,0*,-,0,-,0,0,0,0,0
(Deccan Chargers),,,,,,,,,,,,,,
VR Aaron,2012-2016,3,-,-,-,-,-,-,-,-,-,-,-,-
"(Delhi Daredevils, Royal Challengers Bangalore)",,,,,,,,,,,,,,
KJ Abbott,2016-2016,1,-,-,-,-,-,-,-,-,-,-,-,-
(Kings XI Punjab),,,,,,,,,,,,,,
AB Agarkar,2011-2011,1,-,-,-,-,-,-,-,-,-,-,-,-
(Delhi Daredevils),,,,,,,,,,,,,,
AN Ahmed,2011-2014,2,-,-,-,-,-,-,-,-,-,-,-,-
"(Mumbai Indians, Royal Challengers Bangalore)",,,,,,,,,,,,,,
Anand Rajan,2013-2013,1,-,-,-,-,-,-,-,-,-,-,-,-
(Sunrisers Hyderabad),,,,,,,,,,,,,,
CJ Anderson,2014-2014,1,-,-,-,-,-,-,-,-,-,-,-,-
(Mumbai Indians),,,,,,,,,,,,,,
Ankit Sharma,2012-2013,2,-,-,-,-,-,-,-,-,-,-,-,-
"(Deccan Chargers, Sunrisers Hyderabad)",,,,,,,,,,,,,,
Anuj Rawat,2023-2023,1,-,-,-,-,-,-,-,-,-,-,-,-
(Royal Challengers Bangalore),,,,,,,,,,,,,,
Anureet Singh,2015-2015,1,-,-,-,-,-,-,-,-,-,-,-,-
(Kings XI Punjab),,,,,,,,,,,,,,
Arshdeep Singh,2019-2025,4,-,-,-,-,-,-,-,-,-,-,-,-
"(Kings XI Punjab, Punjab Kings)",,,,,,,,,,,,,,
KM Asif,2023-2023,1,-,-,-,-,-,-,-,-,-,-,-,-
(Rajasthan Royals),,,,,,,,,,,,,,
Avesh Khan,2018-2025,4,-,-,-,-,-,-,-,-,-,-,-,-
"(Delhi Daredevils, Lucknow Super Giants, Rajasthan Royals)",,,,,,,,,,,,,,
P Awana,2012-2012,1,-,-,-,-,-,-,-,-,-,-,-,-
(Kings XI Punjab),,,,,,,,,,,,,,
S Badrinath,2008-2013,2,-,-,-,-,-,-,-,-,-,-,-,-
(Chennai Super Kings),,,,,,,,,,,,,,
L Balaji,2008-2011,2,-,-,-,-,-,-,-,-,-,-,-,-
"(Chennai Super Kings, Kolkata Knight Riders)",,,,,,,,,,,,,,
JP Behrendorff,2019-2023,2,-,-,-,-,-,-,-,-,-,-,-,-
(Mumbai Indians),,,,,,,,,,,,,,
R Bhatia,2008-2016,3,-,-,-,-,-,-,-,-,-,-,-,-
"(Delhi Daredevils, Kolkata Knight Riders, Rising Pune Supergiants)",,,,,,,,,,,,,,
TA Boult,2015-2025,6,-,-,-,-,-,-,-,-,-,-,-,-
"(Delhi Daredevils, Mumbai Indians, Rajasthan Royals, Sunrisers Hyderabad)",,,,,,,,,,,,,,
DL Chahar,2018-2025,5,-,-,-,-,-,-,-,-,-,-,-,-
"(Chennai Super Kings, Mumbai Indians)",,,,,,,,,,,,,,
G Coetzee,2024-2024,1,-,-,-,-,-,-,-,-,-,-,-,-
(Mumbai Indians),,,,,,,,,,,,,,
NM Coulter-Nile,2016-2017,2,-,-,-,-,-,-,-,-,-,-,-,-
"(Delhi Daredevils, Kolkata Knight Riders)",,,,,,,,,,,,,,
MJ Dagar,2023-2023,1,-,-,-,-,-,-,-,-,-,-,-,-
(Sunrisers Hyderabad),,,,,,,,,,,,,,
TU Deshpande,2024-2025,2,-,-,-,-,-,-,-,-,-,-,-,-
"(Chennai Super Kings, Rajasthan Royals)",,,,,,,,,,,,,,
Fazalhaq Farooqi,2023-2025,3,-,-,-,-,-,-,-,-,-,-,-,-
"(Rajasthan Royals, Sunrisers Hyderabad)",,,,,,,,,,,,,,
LH Ferguson,2017-2025,3,-,-,-,-,-,-,-,-,-,-,-,-
"(Punjab Kings, Rising Pune Supergiant, Royal Challengers Bengaluru)",,,,,,,,,,,,,,
CRD Fernando,2008-2008,1,-,-,-,-,-,-,-,-,-,-,-,-
(Mumbai Indians),,,,,,,,,,,,,,
Gagandeep Singh,2008-2008,1,-,-,-,-,-,-,-,-,-,-,-,-
(Kings XI Punjab),,,,,,,,,,,,,,
K Goel,2008-2008,1,-,-,-,-,-,-,-,-,-,-,-,-
(Kings XI Punjab),,,,,,,,,,,,,,
HF Gurney,2019-2019,1,-,-,-,-,-,-,-,-,-,-,-,-
(Kolkata Knight Riders),,,,,,,,,,,,,,
RJ Harris,2011-2011,1,-,-,-,-,-,-,-,-,-,-,-,-
(Kings XI Punjab),,,,,,,,,,,,,,
JO Holder,2013-2023,2,-,-,-,-,-,-,-,-,-,-,-,-
"(Chennai Super Kings, Rajasthan Royals)",,,,,,,,,,,,,,
Imran Tahir,2017-2019,3,-,-,-,-,-,-,-,-,-,-,-,-
"(Chennai Super Kings, Rising Pune Supergiant)",,,,,,,,,,,,,,
Kartik Tyagi,2023-2023,2,-,-,-,-,-,-,-,-,-,-,-,-
(Sunrisers Hyderabad),,,,,,,,,,,,,,
S Kaushik,2016-2017,2,-,-,-,-,-,-,-,-,-,-,-,-
(Gujarat Lions),,,,,,,,,,,,,,
A Kumble,2008-2008,1,-,-,-,-,-,-,-,-,-,-,-,-
(Royal Challengers Bangalore),,,,,,,,,,,,,,
B Lee,2011-2011,1,-,-,-,-,-,-,-,-,-,-,-,-
(Kolkata Knight Riders),,,,,,,,,,,,,,
GD McGrath,2008-2008,1,-,-,-,-,-,-,-,-,-,-,-,-
(Delhi Daredevils),,,,,,,,,,,,,,
R McLaren,2011-2011,1,-,-,-,-,-,-,-,-,-,-,-,-
(Kings XI Punjab),,,,,,,,,,,,,,
MF Maharoof,2008-2008,1,-,-,-,-,-,-,-,-,-,-,-,-
(Delhi Daredevils),,,,,,,,,,,,,,
VY Mahesh,2008-2008,1,-,-,-,-,-,-,-,-,-,-,-,-
(Delhi Daredevils),,,,,,,,,,,,,,
VS Malik,2011-2011,1,-,-,-,-,-,-,-,-,-,-,-,-
(Kings XI Punjab),,,,,,,,,,,,,,
E Malinga,2025-2025,2,-,-,-,-,-,-,-,-,-,-,-,-
(Sunrisers Hyderabad),,,,,,,,,,,,,,
SL Malinga,2011-2019,7,-,-,-,-,-,-,-,-,-,-,-,-
(Mumbai Indians),,,,,,,,,,,,,,
KT Maphaka,2024-2024,1,-,-,-,-,-,-,-,-,-,-,-,-
(Mumbai Indians),,,,,,,,,,,,,,
RP Meredith,2023-2023,1,-,-,-,-,-,-,-,-,-,-,-,-
(Mumbai Indians),,,,,,,,,,,,,,
Mohammad Asif,2008-2008,1,-,-,-,-,-,-,-,-,-,-,-,-
(Delhi Daredevils),,,,,,,,,,,,,,
RG More,2015-2015,1,-,-,-,-,-,-,-,-,-,-,-,-
(Chennai Super Kings),,,,,,,,,,,,,,
M Morkel,2011-2016,4,-,-,-,-,-,-,-,-,-,-,-,-
"(Delhi Daredevils, Kolkata Knight Riders)",,,,,,,,,,,,,,
Mukesh Choudhary,2024-2024,1,-,-,-,-,-,-,-,-,-,-,-,-
(Chennai Super Kings),,,,,,,,,,,,,,
Mukesh Kumar,2023-2023,1,-,-,-,-,-,-,-,-,-,-,-,-
(Delhi Capitals),,,,,,,,,,,,,,
A Mukund,2008-2008,1,-,-,-,-,-,-,-,-,-,-,-,-
(Chennai Super Kings),,,,,,,,,,,,,,
SZ Mulani,2024-2024,1,-,-,-,-,-,-,-,-,-,-,-,-
(Mumbai Indians),,,,,,,,,,,,,,
Mustafizur Rahman,2016-2018,8,-,-,-,-,-,-,-,-,-,-,-,-
"(Mumbai Indians, Sunrisers Hyderabad)",,,,,,,,,,,,,,
T Natarajan,2023-2024,12,-,-,-,-,-,-,-,-,-,-,-,-
(Sunrisers Hyderabad),,,,,,,,,,,,,,
Naveen-ul-Haq,2024-2024,1,-,-,-,-,-,-,-,-,-,-,-,-
(Lucknow Super Giants),,,,,,,,,,,,,,
M Ntini,2008-2008,1,-,-,-,-,-,-,-,-,-,-,-,-
(Chennai Super Kings),,,,,,,,,,,,,,
JDP Oram,2011-2011,1,-,-,-,-,-,-,-,-,-,-,-,-
(Rajasthan Royals),,,,,,,,,,,,,,
WD Parnell,2011-2023,2,-,-,-,-,-,-,-,-,-,-,-,-
"(Pune Warriors, Royal Challengers Bangalore)",,,,,,,,,,,,,,
MM Patel,2008-2011,2,-,-,-,-,-,-,-,-,-,-,-,-
"(Mumbai Indians, Rajasthan Royals)",,,,,,,,,,,,,,
LE Plunkett,2018-2018,1,-,-,-,-,-,-,-,-,-,-,-,-
(Delhi Daredevils),,,,,,,,,,,,,,
RR Powar,2012-2012,1,-,-,-,-,-,-,-,-,-,-,-,-
(Kings XI Punjab),,,,,,,,,,,,,,
M Prasidh Krishna,2018-2025,2,-,-,-,-,-,-,-,-,-,-,-,-
"(Gujarat Titans, Kolkata Knight Riders)",,,,,,,,,,,,,,
V Pratap Singh,2012-2012,3,-,-,-,-,-,-,-,-,-,-,-,-
(Deccan Chargers),,,,,,,,,,,,,,
Prince Yadav,2025-2025,1,-,-,-,-,-,-,-,-,-,-,-,-
(Lucknow Super Giants),,,,,,,,,,,,,,
V Puthur,2025-2025,1,-,-,-,-,-,-,-,-,-,-,-,-
(Mumbai Indians),,,,,,,,,,,,,,
DS Rathi,2025-2025,1,-,-,-,-,-,-,-,-,-,-,-,-
(Lucknow Super Giants),,,,,,,,,,,,,,
AS Raut,2011-2011,1,-,-,-,-,-,-,-,-,-,-,-,-
(Rajasthan Royals),,,,,,,,,,,,,,
Ravi Bishnoi,2023-2025,3,-,-,-,-,-,-,-,-,-,-,-,-
(Lucknow Super Giants),,,,,,,,,,,,,,
KW Richardson,2016-2016,1,-,-,-,-,-,-,-,-,-,-,-,-
(Royal Challengers Bangalore),,,,,,,,,,,,,,
NA Saini,2023-2023,1,-,-,-,-,-,-,-,-,-,-,-,-
(Rajasthan Royals),,,,,,,,,,,,,,
R Sai Kishore,2025-2025,1,-,-,-,-,-,-,-,-,-,-,-,-
(Gujarat Titans),,,,,,,,,,,,,,
AM Salvi,2011-2011,1,-,-,-,-,-,-,-,-,-,-,-,-
(Delhi Daredevils),,,,,,,,,,,,,,
MJ Santner,2025-2025,1,-,-,-,-,-,-,-,-,-,-,-,-
(Mumbai Indians),,,,,,,,,,,,,,
PM Sarvesh Kumar,2008-2008,1,-,-,-,-,-,-,-,-,-,-,-,-
(Deccan Chargers),,,,,,,,,,,,,,
R Sathish,2011-2011,1,-,-,-,-,-,-,-,-,-,-,-,-
(Mumbai Indians),,,,,,,,,,,,,,
JPR Scantlebury-Searles,2018-2018,1,-,-,-,-,-,-,-,-,-,-,-,-
(Kolkata Knight Riders),,,,,,,,,,,,,,
T Shamsi,2016-2016,1,-,-,-,-,-,-,-,-,-,-,-,-
(Royal Challengers Bangalore),,,,,,,,,,,,,,
Shivam Sharma,2014-2014,1,-,-,-,-,-,-,-,-,-,-,-,-
(Kings XI Punjab),,,,,,,,,,,,,,
Shoaib Malik,2008-2008,1,-,-,-,-,-,-,-,-,-,-,-,-
(Delhi Daredevils),,,,,,,,,,,,,,
HR Shokeen,2023-2023,1,-,-,-,-,-,-,-,-,-,-,-,-
(Mumbai Indians),,,,,,,,,,,,,,
VRV Singh,2008-2008,1,-,-,-,-,-,-,-,-,-,-,-,-
(Kings XI Punjab),,,,,,,,,,,,,,
A Singh,2011-2011,1,-,-,-,-,-,-,-,-,-,-,-,-
(Rajasthan Royals),,,,,,,,,,,,,,
TG Southee,2016-2018,2,-,-,-,-,-,-,-,-,-,-,-,-
"(Mumbai Indians, Royal Challengers Bangalore)",,,,,,,,,,,,,,
S Sreesanth,2008-2008,1,-,-,-,-,-,-,-,-,-,-,-,-
(Kings XI Punjab),,,,,,,,,,,,,,
J Suchith,2015-2015,1,-,-,-,-,-,-,-,-,-,-,-,-
(Mumbai Indians),,,,,,,,,,,,,,
TP Sudhindra,2012-2012,1,-,-,-,-,-,-,-,-,-,-,-,-
(Deccan Chargers),,,,,,,,,,,,,,
Sunny Singh,2011-2011,1,-,-,-,-,-,-,-,-,-,-,-,-
(Kings XI Punjab),,,,,,,,,,,,,,
SW Tait,2012-2012,1,-,-,-,-,-,-,-,-,-,-,-,-
(Rajasthan Royals),,,,,,,,,,,,,,
Tejas Baroka,2017-2017,1,-,-,-,-,-,-,-,-,-,-,-,-
(Gujarat Lions),,,,,,,,,,,,,,
AS Tendulkar,2023-2023,1,-,-,-,-,-,-,-,-,-,-,-,-
(Mumbai Indians),,,,,,,,,,,,,,
R Tewatia,2025-2025,1,-,-,-,-,-,-,-,-,-,-,-,-
(Gujarat Titans),,,,,,,,,,,,,,
Yash Thakur,2023-2025,3,-,-,-,-,-,-,-,-,-,-,-,-
"(Lucknow Super Giants, Punjab Kings)",,,,,,,,,,,,,,
M Theekshana,2024-2025,2,-,-,-,-,-,-,-,-,-,-,-,-
"(Chennai Super Kings, Rajasthan Royals)",,,,,,,,,,,,,,
Umar Gul,2008-2008,1,-,-,-,-,-,-,-,-,-,-,-,-
(Kolkata Knight Riders),,,,,,,,,,,,,,
CV Varun,2023-2023,1,-,-,-,-,-,-,-,-,-,-,-,-
(Kolkata Knight Riders),,,,,,,,,,,,,,
Vivrant Sharma,2023-2023,1,-,-,-,-,-,-,-,-,-,-,-,-
(Sunrisers Hyderabad),,,,,,,,,,,,,,
V Viyaskanth,2024-2024,2,-,-,-,-,-,-,-,-,-,-,-,-
(Sunrisers Hyderabad),,,,,,,,,,,,,,
SB Wagh,2011-2011,1,-,-,-,-,-,-,-,-,-,-,-,-
(Pune Warriors),,,,,,,,,,,,,,
D Wiese,2015-2015,1,-,-,-,-,-,-,-,-,-,-,-,-
(Royal Challengers Bangalore),,,,,,,,,,,,,,
J Yadav,2016-2017,2,-,-,-,-,-,-,-,-,-,-,-,-
(Delhi Daredevils),,,,,,,,,,,,,,
Yash Dayal,2024-2024,1,-,-,-,-,-,-,-,-,-,-,-,-
(Royal Challengers Bengaluru),,,,,,,,,,,,,,
Yudhvir Singh,2023-2023,1,-,-,-,-,-,-,-,-,-,-,-,-
(Lucknow Super Giants),,,,,,,,,,,,,,
A Zampa,2017-2025,3,-,-,-,-,-,-,-,-,-,-,-,-
"(Rising Pune Supergiant, Sunrisers Hyderabad)",,,,,,,,,,,,,,
Zeeshan Ansari,2025-2025,3,-,-,-,-,-,-,-,-,-,-,-,-
(Sunrisers Hyderabad),,,,,,,,,,,,,,
,,,,,,,,,,,,,,
,,,,,venue lucknow,,,,,,,,,
Player,Span,Mat,Inns,NO,Runs,HS,Ave,BF,SR,100,50,0,4s,6s
KL Rahul,2023-2025,13,13,2,540,82,49.09,411,131.38,0,5,0,55,13
"(Delhi Capitals, Lucknow Super Giants)",,,,,,,,,,,,,,
A Badoni,2023-2025,19,16,5,373,59*,33.9,260,143.46,0,2,0,27,14
(Lucknow Super Giants),,,,,,,,,,,,,,
N Pooran,2023-2025,19,19,5,351,61,25.07,254,138.18,0,1,2,23,23
(Lucknow Super Giants),,,,,,,,,,,,,,
MP Stoinis,2023-2025,15,14,3,336,89*,30.54,247,136.03,0,3,2,24,20
"(Lucknow Super Giants, Punjab Kings)",,,,,,,,,,,,,,
KH Pandya,2023-2024,14,13,6,222,49*,31.71,176,126.13,0,0,1,17,6
(Lucknow Super Giants),,,,,,,,,,,,,,
AK Markram,2023-2025,6,6,0,197,58,32.83,127,155.11,0,3,1,18,9
"(Lucknow Super Giants, Sunrisers Hyderabad)",,,,,,,,,,,,,,
Q de Kock,2023-2024,6,6,0,157,54,26.16,116,135.34,0,2,0,16,6
(Lucknow Super Giants),,,,,,,,,,,,,,
KR Mayers,2023-2023,6,6,0,153,73,25.5,113,135.39,0,1,1,9,11
(Lucknow Super Giants),,,,,,,,,,,,,,
MR Marsh,2023-2025,5,5,0,135,60,27,94,143.61,0,1,2,14,5
"(Delhi Capitals, Lucknow Super Giants)",,,,,,,,,,,,,,
RR Pant,2024-2025,6,6,0,129,63,21.5,104,124.03,0,1,1,12,6
"(Delhi Capitals, Lucknow Super Giants)",,,,,,,,,,,,,,
DJ Hooda,2023-2024,11,10,0,117,50,11.7,105,111.42,0,1,0,10,1
(Lucknow Super Giants),,,,,,,,,,,,,,
N Wadhera,2023-2025,3,3,1,105,46,52.5,86,122.09,0,0,0,9,6
"(Mumbai Indians, Punjab Kings)",,,,,,,,,,,,,,
HH Pandya,2023-2025,3,3,1,94,66,47,67,140.29,0,1,1,4,5
"(Gujarat Titans, Mumbai Indians)",,,,,,,,,,,,,,
Prabhsimran Singh,2023-2025,3,3,0,92,69,30.66,45,204.44,0,1,0,11,5
(Punjab Kings),,,,,,,,,,,,,,
Ishan Kishan,2023-2024,2,2,0,91,59,45.5,75,121.33,0,1,0,11,1
(Mumbai Indians),,,,,,,,,,,,,,
B Sai Sudharsan,2024-2025,2,2,0,87,56,43.5,60,145,0,1,0,11,1
(Gujarat Titans),,,,,,,,,,,,,,
SA Yadav,2023-2025,3,3,0,84,67,28,58,144.82,0,1,0,9,2
(Mumbai Indians),,,,,,,,,,,,,,
SP Narine,2024-2024,1,1,0,81,81,81,39,207.69,0,1,0,6,7
(Kolkata Knight Riders),,,,,,,,,,,,,,
Shubman Gill,2023-2025,3,3,0,79,60,26.33,61,129.5,0,1,1,8,1
(Gujarat Titans),,,,,,,,,,,,,,
Abdul Samad,2023-2025,6,6,2,76,27,19,46,165.21,0,0,0,4,6
"(Lucknow Super Giants, Sunrisers Hyderabad)",,,,,,,,,,,,,,
SS Iyer,2024-2025,2,2,1,75,52*,75,45,166.66,0,1,0,6,4
"(Kolkata Knight Riders, Punjab Kings)",,,,,,,,,,,,,,
DA Miller,2023-2025,6,6,2,73,27,18.25,70,104.28,0,0,0,7,1
"(Gujarat Titans, Lucknow Super Giants)",,,,,,,,,,,,,,
SV Samson,2024-2024,1,1,1,71,71*,-,33,215.15,0,1,0,7,4
(Rajasthan Royals),,,,,,,,,,,,,,
S Dhawan,2024-2024,1,1,0,70,70,70,50,140,0,1,0,7,3
(Punjab Kings),,,,,,,,,,,,,,
TH David,2023-2024,2,2,2,67,35*,-,37,181.08,0,0,0,4,4
(Mumbai Indians),,,,,,,,,,,,,,
RA Jadeja,2024-2025,2,2,1,64,57*,64,51,125.49,0,1,0,5,1
(Chennai Super Kings),,,,,,,,,,,,,,
DA Warner,2023-2024,2,2,0,64,56,32,57,112.28,0,1,0,8,0
(Delhi Capitals),,,,,,,,,,,,,,
Sikandar Raza,2023-2023,1,1,0,57,57,57,41,139.02,0,1,0,4,3
(Punjab Kings),,,,,,,,,,,,,,
J Fraser-McGurk,2024-2024,1,1,0,55,55,55,35,157.14,0,1,0,2,5
(Delhi Capitals),,,,,,,,,,,,,,
MS Dhoni,2024-2025,2,2,2,54,28*,-,20,270,0,0,0,7,3
(Chennai Super Kings),,,,,,,,,,,,,,
DC Jurel,2024-2024,1,1,1,52,52*,-,34,152.94,0,1,0,5,2
(Rajasthan Royals),,,,,,,,,,,,,,
Abishek Porel,2024-2025,2,1,0,51,51,51,36,141.66,0,1,0,5,1
(Delhi Capitals),,,,,,,,,,,,,,
JC Buttler,2024-2025,2,2,0,50,34,25,32,156.25,0,0,0,6,1
"(Gujarat Titans, Rajasthan Royals)",,,,,,,,,,,,,,
AR Patel,2023-2025,3,2,1,50,34*,50,31,161.29,0,0,0,2,5
(Delhi Capitals),,,,,,,,,,,,,,
WP Saha,2023-2023,1,1,0,47,47,47,37,127.02,0,0,0,6,0
(Gujarat Titans),,,,,,,,,,,,,,
S Dube,2024-2025,2,2,1,46,43*,46,45,102.22,0,0,0,3,2
(Chennai Super Kings),,,,,,,,,,,,,,
Naman Dhir,2025-2025,1,1,0,46,46,46,24,191.66,0,0,0,4,3
(Mumbai Indians),,,,,,,,,,,,,,
F du Plessis,2023-2023,1,1,0,44,44,44,40,110,0,0,0,1,1
(Royal Challengers Bangalore),,,,,,,,,,,,,,
PP Shaw,2023-2024,2,2,0,44,32,22,31,141.93,0,0,0,8,0
(Delhi Capitals),,,,,,,,,,,,,,
RA Tripathi,2023-2025,2,2,0,43,34,21.5,51,84.31,0,0,0,5,0
"(Chennai Super Kings, Sunrisers Hyderabad)",,,,,,,,,,,,,,
JM Bairstow,2024-2024,1,1,0,42,42,42,29,144.82,0,0,0,3,3
(Punjab Kings),,,,,,,,,,,,,,
RG Sharma,2023-2024,2,2,0,41,37,20.5,30,136.66,0,0,0,2,3
(Mumbai Indians),,,,,,,,,,,,,,
R Ravindra,2024-2025,2,2,0,37,37,18.5,23,160.86,0,0,1,5,0
(Chennai Super Kings),,,,,,,,,,,,,,
AM Rahane,2024-2024,1,1,0,36,36,36,24,150,0,0,0,5,1
(Chennai Super Kings),,,,,,,,,,,,,,
V Shankar,2023-2025,3,3,0,36,17,12,37,97.29,0,0,0,2,1
"(Chennai Super Kings, Gujarat Titans)",,,,,,,,,,,,,,
M Shahrukh Khan,2023-2025,2,2,2,34,23*,-,16,212.5,0,0,0,1,3
"(Gujarat Titans, Punjab Kings)",,,,,,,,,,,,,,
MW Short,2023-2023,1,1,0,34,34,34,22,154.54,0,0,0,5,1
(Punjab Kings),,,,,,,,,,,,,,
A Raghuvanshi,2024-2024,1,1,0,32,32,32,26,123.07,0,0,0,3,1
(Kolkata Knight Riders),,,,,,,,,,,,,,
PD Salt,2024-2024,1,1,0,32,32,32,14,228.57,0,0,0,5,1
(Kolkata Knight Riders),,,,,,,,,,,,,,
R Tewatia,2023-2025,3,3,1,32,30,16,28,114.28,0,0,1,2,2
(Gujarat Titans),,,,,,,,,,,,,,
NT Tilak Varma,2024-2025,2,2,0,32,25,16,34,94.11,0,0,0,3,0
(Mumbai Indians),,,,,,,,,,,,,,
Anmolpreet Singh,2023-2023,1,1,0,31,31,31,26,119.23,0,0,0,3,1
(Sunrisers Hyderabad),,,,,,,,,,,,,,
K Gowtham,2023-2023,4,4,1,31,23,10.33,19,163.15,0,0,0,1,3
(Lucknow Super Giants),,,,,,,,,,,,,,
V Kohli,2023-2023,1,1,0,31,31,31,30,103.33,0,0,0,3,0
(Royal Challengers Bangalore),,,,,,,,,,,,,,
MM Ali,2024-2024,1,1,0,30,30,30,20,150,0,0,0,0,3
(Chennai Super Kings),,,,,,,,,,,,,,
RR Rossouw,2023-2023,1,1,0,30,30,30,20,150,0,0,0,3,1
(Delhi Capitals),,,,,,,,,,,,,,
LS Livingstone,2024-2024,1,1,1,28,28*,-,17,164.7,0,0,0,2,2
(Punjab Kings),,,,,,,,,,,,,,
SK Rasheed,2025-2025,1,1,0,27,27,27,19,142.1,0,0,0,6,0
(Chennai Super Kings),,,,,,,,,,,,,,
Ramandeep Singh,2024-2024,1,1,1,25,25*,-,6,416.66,0,0,0,1,3
(Kolkata Knight Riders),,,,,,,,,,,,,,
YBK Jaiswal,2024-2024,1,1,0,24,24,24,18,133.33,0,0,0,3,1
(Rajasthan Royals),,,,,,,,,,,,,,
Harpreet Singh,2023-2023,1,1,0,22,22,22,22,100,0,0,0,3,0
(Punjab Kings),,,,,,,,,,,,,,
SE Rutherford,2025-2025,1,1,0,22,22,22,19,115.78,0,0,0,3,0
(Gujarat Titans),,,,,,,,,,,,,,
AJ Turner,2024-2024,2,2,0,21,16,10.5,18,116.66,0,0,0,0,2
(Lucknow Super Giants),,,,,,,,,,,,,,
Arshad Khan,2024-2025,2,1,1,20,20*,-,16,125,0,0,0,2,0
"(Gujarat Titans, Lucknow Super Giants)",,,,,,,,,,,,,,
A Mishra,2023-2024,4,1,0,19,19,19,30,63.33,0,0,0,2,0
(Lucknow Super Giants),,,,,,,,,,,,,,
D Padikkal,2024-2024,3,3,0,19,9,6.33,19,100,0,0,0,3,0
(Lucknow Super Giants),,,,,,,,,,,,,,
Washington Sundar,2023-2025,2,2,0,18,16,9,31,58.06,0,0,0,0,0
"(Gujarat Titans, Sunrisers Hyderabad)",,,,,,,,,,,,,,
RD Gaikwad,2024-2024,1,1,0,17,17,17,13,130.76,0,0,0,1,0
(Chennai Super Kings),,,,,,,,,,,,,,
KD Karthik,2023-2023,1,1,0,16,16,16,11,145.45,0,0,0,1,1
(Royal Challengers Bangalore),,,,,,,,,,,,,,
RK Singh,2024-2024,1,1,0,16,16,16,11,145.45,0,0,0,2,0
(Kolkata Knight Riders),,,,,,,,,,,,,,
KK Nair,2025-2025,1,1,0,15,15,15,9,166.66,0,0,0,2,1
(Delhi Capitals),,,,,,,,,,,,,,
T Stubbs,2024-2025,2,1,1,15,15*,-,9,166.66,0,0,0,0,1
(Delhi Capitals),,,,,,,,,,,,,,
R Parag,2024-2024,1,1,0,14,14,14,11,127.27,0,0,0,0,1
(Rajasthan Royals),,,,,,,,,,,,,,
SN Thakur,2025-2025,5,3,2,14,6,14,9,155.55,0,0,0,2,0
(Lucknow Super Giants),,,,,,,,,,,,,,
Naveen-ul-Haq,2023-2024,9,3,2,13,13,13,13,100,0,0,0,2,0
(Lucknow Super Giants),,,,,,,,,,,,,,
DG Nalkande,2024-2024,1,1,0,12,12,12,11,109.09,0,0,0,0,1
(Gujarat Titans),,,,,,,,,,,,,,
AD Russell,2024-2024,1,1,0,12,12,12,8,150,0,0,0,1,1
(Kolkata Knight Riders),,,,,,,,,,,,,,
SD Hope,2024-2024,1,1,1,11,11*,-,10,110,0,0,0,1,0
(Delhi Capitals),,,,,,,,,,,,,,
Ravi Bishnoi,2023-2025,19,5,2,10,5,3.33,16,62.5,0,0,1,0,0
(Lucknow Super Giants),,,,,,,,,,,,,,
RD Rickelton,2025-2025,1,1,0,10,10,10,5,200,0,0,0,2,0
(Mumbai Indians),,,,,,,,,,,,,,
M Vohra,2023-2023,1,1,0,10,10,10,11,90.9,0,0,0,1,0
(Lucknow Super Giants),,,,,,,,,,,,,,
Anuj Rawat,2023-2023,1,1,0,9,9,9,11,81.81,0,0,0,0,0
(Royal Challengers Bangalore),,,,,,,,,,,,,,
AA Kulkarni,2024-2024,2,2,0,9,9,4.5,8,112.5,0,0,1,2,0
(Lucknow Super Giants),,,,,,,,,,,,,,
KS Sharma,2023-2023,1,1,0,9,9,9,16,56.25,0,0,0,0,0
(Lucknow Super Giants),,,,,,,,,,,,,,
Shashank Singh,2024-2025,2,1,1,9,9*,-,7,128.57,0,0,0,1,0
(Punjab Kings),,,,,,,,,,,,,,
MA Agarwal,2023-2023,1,1,0,8,8,8,7,114.28,0,0,0,1,0
(Sunrisers Hyderabad),,,,,,,,,,,,,,
P Arya,2025-2025,1,1,0,8,8,8,9,88.88,0,0,0,1,0
(Punjab Kings),,,,,,,,,,,,,,
PW Hasaranga,2023-2023,1,1,1,8,8*,-,7,114.28,0,0,0,1,0
(Royal Challengers Bangalore),,,,,,,,,,,,,,
JM Sharma,2023-2024,2,2,0,8,6,4,13,61.53,0,0,0,1,0
(Punjab Kings),,,,,,,,,,,,,,
Yudhvir Singh,2023-2024,2,2,0,7,7,3.5,8,87.5,0,0,1,0,1
(Lucknow Super Giants),,,,,,,,,,,,,,
SM Curran,2023-2024,2,2,0,6,6,3,7,85.71,0,0,1,1,0
(Punjab Kings),,,,,,,,,,,,,,
Harpreet Brar,2023-2024,2,1,0,6,6,6,4,150,0,0,0,1,0
(Punjab Kings),,,,,,,,,,,,,,
Kuldeep Yadav,2023-2025,3,1,1,6,6*,-,10,60,0,0,0,0,0
(Delhi Capitals),,,,,,,,,,,,,,
SS Prabhudessai,2023-2023,1,1,0,6,6,6,7,85.71,0,0,0,0,0
(Royal Challengers Bangalore),,,,,,,,,,,,,,
WG Jacks,2025-2025,1,1,0,5,5,5,7,71.42,0,0,0,0,0
(Mumbai Indians),,,,,,,,,,,,,,
Aman Hakim Khan,2023-2023,1,1,0,4,4,4,5,80,0,0,0,0,0
(Delhi Capitals),,,,,,,,,,,,,,
C Green,2023-2023,1,1,1,4,4*,-,6,66.66,0,0,0,0,0
(Mumbai Indians),,,,,,,,,,,,,,
SN Khan,2023-2023,1,1,0,4,4,4,9,44.44,0,0,0,1,0
(Delhi Capitals),,,,,,,,,,,,,,
GJ Maxwell,2023-2025,2,1,0,4,4,4,5,80,0,0,0,0,0
"(Punjab Kings, Royal Challengers Bangalore)",,,,,,,,,,,,,,
Noor Ahmad,2023-2025,3,1,0,4,4,4,2,200,0,0,0,1,0
"(Chennai Super Kings, Gujarat Titans)",,,,,,,,,,,,,,
AU Rashid,2023-2023,1,1,0,4,4,4,3,133.33,0,0,0,1,0
(Sunrisers Hyderabad),,,,,,,,,,,,,,
Rashid Khan,2023-2025,3,2,1,4,4*,4,5,80,0,0,1,0,0
(Gujarat Titans),,,,,,,,,,,,,,
C Sakariya,2023-2023,1,1,0,4,4,4,4,100,0,0,0,1,0
(Delhi Capitals),,,,,,,,,,,,,,
HC Brook,2023-2023,1,1,0,3,3,3,4,75,0,0,0,0,0
(Sunrisers Hyderabad),,,,,,,,,,,,,,
MK Lomror,2023-2023,1,1,0,3,3,3,4,75,0,0,0,0,0
(Royal Challengers Bangalore),,,,,,,,,,,,,,
A Manohar,2023-2023,1,1,0,3,3,3,5,60,0,0,0,0,0
(Gujarat Titans),,,,,,,,,,,,,,
Avesh Khan,2023-2025,9,2,2,2,2*,-,1,200,0,0,0,0,0
"(Lucknow Super Giants, Rajasthan Royals)",,,,,,,,,,,,,,
Mohsin Khan,2023-2024,7,1,0,2,2,2,1,200,0,0,0,0,0
(Lucknow Super Giants),,,,,,,,,,,,,,
MJ Santner,2025-2025,1,1,1,2,2*,-,2,100,0,0,0,0,0
(Mumbai Indians),,,,,,,,,,,,,,
BR Sharath,2024-2024,1,1,0,2,2,2,5,40,0,0,0,0,0
(Gujarat Titans),,,,,,,,,,,,,,
KV Sharma,2023-2023,1,1,0,2,2,2,2,100,0,0,0,0,0
(Royal Challengers Bangalore),,,,,,,,,,,,,,
Vishnu Vinod,2023-2023,1,1,0,2,2,2,4,50,0,0,0,0,0
(Mumbai Indians),,,,,,,,,,,,,,
UT Yadav,2024-2024,1,1,0,2,2,2,4,50,0,0,0,0,0
(Gujarat Titans),,,,,,,,,,,,,,
G Coetzee,2024-2024,1,1,1,1,1*,-,2,50,0,0,0,0,0
(Mumbai Indians),,,,,,,,,,,,,,
JR Hazlewood,2023-2023,1,1,1,1,1*,-,2,50,0,0,0,0,0
(Royal Challengers Bangalore),,,,,,,,,,,,,,
VR Iyer,2024-2024,1,1,1,1,1*,-,1,100,0,0,0,0,0
(Kolkata Knight Riders),,,,,,,,,,,,,,
Mohammad Nabi,2024-2024,1,1,0,1,1,1,2,50,0,0,0,0,0
(Mumbai Indians),,,,,,,,,,,,,,
R Powell,2023-2024,2,1,0,1,1,1,3,33.33,0,0,0,0,0
"(Delhi Capitals, Rajasthan Royals)",,,,,,,,,,,,,,
Sameer Rizvi,2024-2024,1,1,0,1,1,1,5,20,0,0,0,0,0
(Chennai Super Kings),,,,,,,,,,,,,,
KS Williamson,2024-2024,1,1,0,1,1,1,5,20,0,0,0,0,0
(Gujarat Titans),,,,,,,,,,,,,,
Akash Deep,2025-2025,3,1,0,0,0,0,1,0,0,0,1,0,0
(Lucknow Super Giants),,,,,,,,,,,,,,
SH Johnson,2024-2024,1,1,1,0,0*,-,1,0,0,0,0,0,0
(Gujarat Titans),,,,,,,,,,,,,,
B Kumar,2023-2023,1,1,1,0,0*,-,0,-,0,0,0,0,0
(Sunrisers Hyderabad),,,,,,,,,,,,,,
PN Mankad,2023-2023,2,2,1,0,0*,0,1,0,0,0,1,0,0
(Lucknow Super Giants),,,,,,,,,,,,,,
Mohammed Siraj,2023-2025,2,1,0,0,0,0,1,0,0,0,1,0,0
"(Gujarat Titans, Royal Challengers Bangalore)",,,,,,,,,,,,,,
Mukesh Kumar,2023-2025,3,1,1,0,0*,-,1,0,0,0,0,0,0
(Delhi Capitals),,,,,,,,,,,,,,
K Rabada,2023-2024,2,1,1,0,0*,-,1,0,0,0,0,0,0
(Punjab Kings),,,,,,,,,,,,,,
R Shepherd,2023-2023,1,1,0,0,0,0,1,0,0,0,1,0,0
(Lucknow Super Giants),,,,,,,,,,,,,,
A Taide,2023-2023,1,1,0,0,0,0,3,0,0,0,1,0,0
(Punjab Kings),,,,,,,,,,,,,,
Umran Malik,2023-2023,1,1,0,0,0,0,0,-,0,0,1,0,0
(Sunrisers Hyderabad),,,,,,,,,,,,,,
KK Ahmed,2023-2025,3,-,-,-,-,-,-,-,-,-,-,-,-
"(Chennai Super Kings, Delhi Capitals)",,,,,,,,,,,,,,
VG Arora,2024-2024,1,-,-,-,-,-,-,-,-,-,-,-,-
(Kolkata Knight Riders),,,,,,,,,,,,,,
Arshdeep Singh,2023-2025,3,-,-,-,-,-,-,-,-,-,-,-,-
(Punjab Kings),,,,,,,,,,,,,,
Ashwani Kumar,2025-2025,1,-,-,-,-,-,-,-,-,-,-,-,-
(Mumbai Indians),,,,,,,,,,,,,,
R Ashwin,2024-2024,1,-,-,-,-,-,-,-,-,-,-,-,-
(Rajasthan Royals),,,,,,,,,,,,,,
RA Bawa,2025-2025,1,-,-,-,-,-,-,-,-,-,-,-,-
(Mumbai Indians),,,,,,,,,,,,,,
JP Behrendorff,2023-2023,1,-,-,-,-,-,-,-,-,-,-,-,-
(Mumbai Indians),,,,,,,,,,,,,,
TA Boult,2024-2025,2,-,-,-,-,-,-,-,-,-,-,-,-
"(Mumbai Indians, Rajasthan Royals)",,,,,,,,,,,,,,
JJ Bumrah,2024-2024,1,-,-,-,-,-,-,-,-,-,-,-,-
(Mumbai Indians),,,,,,,,,,,,,,
YS Chahal,2024-2025,2,-,-,-,-,-,-,-,-,-,-,-,-
"(Punjab Kings, Rajasthan Royals)",,,,,,,,,,,,,,
DL Chahar,2024-2025,2,-,-,-,-,-,-,-,-,-,-,-,-
"(Chennai Super Kings, Mumbai Indians)",,,,,,,,,,,,,,
RD Chahar,2023-2024,2,-,-,-,-,-,-,-,-,-,-,-,-
(Punjab Kings),,,,,,,,,,,,,,
PVD Chameera,2025-2025,1,-,-,-,-,-,-,-,-,-,-,-,-
(Delhi Capitals),,,,,,,,,,,,,,
PP Chawla,2023-2024,2,-,-,-,-,-,-,-,-,-,-,-,-
(Mumbai Indians),,,,,,,,,,,,,,
TU Deshpande,2024-2024,1,-,-,-,-,-,-,-,-,-,-,-,-
(Chennai Super Kings),,,,,,,,,,,,,,
Fazalhaq Farooqi,2023-2023,1,-,-,-,-,-,-,-,-,-,-,-,-
(Sunrisers Hyderabad),,,,,,,,,,,,,,
LH Ferguson,2025-2025,1,-,-,-,-,-,-,-,-,-,-,-,-
(Punjab Kings),,,,,,,,,,,,,,
Harshit Rana,2024-2024,1,-,-,-,-,-,-,-,-,-,-,-,-
(Kolkata Knight Riders),,,,,,,,,,,,,,
MJ Henry,2024-2024,2,-,-,-,-,-,-,-,-,-,-,-,-
(Lucknow Super Giants),,,,,,,,,,,,,,
SO Hetmyer,2024-2024,1,-,-,-,-,-,-,-,-,-,-,-,-
(Rajasthan Royals),,,,,,,,,,,,,,
Himmat Singh,2025-2025,1,-,-,-,-,-,-,-,-,-,-,-,-
(Lucknow Super Giants),,,,,,,,,,,,,,
M Jansen,2025-2025,1,-,-,-,-,-,-,-,-,-,-,-,-
(Punjab Kings),,,,,,,,,,,,,,
CJ Jordan,2023-2023,1,-,-,-,-,-,-,-,-,-,-,-,-
(Mumbai Indians),,,,,,,,,,,,,,
A Kamboj,2025-2025,1,-,-,-,-,-,-,-,-,-,-,-,-
(Chennai Super Kings),,,,,,,,,,,,,,
A Madhwal,2023-2023,1,-,-,-,-,-,-,-,-,-,-,-,-
(Mumbai Indians),,,,,,,,,,,,,,
Mohammed Shami,2023-2023,1,-,-,-,-,-,-,-,-,-,-,-,-
(Gujarat Titans),,,,,,,,,,,,,,
Mustafizur Rahman,2024-2024,1,-,-,-,-,-,-,-,-,-,-,-,-
(Chennai Super Kings),,,,,,,,,,,,,,
T Natarajan,2023-2023,1,-,-,-,-,-,-,-,-,-,-,-,-
(Sunrisers Hyderabad),,,,,,,,,,,,,,
V Nigam,2025-2025,1,-,-,-,-,-,-,-,-,-,-,-,-
(Delhi Capitals),,,,,,,,,,,,,,
J Overton,2025-2025,1,-,-,-,-,-,-,-,-,-,-,-,-
(Chennai Super Kings),,,,,,,,,,,,,,
HV Patel,2023-2024,2,-,-,-,-,-,-,-,-,-,-,-,-
"(Punjab Kings, Royal Challengers Bangalore)",,,,,,,,,,,,,,
M Pathirana,2024-2025,2,-,-,-,-,-,-,-,-,-,-,-,-
(Chennai Super Kings),,,,,,,,,,,,,,
M Prasidh Krishna,2025-2025,1,-,-,-,-,-,-,-,-,-,-,-,-
(Gujarat Titans),,,,,,,,,,,,,,
Prince Yadav,2025-2025,1,-,-,-,-,-,-,-,-,-,-,-,-
(Lucknow Super Giants),,,,,,,,,,,,,,
V Puthur,2025-2025,1,-,-,-,-,-,-,-,-,-,-,-,-
(Mumbai Indians),,,,,,,,,,,,,,
DS Rathi,2025-2025,5,-,-,-,-,-,-,-,-,-,-,-,-
(Lucknow Super Giants),,,,,,,,,,,,,,
R Sai Kishore,2025-2025,1,-,-,-,-,-,-,-,-,-,-,-,-
(Gujarat Titans),,,,,,,,,,,,,,
Sandeep Sharma,2024-2024,1,-,-,-,-,-,-,-,-,-,-,-,-
(Rajasthan Royals),,,,,,,,,,,,,,
AR Sharma,2025-2025,1,-,-,-,-,-,-,-,-,-,-,-,-
(Delhi Capitals),,,,,,,,,,,,,,
I Sharma,2024-2024,1,-,-,-,-,-,-,-,-,-,-,-,-
(Delhi Capitals),,,,,,,,,,,,,,
MM Sharma,2023-2024,2,-,-,-,-,-,-,-,-,-,-,-,-
(Gujarat Titans),,,,,,,,,,,,,,
HR Shokeen,2023-2023,1,-,-,-,-,-,-,-,-,-,-,-,-
(Mumbai Indians),,,,,,,,,,,,,,
M Siddharth,2024-2025,3,-,-,-,-,-,-,-,-,-,-,-,-
(Lucknow Super Giants),,,,,,,,,,,,,,
MA Starc,2024-2025,2,-,-,-,-,-,-,-,-,-,-,-,-
"(Delhi Capitals, Kolkata Knight Riders)",,,,,,,,,,,,,,
Suryansh Shedge,2025-2025,1,-,-,-,-,-,-,-,-,-,-,-,-
(Punjab Kings),,,,,,,,,,,,,,
Swapnil Singh,2023-2023,1,-,-,-,-,-,-,-,-,-,-,-,-
(Lucknow Super Giants),,,,,,,,,,,,,,
Yash Thakur,2023-2024,8,-,-,-,-,-,-,-,-,-,-,-,-
(Lucknow Super Giants),,,,,,,,,,,,,,
N Thushara,2024-2024,1,-,-,-,-,-,-,-,-,-,-,-,-
(Mumbai Indians),,,,,,,,,,,,,,
JD Unadkat,2023-2023,2,-,-,-,-,-,-,-,-,-,-,-,-
(Lucknow Super Giants),,,,,,,,,,,,,,
CV Varun,2024-2024,1,-,-,-,-,-,-,-,-,-,-,-,-
(Kolkata Knight Riders),,,,,,,,,,,,,,
MA Wood,2023-2023,2,-,-,-,-,-,-,-,-,-,-,-,-
(Lucknow Super Giants),,,,,,,,,,,,,,
J Yadav,2023-2023,1,-,-,-,-,-,-,-,-,-,-,-,-
(Gujarat Titans),,,,,,,,,,,,,,
MP Yadav,2024-2024,3,-,-,-,-,-,-,-,-,-,-,-,-
(Lucknow Super Giants),,,,,,,,,,,,,,
,,,,,,,,,,,,,,
,,,,,venue Mullanpur,,,,,,,,,
Player,Mat,Inns,NO,Runs,HS,Ave,BF,SR,100,50,0,4s,6s,
Shashank Singh,9,9,4,215,52*,43,171,125.73,0,1,1,13,8,
(Punjab Kings),,,,,,,,,,,,,,
Prabhsimran Singh,9,9,0,155,35,17.22,109,142.2,0,0,2,19,7,
(Punjab Kings),,,,,,,,,,,,,,
P Arya,4,4,0,147,103,36.75,70,210,1,0,1,13,11,
(Punjab Kings),,,,,,,,,,,,,,
AR Sharma,4,4,1,128,61,42.66,67,191.04,0,1,0,6,12,
(Punjab Kings),,,,,,,,,,,,,,
SM Curran,5,5,0,124,63,24.8,105,118.09,0,1,0,11,3,
(Punjab Kings),,,,,,,,,,,,,,
YBK Jaiswal,2,2,0,106,67,53,73,145.2,0,1,0,7,5,
(Rajasthan Royals),,,,,,,,,,,,,,
JM Sharma,6,6,1,90,29,18,73,123.28,0,0,0,4,5,
"(Punjab Kings, Royal Challengers Bengaluru)",,,,,,,,,,,,,,
N Wadhera,4,4,0,86,62,21.5,63,136.5,0,1,0,6,4,
(Punjab Kings),,,,,,,,,,,,,,
SA Yadav,1,1,0,78,78,78,53,147.16,0,1,0,7,3,
(Mumbai Indians),,,,,,,,,,,,,,
V Kohli,1,1,1,73,73*,-,54,135.18,0,1,0,7,1,
(Royal Challengers Bengaluru),,,,,,,,,,,,,,
DP Conway,1,1,0,69,69,69,49,140.81,0,1,0,6,2,
(Chennai Super Kings),,,,,,,,,,,,,,
LS Livingstone,4,4,1,66,38*,22,46,143.47,0,0,0,5,4,
(Punjab Kings),,,,,,,,,,,,,,
R Parag,2,2,1,66,43*,66,43,153.48,0,0,0,4,4,
(Rajasthan Royals),,,,,,,,,,,,,,
K Nitish Kumar Reddy,1,1,0,64,64,64,37,172.97,0,1,0,4,5,
(Sunrisers Hyderabad),,,,,,,,,,,,,,
M Jansen,4,4,2,63,34*,31.5,47,134.04,0,0,0,2,4,
(Punjab Kings),,,,,,,,,,,,,,
D Padikkal,1,1,0,61,61,61,35,174.28,0,1,0,5,4,
(Royal Challengers Bengaluru),,,,,,,,,,,,,,
SV Samson,2,2,0,56,38,28,40,140,0,0,0,7,1,
(Rajasthan Royals),,,,,,,,,,,,,,
Harpreet Brar,6,4,2,55,29,27.5,37,148.64,0,0,0,6,2,
(Punjab Kings),,,,,,,,,,,,,,
SO Hetmyer,2,2,1,47,27*,47,22,213.63,0,0,0,3,4,
(Rajasthan Royals),,,,,,,,,,,,,,
S Dube,1,1,0,42,42,42,27,155.55,0,0,0,3,2,
(Chennai Super Kings),,,,,,,,,,,,,,
GJ Maxwell,3,3,0,38,30,12.66,33,115.15,0,0,0,4,1,
(Punjab Kings),,,,,,,,,,,,,,
A Raghuvanshi,1,1,0,37,37,37,28,132.14,0,0,0,5,1,
(Kolkata Knight Riders),,,,,,,,,,,,,,
S Dhawan,2,2,0,36,22,18,32,112.5,0,0,0,6,0,
(Punjab Kings),,,,,,,,,,,,,,
R Ravindra,1,1,0,36,36,36,23,156.52,0,0,0,6,0,
(Chennai Super Kings),,,,,,,,,,,,,,
RG Sharma,1,1,0,36,36,36,25,144,0,0,0,2,3,
(Mumbai Indians),,,,,,,,,,,,,,
R Tewatia,1,1,1,36,36*,-,18,200,0,0,0,7,0,
(Gujarat Titans),,,,,,,,,,,,,,
Shubman Gill,1,1,0,35,35,35,29,120.68,0,0,0,5,0,
(Gujarat Titans),,,,,,,,,,,,,,
NT Tilak Varma,1,1,1,34,34*,-,18,188.88,0,0,0,2,2,
(Mumbai Indians),,,,,,,,,,,,,,
SD Hope,1,1,0,33,33,33,25,132,0,0,0,2,2,
(Delhi Capitals),,,,,,,,,,,,,,
Abishek Porel,1,1,1,32,32*,-,10,320,0,0,0,4,2,
(Delhi Capitals),,,,,,,,,,,,,,
JP Inglis,2,2,0,31,29,15.5,23,134.78,0,0,0,2,1,
(Punjab Kings),,,,,,,,,,,,,,
B Sai Sudharsan,1,1,0,31,31,31,34,91.17,0,0,0,3,0,
(Gujarat Titans),,,,,,,,,,,,,,
DA Warner,1,1,0,29,29,29,21,138.09,0,0,0,3,2,
(Delhi Capitals),,,,,,,,,,,,,,
Sikandar Raza,1,1,0,28,28,28,22,127.27,0,0,0,2,2,
(Punjab Kings),,,,,,,,,,,,,,
MS Dhoni,1,1,0,27,27,27,12,225,0,0,0,1,3,
(Chennai Super Kings),,,,,,,,,,,,,,
Harpreet Singh,2,2,0,27,14,13.5,34,79.41,0,0,0,2,0,
(Punjab Kings),,,,,,,,,,,,,,
Abdul Samad,1,1,0,25,25,25,12,208.33,0,0,0,5,0,
(Sunrisers Hyderabad),,,,,,,,,,,,,,
SS Iyer,4,4,0,25,10,6.25,24,104.16,0,0,1,3,1,
(Punjab Kings),,,,,,,,,,,,,,
JM Bairstow,3,3,0,24,15,8,25,96,0,0,1,3,0,
(Punjab Kings),,,,,,,,,,,,,,
TK Kotian,1,1,0,24,24,24,31,77.41,0,0,0,3,0,
(Rajasthan Royals),,,,,,,,,,,,,,
TM Head,1,1,0,21,21,21,15,140,0,0,0,4,0,
(Sunrisers Hyderabad),,,,,,,,,,,,,,
AR Patel,1,1,0,21,21,21,13,161.53,0,0,0,2,1,
(Delhi Capitals),,,,,,,,,,,,,,
MR Marsh,1,1,0,20,20,20,12,166.66,0,0,0,2,2,
(Delhi Capitals),,,,,,,,,,,,,,
DC Jurel,2,2,1,19,13*,19,16,118.75,0,0,0,1,1,
(Rajasthan Royals),,,,,,,,,,,,,,
RR Pant,1,1,0,18,18,18,13,138.46,0,0,0,2,0,
(Delhi Capitals),,,,,,,,,,,,,,
AM Rahane,1,1,0,17,17,17,17,100,0,0,0,1,1,
(Kolkata Knight Riders),,,,,,,,,,,,,,
AD Russell,1,1,0,17,17,17,11,154.54,0,0,0,1,2,
(Kolkata Knight Riders),,,,,,,,,,,,,,
Abhishek Sharma,1,1,0,16,16,16,11,145.45,0,0,0,2,1,
(Sunrisers Hyderabad),,,,,,,,,,,,,,
A Taide,1,1,0,15,15,15,12,125,0,0,0,2,0,
(Punjab Kings),,,,,,,,,,,,,,
TH David,2,1,0,14,14,14,7,200,0,0,0,2,1,
"(Mumbai Indians, Royal Challengers Bengaluru)",,,,,,,,,,,,,,
Shahbaz Ahmed,1,1,1,14,14*,-,7,200,0,0,0,1,1,
(Sunrisers Hyderabad),,,,,,,,,,,,,,
Azmatullah Omarzai,1,1,0,13,13,13,10,130,0,0,0,0,1,
(Gujarat Titans),,,,,,,,,,,,,,
WP Saha,1,1,0,13,13,13,11,118.18,0,0,0,1,0,
(Gujarat Titans),,,,,,,,,,,,,,
RM Patidar,1,1,0,12,12,12,13,92.3,0,0,0,1,0,
(Royal Challengers Bengaluru),,,,,,,,,,,,,,
N Rana,1,1,0,12,12,12,7,171.42,0,0,0,2,0,
(Rajasthan Royals),,,,,,,,,,,,,,
XC Bartlett,2,1,0,11,11,11,15,73.33,0,0,0,1,0,
(Punjab Kings),,,,,,,,,,,,,,
R Powell,1,1,0,11,11,11,5,220,0,0,0,2,0,
(Rajasthan Royals),,,,,,,,,,,,,,
RA Tripathi,1,1,0,11,11,11,14,78.57,0,0,0,1,0,
(Sunrisers Hyderabad),,,,,,,,,,,,,,
HH Pandya,1,1,0,10,10,10,6,166.66,0,0,0,0,1,
(Mumbai Indians),,,,,,,,,,,,,,
RR Rossouw,2,2,0,10,9,5,10,100,0,0,0,2,0,
(Punjab Kings),,,,,,,,,,,,,,
RA Jadeja,1,1,1,9,9*,-,5,180,0,0,0,0,1,
(Chennai Super Kings),,,,,,,,,,,,,,
H Klaasen,1,1,0,9,9,9,9,100,0,0,0,1,0,
(Sunrisers Hyderabad),,,,,,,,,,,,,,
K Rabada,5,2,1,9,8,9,4,225,0,0,0,0,1,
(Punjab Kings),,,,,,,,,,,,,,
Ishan Kishan,1,1,0,8,8,8,8,100,0,0,0,1,0,
(Mumbai Indians),,,,,,,,,,,,,,
M Shahrukh Khan,1,1,0,8,8,8,4,200,0,0,0,0,1,
(Gujarat Titans),,,,,,,,,,,,,,
VR Iyer,1,1,0,7,7,7,4,175,0,0,0,0,0,
(Kolkata Knight Riders),,,,,,,,,,,,,,
B Kumar,2,1,0,6,6,6,8,75,0,0,0,0,0,
"(Royal Challengers Bengaluru, Sunrisers Hyderabad)",,,,,,,,,,,,,,
MP Stoinis,3,3,0,6,4,2,16,37.5,0,0,0,0,0,
(Punjab Kings),,,,,,,,,,,,,,
Suryansh Shedge,2,2,0,6,4,3,8,75,0,0,0,0,0,
(Punjab Kings),,,,,,,,,,,,,,
JD Unadkat,1,1,1,6,6*,-,1,600,0,0,0,0,1,
(Sunrisers Hyderabad),,,,,,,,,,,,,,
SP Narine,1,1,0,5,5,5,4,125,0,0,0,1,0,
(Kolkata Knight Riders),,,,,,,,,,,,,,
T Stubbs,1,1,0,5,5,5,8,62.5,0,0,0,0,0,
(Delhi Capitals),,,,,,,,,,,,,,
LH Ferguson,2,1,1,4,4*,-,1,400,0,0,0,1,0,
(Punjab Kings),,,,,,,,,,,,,,
DA Miller,1,1,0,4,4,4,6,66.66,0,0,0,0,0,
(Gujarat Titans),,,,,,,,,,,,,,
RK Bhui,1,1,0,3,3,3,7,42.85,0,0,0,0,0,
(Delhi Capitals),,,,,,,,,,,,,,
PJ Cummins,1,1,0,3,3,3,4,75,0,0,0,0,0,
(Sunrisers Hyderabad),,,,,,,,,,,,,,
Harshit Rana,1,1,0,3,3,3,6,50,0,0,0,0,0,
(Kolkata Knight Riders),,,,,,,,,,,,,,
Rashid Khan,1,1,0,3,3,3,3,100,0,0,0,0,0,
(Gujarat Titans),,,,,,,,,,,,,,
Arshdeep Singh,9,2,1,2,1*,2,6,33.33,0,0,0,0,0,
(Punjab Kings),,,,,,,,,,,,,,
Q de Kock,1,1,0,2,2,2,4,50,0,0,0,0,0,
(Kolkata Knight Riders),,,,,,,,,,,,,,
V Shankar,1,1,1,2,2*,-,2,100,0,0,0,0,0,
(Chennai Super Kings),,,,,,,,,,,,,,
RK Singh,1,1,0,2,2,2,9,22.22,0,0,0,0,0,
(Kolkata Knight Riders),,,,,,,,,,,,,,
Sumit Kumar,1,1,0,2,2,2,9,22.22,0,0,0,0,0,
(Delhi Capitals),,,,,,,,,,,,,,
RD Gaikwad,1,1,0,1,1,1,3,33.33,0,0,0,0,0,
(Chennai Super Kings),,,,,,,,,,,,,,
Kuldeep Yadav,1,1,0,1,1,1,2,50,0,0,0,0,0,
(Delhi Capitals),,,,,,,,,,,,,,
KA Maharaj,1,1,0,1,1,1,2,50,0,0,0,0,0,
(Rajasthan Royals),,,,,,,,,,,,,,
HV Patel,5,2,1,1,1*,1,5,20,0,0,1,0,0,
(Punjab Kings),,,,,,,,,,,,,,
PD Salt,1,1,0,1,1,1,3,33.33,0,0,0,0,0,
(Royal Challengers Bengaluru),,,,,,,,,,,,,,
R Shepherd,2,1,0,1,1,1,2,50,0,0,0,0,0,
"(Mumbai Indians, Royal Challengers Bengaluru)",,,,,,,,,,,,,,
VG Arora,1,1,0,0,0,0,7,0,0,0,1,0,0,
(Kolkata Knight Riders),,,,,,,,,,,,,,
TA Boult,1,1,1,0,0*,-,0,-,0,0,0,0,0,
(Rajasthan Royals),,,,,,,,,,,,,,
AK Markram,1,1,0,0,0,0,2,0,0,0,1,0,0,
(Sunrisers Hyderabad),,,,,,,,,,,,,,
Mohammad Nabi,1,1,0,0,0,0,1,0,0,0,1,0,0,
(Mumbai Indians),,,,,,,,,,,,,,
A Nortje,1,1,1,0,0*,-,0,-,0,0,0,0,0,
(Kolkata Knight Riders),,,,,,,,,,,,,,
Ramandeep Singh,1,1,0,0,0,0,1,0,0,0,1,0,0,
(Kolkata Knight Riders),,,,,,,,,,,,,,
R Sai Kishore,1,1,1,0,0*,-,0,-,0,0,0,0,0,
(Gujarat Titans),,,,,,,,,,,,,,
KK Ahmed,2,-,-,-,-,-,-,-,-,-,-,-,-,
"(Chennai Super Kings, Delhi Capitals)",,,,,,,,,,,,,,
JC Archer,1,-,-,-,-,-,-,-,-,-,-,-,-,
(Rajasthan Royals),,,,,,,,,,,,,,
R Ashwin,1,-,-,-,-,-,-,-,-,-,-,-,-,
(Chennai Super Kings),,,,,,,,,,,,,,
Avesh Khan,1,-,-,-,-,-,-,-,-,-,-,-,-,
(Rajasthan Royals),,,,,,,,,,,,,,
JJ Bumrah,1,-,-,-,-,-,-,-,-,-,-,-,-,
(Mumbai Indians),,,,,,,,,,,,,,
YS Chahal,5,-,-,-,-,-,-,-,-,-,-,-,-,
"(Punjab Kings, Rajasthan Royals)",,,,,,,,,,,,,,
RD Chahar,1,-,-,-,-,-,-,-,-,-,-,-,-,
(Punjab Kings),,,,,,,,,,,,,,
G Coetzee,1,-,-,-,-,-,-,-,-,-,-,-,-,
(Mumbai Indians),,,,,,,,,,,,,,
S Gopal,1,-,-,-,-,-,-,-,-,-,-,-,-,
(Mumbai Indians),,,,,,,,,,,,,,
PW Hasaranga,1,-,-,-,-,-,-,-,-,-,-,-,-,
(Rajasthan Royals),,,,,,,,,,,,,,
JR Hazlewood,1,-,-,-,-,-,-,-,-,-,-,-,-,
(Royal Challengers Bengaluru),,,,,,,,,,,,,,
K Kartikeya,1,-,-,-,-,-,-,-,-,-,-,-,-,
(Rajasthan Royals),,,,,,,,,,,,,,
A Madhwal,1,-,-,-,-,-,-,-,-,-,-,-,-,
(Mumbai Indians),,,,,,,,,,,,,,
Mukesh Choudhary,1,-,-,-,-,-,-,-,-,-,-,-,-,
(Chennai Super Kings),,,,,,,,,,,,,,
T Natarajan,1,-,-,-,-,-,-,-,-,-,-,-,-,
(Sunrisers Hyderabad),,,,,,,,,,,,,,
Noor Ahmad,2,-,-,-,-,-,-,-,-,-,-,-,-,
"(Chennai Super Kings, Gujarat Titans)",,,,,,,,,,,,,,
KH Pandya,1,-,-,-,-,-,-,-,-,-,-,-,-,
(Royal Challengers Bengaluru),,,,,,,,,,,,,,
M Pathirana,1,-,-,-,-,-,-,-,-,-,-,-,-,
(Chennai Super Kings),,,,,,,,,,,,,,
Sandeep Sharma,1,-,-,-,-,-,-,-,-,-,-,-,-,
(Rajasthan Royals),,,,,,,,,,,,,,
S Sandeep Warrier,1,-,-,-,-,-,-,-,-,-,-,-,-,
(Gujarat Titans),,,,,,,,,,,,,,
KR Sen,1,-,-,-,-,-,-,-,-,-,-,-,-,
(Rajasthan Royals),,,,,,,,,,,,,,
I Sharma,1,-,-,-,-,-,-,-,-,-,-,-,-,
(Delhi Capitals),,,,,,,,,,,,,,
MM Sharma,1,-,-,-,-,-,-,-,-,-,-,-,-,
(Gujarat Titans),,,,,,,,,,,,,,
Suyash Sharma,1,-,-,-,-,-,-,-,-,-,-,-,-,
(Royal Challengers Bengaluru),,,,,,,,,,,,,,
Yash Thakur,1,-,-,-,-,-,-,-,-,-,-,-,-,
(Punjab Kings),,,,,,,,,,,,,,
M Theekshana,1,-,-,-,-,-,-,-,-,-,-,-,-,
(Rajasthan Royals),,,,,,,,,,,,,,
CV Varun,1,-,-,-,-,-,-,-,-,-,-,-,-,
(Kolkata Knight Riders),,,,,,,,,,,,,,
Yash Dayal,1,-,-,-,-,-,-,-,-,-,-,-,-,
(Royal Challengers Bengaluru),,,,,,,,,,,,,,
Yudhvir Singh,1,-,-,-,-,-,-,-,-,-,-,-,-,
(Rajasthan Royals),,,,,,,,,,,,,,
,,,,,,,,,,,,,,
,,,,,venue Jaipur,,,,,,,,,
Player,Span,Mat,Inns,NO,Runs,HS,Ave,BF,SR,100,50,0,4s,6s
AM Rahane,2011-2023,37,35,6,1115,105*,38.44,911,122.39,1,7,1,127,15
"(Chennai Super Kings, Rajasthan Royals)",,,,,,,,,,,,,,
SR Watson,2008-2019,30,29,6,875,98*,38.04,625,140,0,5,2,87,41
"(Chennai Super Kings, Rajasthan Royals)",,,,,,,,,,,,,,
JC Buttler,2018-2025,21,21,4,819,100*,48.17,576,142.18,1,6,1,91,23
"(Gujarat Titans, Rajasthan Royals)",,,,,,,,,,,,,,
SV Samson,2013-2025,28,27,6,804,82*,38.28,574,140.06,0,6,3,69,27
(Rajasthan Royals),,,,,,,,,,,,,,
R Dravid,2008-2013,25,24,2,735,75*,33.4,616,119.31,0,5,0,94,13
"(Rajasthan Royals, Royal Challengers Bangalore)",,,,,,,,,,,,,,
YBK Jaiswal,2023-2025,13,13,2,546,104*,49.63,348,156.89,1,4,2,60,25
(Rajasthan Royals),,,,,,,,,,,,,,
R Parag,2019-2025,14,12,3,390,84*,43.33,253,154.15,0,2,0,29,21
(Rajasthan Royals),,,,,,,,,,,,,,
V Kohli,2008-2025,10,10,3,324,113*,46.28,275,117.81,1,1,0,30,7
"(Royal Challengers Bangalore, Royal Challengers Bengaluru)",,,,,,,,,,,,,,
SPD Smith,2012-2019,8,8,2,314,73*,52.33,255,123.13,0,3,0,32,4
"(Pune Warriors, Rajasthan Royals)",,,,,,,,,,,,,,
BJ Hodge,2008-2013,17,15,4,304,48*,27.63,221,137.55,0,0,0,23,10
"(Kochi Tuskers Kerala, Kolkata Knight Riders, Rajasthan Royals)",,,,,,,,,,,,,,
STR Binny,2011-2019,22,15,7,248,41*,31,167,148.5,0,0,1,21,10
(Rajasthan Royals),,,,,,,,,,,,,,
RA Tripathi,2018-2023,10,10,3,221,80*,31.57,169,130.76,0,1,0,14,8
"(Rajasthan Royals, Sunrisers Hyderabad)",,,,,,,,,,,,,,
YK Pathan,2008-2018,14,12,1,207,68,18.81,146,141.78,0,2,1,19,9
"(Kolkata Knight Riders, Rajasthan Royals, Sunrisers Hyderabad)",,,,,,,,,,,,,,
Shubman Gill,2018-2025,5,4,1,198,84,66,139,142.44,0,2,0,17,6
"(Gujarat Titans, Kolkata Knight Riders)",,,,,,,,,,,,,,
RV Uthappa,2008-2019,7,7,1,198,54,33,149,132.88,0,1,0,25,6
"(Kolkata Knight Riders, Mumbai Indians, Pune Warriors, Royal Challengers Bangalore)",,,,,,,,,,,,,,
KL Rahul,2018-2024,4,4,1,196,95*,65.33,150,130.66,0,2,0,20,5
"(Kings XI Punjab, Lucknow Super Giants)",,,,,,,,,,,,,,
J Botha,2011-2012,12,10,4,188,45,31.33,177,106.21,0,0,0,12,2
(Rajasthan Royals),,,,,,,,,,,,,,
CH Gayle,2011-2019,5,5,1,188,79,47,116,162.06,0,2,0,20,9
"(Kings XI Punjab, Royal Challengers Bangalore)",,,,,,,,,,,,,,
SR Tendulkar,2008-2013,5,5,2,185,89*,61.66,154,120.12,0,2,0,19,2
(Mumbai Indians),,,,,,,,,,,,,,
AL Menaria,2011-2012,14,12,2,183,40,18.3,155,118.06,0,0,1,11,10
(Rajasthan Royals),,,,,,,,,,,,,,
RA Jadeja,2008-2023,13,9,5,180,36*,45,139,129.49,0,0,0,15,5
"(Chennai Super Kings, Kochi Tuskers Kerala, Rajasthan Royals)",,,,,,,,,,,,,,
GC Smith,2008-2008,5,5,2,176,75*,58.66,170,103.52,0,1,0,19,2
(Rajasthan Royals),,,,,,,,,,,,,,
AB de Villiers,2008-2019,6,5,1,166,59*,41.5,102,162.74,0,2,0,15,5
"(Delhi Daredevils, Royal Challengers Bangalore)",,,,,,,,,,,,,,
SA Asnodkar,2008-2008,4,4,0,159,60,39.75,126,126.19,0,2,0,24,2
(Rajasthan Royals),,,,,,,,,,,,,,
DA Warner,2011-2024,4,4,0,153,54,38.25,128,119.53,0,1,0,13,4
"(Delhi Capitals, Delhi Daredevils, Sunrisers Hyderabad)",,,,,,,,,,,,,,
SK Raina,2008-2019,6,6,0,150,52,25,112,133.92,0,1,0,20,1
(Chennai Super Kings),,,,,,,,,,,,,,
LRPL Taylor,2010-2012,9,9,6,150,47*,50,126,119.04,0,0,0,9,6
"(Delhi Daredevils, Rajasthan Royals, Royal Challengers Bangalore)",,,,,,,,,,,,,,
MS Dhoni,2008-2023,7,6,2,145,58,36.25,111,130.63,0,1,0,7,7
(Chennai Super Kings),,,,,,,,,,,,,,
BA Stokes,2018-2019,12,12,2,145,40,14.5,125,116,0,0,2,8,5
(Rajasthan Royals),,,,,,,,,,,,,,
V Suryavanshi,2025-2025,2,2,0,135,101,67.5,58,232.75,1,0,0,9,14
(Rajasthan Royals),,,,,,,,,,,,,,
TM Dilshan,2008-2012,3,3,2,132,76*,132,97,136.08,0,1,0,19,2
"(Delhi Daredevils, Royal Challengers Bangalore)",,,,,,,,,,,,,,
PA Patel,2008-2019,4,4,0,132,67,33,97,136.08,0,1,1,14,3
"(Chennai Super Kings, Kochi Tuskers Kerala, Royal Challengers Bangalore)",,,,,,,,,,,,,,
RR Pant,2018-2025,4,4,1,129,78*,43,85,151.76,0,1,0,11,5
"(Delhi Capitals, Delhi Daredevils, Lucknow Super Giants)",,,,,,,,,,,,,,
G Gambhir,2008-2018,5,4,1,128,75*,42.66,90,142.22,0,1,1,16,2
"(Delhi Daredevils, Kolkata Knight Riders)",,,,,,,,,,,,,,
DC Jurel,2023-2025,13,9,3,127,35*,21.16,86,147.67,0,0,1,10,5
(Rajasthan Royals),,,,,,,,,,,,,,
SO Hetmyer,2019-2025,14,12,4,124,35,15.5,101,122.77,0,0,0,8,6
"(Rajasthan Royals, Royal Challengers Bangalore)",,,,,,,,,,,,,,
MK Pandey,2008-2019,5,5,0,124,61,24.8,101,122.77,0,1,0,17,0
"(Mumbai Indians, Pune Warriors, Royal Challengers Bangalore, Sunrisers Hyderabad)",,,,,,,,,,,,,,
N Pooran,2019-2025,4,4,1,116,64*,38.66,83,139.75,0,1,0,9,5
"(Kings XI Punjab, Lucknow Super Giants)",,,,,,,,,,,,,,
SA Yadav,2018-2024,3,3,0,116,72,38.66,88,131.81,0,1,0,9,4
(Mumbai Indians),,,,,,,,,,,,,,
S Dhawan,2008-2019,5,5,0,115,54,23,79,145.56,0,2,1,17,2
"(Deccan Chargers, Delhi Capitals, Delhi Daredevils, Sunrisers Hyderabad)",,,,,,,,,,,,,,
D Padikkal,2023-2025,6,6,2,109,40*,27.25,81,134.56,0,0,1,16,1
"(Lucknow Super Giants, Rajasthan Royals, Royal Challengers Bengaluru)",,,,,,,,,,,,,,
M Vijay,2011-2013,3,3,0,108,55,36,95,113.68,0,2,1,8,3
(Chennai Super Kings),,,,,,,,,,,,,,
AT Rayudu,2010-2023,7,6,0,107,57,17.83,103,103.88,0,1,2,7,3
"(Chennai Super Kings, Mumbai Indians)",,,,,,,,,,,,,,
Yuvraj Singh,2008-2013,4,4,0,107,57,26.75,72,148.61,0,1,0,8,7
"(Kings XI Punjab, Pune Warriors)",,,,,,,,,,,,,,
F du Plessis,2019-2024,3,3,0,106,55,35.33,87,121.83,0,1,0,5,4
"(Chennai Super Kings, Royal Challengers Bangalore, Royal Challengers Bengaluru)",,,,,,,,,,,,,,
MEK Hussey,2011-2013,3,3,0,105,46,35,102,102.94,0,0,0,16,0
(Chennai Super Kings),,,,,,,,,,,,,,
JH Kallis,2008-2013,5,5,1,105,80*,26.25,106,99.05,0,1,2,9,2
"(Kolkata Knight Riders, Royal Challengers Bangalore)",,,,,,,,,,,,,,
V Sehwag,2008-2013,4,4,0,105,73,26.25,67,156.71,0,1,0,17,1
(Delhi Daredevils),,,,,,,,,,,,,,
MJ Lumb,2010-2010,3,3,0,100,83,33.33,57,175.43,0,1,0,19,2
(Rajasthan Royals),,,,,,,,,,,,,,
KP Pietersen,2010-2012,2,2,0,98,62,49,63,155.55,0,1,0,13,3
"(Delhi Daredevils, Royal Challengers Bangalore)",,,,,,,,,,,,,,
DJ Hussey,2008-2013,3,3,0,96,42,32,71,135.21,0,0,0,6,3
"(Kings XI Punjab, Kolkata Knight Riders)",,,,,,,,,,,,,,
DR Smith,2008-2012,2,2,1,95,87*,95,65,146.15,0,1,0,11,3
(Mumbai Indians),,,,,,,,,,,,,,
K Gowtham,2018-2019,10,8,2,93,33*,15.5,43,216.27,0,0,0,5,8
(Rajasthan Royals),,,,,,,,,,,,,,
DPMD Jayawardene,2008-2013,5,5,0,93,44,18.6,84,110.71,0,0,1,12,2
"(Delhi Daredevils, Kings XI Punjab, Kochi Tuskers Kerala)",,,,,,,,,,,,,,
JP Duminy,2010-2012,2,2,1,89,58*,89,58,153.44,0,1,0,7,5
"(Deccan Chargers, Mumbai Indians)",,,,,,,,,,,,,,
OA Shah,2012-2013,7,7,3,89,28*,22.25,73,121.91,0,0,0,6,3
(Rajasthan Royals),,,,,,,,,,,,,,
AC Gilchrist,2008-2013,3,3,0,88,61,29.33,69,127.53,0,1,1,12,2
"(Deccan Chargers, Kings XI Punjab)",,,,,,,,,,,,,,
KD Karthik,2008-2024,7,4,1,85,42*,28.33,72,118.05,0,0,1,6,2
"(Delhi Daredevils, Kolkata Knight Riders, Mumbai Indians, Royal Challengers Bangalore, Royal Challengers Bengaluru)",,,,,,,,,,,,,,
SP Narine,2012-2019,4,4,1,84,47,28,53,158.49,0,0,1,11,4
(Kolkata Knight Riders),,,,,,,,,,,,,,
Y Venugopal Rao,2008-2011,2,2,1,83,60,83,51,162.74,0,1,0,7,5
"(Deccan Chargers, Delhi Daredevils)",,,,,,,,,,,,,,
MK Tiwary,2011-2018,4,3,0,80,59,26.66,70,114.28,0,1,0,8,0
"(Kings XI Punjab, Kolkata Knight Riders)",,,,,,,,,,,,,,
DH Yagnik,2011-2013,12,7,3,80,34,20,60,133.33,0,0,0,10,2
(Rajasthan Royals),,,,,,,,,,,,,,
KC Sangakkara,2008-2013,4,4,0,77,44,19.25,51,150.98,0,0,0,10,2
"(Deccan Chargers, Kings XI Punjab, Sunrisers Hyderabad)",,,,,,,,,,,,,,
HH Pandya,2018-2024,4,4,1,76,39*,25.33,42,180.95,0,0,0,7,4
"(Gujarat Titans, Mumbai Indians)",,,,,,,,,,,,,,
AS Raut,2010-2011,7,4,3,76,32*,76,59,128.81,0,0,0,4,4
(Rajasthan Royals),,,,,,,,,,,,,,
KS Williamson,2018-2019,2,2,0,76,63,38,57,133.33,0,1,0,9,2
(Sunrisers Hyderabad),,,,,,,,,,,,,,
B Sai Sudharsan,2024-2025,2,2,0,74,39,37,59,125.42,0,0,0,7,2
(Gujarat Titans),,,,,,,,,,,,,,
AK Markram,2023-2025,2,2,0,72,66,36,50,144,0,1,0,6,3
"(Lucknow Super Giants, Sunrisers Hyderabad)",,,,,,,,,,,,,,
GJ Maxwell,2018-2024,3,3,0,72,54,24,48,150,0,1,0,7,4
"(Delhi Daredevils, Royal Challengers Bangalore, Royal Challengers Bengaluru)",,,,,,,,,,,,,,
Q de Kock,2019-2024,2,2,0,69,65,34.5,52,132.69,0,1,0,7,2
"(Lucknow Super Giants, Mumbai Indians)",,,,,,,,,,,,,,
MP Stoinis,2018-2024,4,4,1,66,31*,22,64,103.12,0,0,0,4,1
"(Kings XI Punjab, Lucknow Super Giants, Royal Challengers Bangalore)",,,,,,,,,,,,,,
JA Morkel,2008-2012,3,3,2,65,42,65,43,151.16,0,0,0,5,3
(Chennai Super Kings),,,,,,,,,,,,,,
PD Salt,2025-2025,1,1,0,65,65,65,33,196.96,0,1,0,5,6
(Royal Challengers Bengaluru),,,,,,,,,,,,,,
NT Tilak Varma,2024-2024,1,1,0,65,65,65,45,144.44,0,1,0,5,3
(Mumbai Indians),,,,,,,,,,,,,,
BJ Rohrer,2013-2013,1,1,1,64,64*,-,40,160,0,1,0,9,1
(Delhi Daredevils),,,,,,,,,,,,,,
MR Marsh,2013-2025,3,3,1,62,35*,31,39,158.97,0,0,0,7,3
"(Delhi Capitals, Lucknow Super Giants, Pune Warriors)",,,,,,,,,,,,,,
NV Ojha,2010-2012,5,5,2,62,44*,20.66,56,110.71,0,0,2,6,2
"(Delhi Daredevils, Rajasthan Royals)",,,,,,,,,,,,,,
KA Pollard,2010-2019,6,5,1,61,25,15.25,62,98.38,0,0,0,4,3
(Mumbai Indians),,,,,,,,,,,,,,
DJG Sammy,2013-2013,1,1,0,60,60,60,41,146.34,0,1,0,8,1
(Sunrisers Hyderabad),,,,,,,,,,,,,,
Ishan Kishan,2018-2024,2,2,0,58,58,29,45,128.88,0,1,1,4,3
(Mumbai Indians),,,,,,,,,,,,,,
H Klaasen,2018-2023,3,3,0,58,32,19.33,34,170.58,0,0,1,5,3
"(Rajasthan Royals, Sunrisers Hyderabad)",,,,,,,,,,,,,,
WP Saha,2008-2023,5,4,2,58,41*,29,48,120.83,0,0,0,6,0
"(Chennai Super Kings, Gujarat Titans, Kolkata Knight Riders, Sunrisers Hyderabad)",,,,,,,,,,,,,,
AJ Finch,2011-2013,2,2,0,56,45,28,46,121.73,0,0,0,8,1
"(Delhi Daredevils, Pune Warriors)",,,,,,,,,,,,,,
M Kaif,2008-2011,8,5,1,56,21,14,60,93.33,0,0,0,6,1
"(Rajasthan Royals, Royal Challengers Bangalore)",,,,,,,,,,,,,,
AC Voges,2010-2010,3,2,1,56,28*,56,54,103.7,0,0,0,5,0
(Rajasthan Royals),,,,,,,,,,,,,,
Abhishek Sharma,2023-2023,1,1,0,55,55,55,34,161.76,0,1,0,5,2
(Sunrisers Hyderabad),,,,,,,,,,,,,,
SC Ganguly,2008-2012,2,2,0,53,51,26.5,43,123.25,0,1,0,4,2
"(Kolkata Knight Riders, Pune Warriors)",,,,,,,,,,,,,,
SN Khan,2018-2019,2,2,1,53,46*,53,37,143.24,0,0,0,7,1
"(Kings XI Punjab, Royal Challengers Bangalore)",,,,,,,,,,,,,,
A Badoni,2023-2025,3,3,0,52,50,17.33,43,120.93,0,1,0,5,1
(Lucknow Super Giants),,,,,,,,,,,,,,
PP Chawla,2008-2024,7,5,2,52,24*,17.33,44,118.18,0,0,0,4,1
"(Kings XI Punjab, Kolkata Knight Riders, Mumbai Indians)",,,,,,,,,,,,,,
S Dube,2023-2023,1,1,0,52,52,52,33,157.57,0,1,0,2,4
(Chennai Super Kings),,,,,,,,,,,,,,
KR Mayers,2023-2023,1,1,0,51,51,51,42,121.42,0,1,0,4,3
(Lucknow Super Giants),,,,,,,,,,,,,,
EJG Morgan,2011-2013,2,1,0,51,51,51,38,134.21,0,1,0,3,3
(Kolkata Knight Riders),,,,,,,,,,,,,,
N Rana,2018-2025,5,4,2,51,35*,25.5,37,137.83,0,0,0,4,2
"(Kolkata Knight Riders, Rajasthan Royals)",,,,,,,,,,,,,,
CA Lynn,2018-2019,2,2,0,50,50,25,34,147.05,0,1,1,6,3
(Kolkata Knight Riders),,,,,,,,,,,,,,
DJM Short,2018-2018,2,2,0,50,44,25,46,108.69,0,0,0,6,1
(Rajasthan Royals),,,,,,,,,,,,,,
N Wadhera,2024-2024,1,1,0,49,49,49,24,204.16,0,0,0,3,4
(Mumbai Indians),,,,,,,,,,,,,,
Abdul Samad,2023-2025,2,2,2,47,30*,-,17,276.47,0,0,0,0,6
"(Lucknow Super Giants, Sunrisers Hyderabad)",,,,,,,,,,,,,,
RD Gaikwad,2023-2023,1,1,0,47,47,47,29,162.06,0,0,0,5,1
(Chennai Super Kings),,,,,,,,,,,,,,
AD Hales,2018-2018,1,1,0,45,45,45,39,115.38,0,0,0,4,0
(Sunrisers Hyderabad),,,,,,,,,,,,,,
IK Pathan,2008-2012,4,3,2,45,24*,45,48,93.75,0,0,0,3,1
"(Delhi Daredevils, Kings XI Punjab)",,,,,,,,,,,,,,
LS Livingstone,2019-2025,2,1,0,44,44,44,26,169.23,0,0,0,4,3
"(Rajasthan Royals, Royal Challengers Bengaluru)",,,,,,,,,,,,,,
Mandeep Singh,2012-2019,4,4,1,44,34,14.66,39,112.82,0,0,0,5,0
"(Kings XI Punjab, Royal Challengers Bangalore)",,,,,,,,,,,,,,
NK Patel,2008-2008,3,2,2,44,40*,-,31,141.93,0,0,0,3,1
(Rajasthan Royals),,,,,,,,,,,,,,
T Stubbs,2024-2024,1,1,1,44,44*,-,23,191.3,0,0,0,2,3
(Delhi Capitals),,,,,,,,,,,,,,
MM Ali,2018-2023,3,3,1,42,23,21,23,182.6,0,0,0,4,3
"(Chennai Super Kings, Royal Challengers Bangalore)",,,,,,,,,,,,,,
SP Goswami,2012-2012,5,3,1,42,23,21,41,102.43,0,0,0,3,0
(Rajasthan Royals),,,,,,,,,,,,,,
Rashid Khan,2018-2025,5,3,2,42,24*,42,22,190.9,0,0,0,5,1
"(Gujarat Titans, Sunrisers Hyderabad)",,,,,,,,,,,,,,
PP Shaw,2019-2019,1,1,0,42,42,42,39,107.69,0,0,0,4,1
(Delhi Capitals),,,,,,,,,,,,,,
AD Mathews,2012-2013,2,2,0,41,23,20.5,34,120.58,0,0,0,3,0
(Pune Warriors),,,,,,,,,,,,,,
ST Jayasuriya,2008-2010,2,2,0,39,38,19.5,39,100,0,0,0,4,0
(Mumbai Indians),,,,,,,,,,,,,,
MF Maharoof,2008-2008,1,1,0,39,39,39,16,243.75,0,0,0,2,4
(Delhi Daredevils),,,,,,,,,,,,,,
MA Agarwal,2012-2019,2,2,0,37,22,18.5,41,90.24,0,0,0,3,2
"(Kings XI Punjab, Royal Challengers Bangalore)",,,,,,,,,,,,,,
R Ashwin,2011-2024,15,6,2,35,29,8.75,30,116.66,0,0,2,0,3
"(Chennai Super Kings, Kings XI Punjab, Rajasthan Royals)",,,,,,,,,,,,,,
AA Jhunjhunwala,2010-2012,4,2,0,35,22,17.5,44,79.54,0,0,0,1,1
"(Deccan Chargers, Rajasthan Royals)",,,,,,,,,,,,,,
AM Nayar,2008-2012,2,2,0,35,25,17.5,28,125,0,0,0,3,1
"(Kings XI Punjab, Mumbai Indians)",,,,,,,,,,,,,,
DJ Bravo,2011-2018,4,3,2,34,23*,34,27,125.92,0,0,0,4,0
(Chennai Super Kings),,,,,,,,,,,,,,
Anmolpreet Singh,2023-2023,1,1,0,33,33,33,25,132,0,0,0,4,1
(Sunrisers Hyderabad),,,,,,,,,,,,,,
Kamran Akmal,2008-2008,2,2,0,33,18,16.5,26,126.92,0,0,0,6,1
(Rajasthan Royals),,,,,,,,,,,,,,
RG Sharma,2008-2024,7,6,0,31,13,5.16,50,62,0,0,1,3,0
"(Deccan Chargers, Mumbai Indians)",,,,,,,,,,,,,,
R Tewatia,2018-2025,4,2,0,31,22,15.5,15,206.66,0,0,0,3,1
"(Delhi Daredevils, Gujarat Titans)",,,,,,,,,,,,,,
AP Dole,2010-2010,2,1,0,30,30,30,18,166.66,0,0,0,2,1
(Rajasthan Royals),,,,,,,,,,,,,,
B Lee,2008-2013,4,3,0,30,25,10,19,157.89,0,0,1,3,2
"(Kings XI Punjab, Kolkata Knight Riders)",,,,,,,,,,,,,,
Anuj Rawat,2023-2023,1,1,1,29,29*,-,11,263.63,0,0,0,3,2
(Royal Challengers Bangalore),,,,,,,,,,,,,,
DT Christian,2012-2012,1,1,1,29,29*,-,19,152.63,0,0,0,2,1
(Deccan Chargers),,,,,,,,,,,,,,
KM Jadhav,2011-2019,3,3,1,29,23*,14.5,36,80.55,0,0,0,2,0
"(Chennai Super Kings, Delhi Daredevils, Kochi Tuskers Kerala)",,,,,,,,,,,,,,
DJ Hooda,2019-2024,3,3,0,28,26,9.33,18,155.55,0,0,1,2,2
"(Lucknow Super Giants, Sunrisers Hyderabad)",,,,,,,,,,,,,,
SW Billings,2018-2018,1,1,0,27,27,27,22,122.72,0,0,0,3,0
(Chennai Super Kings),,,,,,,,,,,,,,
V Shankar,2018-2024,4,3,0,27,16,9,23,117.39,0,0,0,3,0
"(Delhi Daredevils, Gujarat Titans, Sunrisers Hyderabad)",,,,,,,,,,,,,,
R Vinay Kumar,2010-2013,4,2,1,27,22*,27,10,270,0,0,0,1,3
"(Kochi Tuskers Kerala, Royal Challengers Bangalore)",,,,,,,,,,,,,,
K Goel,2008-2008,1,1,0,26,26,26,21,123.8,0,0,0,3,2
(Kings XI Punjab),,,,,,,,,,,,,,
P Kumar,2008-2013,3,3,0,25,15,8.33,14,178.57,0,0,1,2,2
"(Kings XI Punjab, Royal Challengers Bangalore)",,,,,,,,,,,,,,
A Mishra,2008-2023,5,2,0,25,21,12.5,33,75.75,0,0,0,2,0
"(Deccan Chargers, Delhi Capitals, Delhi Daredevils, Lucknow Super Giants, Sunrisers Hyderabad)",,,,,,,,,,,,,,
GD Phillips,2023-2023,1,1,0,25,25,25,7,357.14,0,0,0,1,3
(Sunrisers Hyderabad),,,,,,,,,,,,,,
JC Archer,2018-2025,14,7,3,24,13*,6,29,82.75,0,0,2,2,0
(Rajasthan Royals),,,,,,,,,,,,,,
KK Cooper,2012-2013,9,4,2,24,11*,12,16,150,0,0,1,3,1
(Rajasthan Royals),,,,,,,,,,,,,,
M Manhas,2011-2011,1,1,0,24,24,24,19,126.31,0,0,0,1,1
(Pune Warriors),,,,,,,,,,,,,,
AR Patel,2018-2024,3,2,1,24,15*,24,18,133.33,0,0,0,2,0
"(Delhi Capitals, Kings XI Punjab)",,,,,,,,,,,,,,
YV Takawale,2008-2008,1,1,1,24,24*,-,8,300,0,0,0,4,1
(Mumbai Indians),,,,,,,,,,,,,,
Azhar Mahmood,2013-2013,1,1,0,23,23,23,20,115,0,0,0,3,0
(Kings XI Punjab),,,,,,,,,,,,,,
DB Das,2008-2012,2,2,0,23,12,11.5,27,85.18,0,0,0,1,1
(Kolkata Knight Riders),,,,,,,,,,,,,,
CJ Ferguson,2012-2012,1,1,0,23,23,23,26,88.46,0,0,0,2,0
(Pune Warriors),,,,,,,,,,,,,,
Mohammad Nabi,2024-2024,1,1,0,23,23,23,17,135.29,0,0,0,2,1
(Mumbai Indians),,,,,,,,,,,,,,
SS Tiwary,2010-2013,4,2,1,23,15,23,17,135.29,0,0,0,3,0
"(Mumbai Indians, Royal Challengers Bangalore)",,,,,,,,,,,,,,
MS Bisla,2010-2013,3,3,0,22,20,7.33,21,104.76,0,0,0,4,0
"(Kings XI Punjab, Kolkata Knight Riders)",,,,,,,,,,,,,,
MC Henriques,2013-2013,1,1,0,22,22,22,19,115.78,0,0,0,2,1
(Royal Challengers Bangalore),,,,,,,,,,,,,,
MK Lomror,2018-2023,3,3,1,21,11,10.5,23,91.3,0,0,0,1,0
"(Rajasthan Royals, Royal Challengers Bangalore)",,,,,,,,,,,,,,
AB Agarkar,2008-2013,2,1,0,20,20,20,13,153.84,0,0,0,1,2
"(Delhi Daredevils, Kolkata Knight Riders)",,,,,,,,,,,,,,
R Bhatia,2011-2013,3,2,0,20,12,10,15,133.33,0,0,0,3,0
(Kolkata Knight Riders),,,,,,,,,,,,,,
S Gopal,2018-2019,11,3,2,20,19*,20,9,222.22,0,0,1,2,1
(Rajasthan Royals),,,,,,,,,,,,,,
Bipul Sharma,2010-2012,2,2,1,19,18,19,14,135.71,0,0,0,2,0
(Kings XI Punjab),,,,,,,,,,,,,,
HH Gibbs,2008-2008,1,1,0,19,19,19,20,95,0,0,0,2,0
(Deccan Chargers),,,,,,,,,,,,,,
A Mukund,2013-2013,1,1,0,19,19,19,21,90.47,0,0,0,1,0
(Royal Challengers Bangalore),,,,,,,,,,,,,,
JD Ryder,2011-2012,2,2,0,19,18,9.5,14,135.71,0,0,0,3,0
(Pune Warriors),,,,,,,,,,,,,,
R Sathish,2010-2013,3,3,1,19,11,9.5,20,95,0,0,0,2,0
"(Kings XI Punjab, Mumbai Indians)",,,,,,,,,,,,,,
M Shahrukh Khan,2024-2025,2,2,1,19,14,19,10,190,0,0,0,2,1
(Gujarat Titans),,,,,,,,,,,,,,
S Anirudha,2012-2012,1,1,1,18,18*,-,6,300,0,0,0,1,2
(Chennai Super Kings),,,,,,,,,,,,,,
DW Steyn,2010-2013,3,1,1,18,18*,-,8,225,0,0,0,2,1
"(Deccan Chargers, Royal Challengers Bangalore, Sunrisers Hyderabad)",,,,,,,,,,,,,,
SK Warne,2008-2011,17,3,0,18,11,6,22,81.81,0,0,1,1,0
(Rajasthan Royals),,,,,,,,,,,,,,
DS Lehmann,2008-2008,1,1,0,17,17,17,16,106.25,0,0,0,3,0
(Rajasthan Royals),,,,,,,,,,,,,,
CH Morris,2013-2019,3,1,1,17,17*,-,7,242.85,0,0,0,2,1
"(Chennai Super Kings, Delhi Capitals, Delhi Daredevils)",,,,,,,,,,,,,,
A Symonds,2011-2011,1,1,0,17,17,17,26,65.38,0,0,0,1,0
(Mumbai Indians),,,,,,,,,,,,,,
JP Faulkner,2012-2013,8,4,3,16,11*,16,14,114.28,0,0,0,0,0
"(Kings XI Punjab, Rajasthan Royals)",,,,,,,,,,,,,,
JR Hopes,2008-2008,1,1,0,16,16,16,16,100,0,0,0,2,0
(Kings XI Punjab),,,,,,,,,,,,,,
KH Pandya,2018-2025,5,4,3,16,7,16,15,106.66,0,0,0,2,0
"(Lucknow Super Giants, Mumbai Indians, Royal Challengers Bengaluru)",,,,,,,,,,,,,,
S Badrinath,2008-2013,3,1,0,15,15,15,14,107.14,0,0,0,3,0
(Chennai Super Kings),,,,,,,,,,,,,,
TA Boult,2018-2024,8,1,0,15,15,15,11,136.36,0,0,0,1,1
"(Delhi Daredevils, Rajasthan Royals)",,,,,,,,,,,,,,
DJ Jacobs,2011-2011,1,1,0,15,15,15,15,100,0,0,0,0,1
(Mumbai Indians),,,,,,,,,,,,,,
Shakib Al Hasan,2011-2019,3,2,0,15,9,7.5,16,93.75,0,0,0,1,0
"(Kolkata Knight Riders, Sunrisers Hyderabad)",,,,,,,,,,,,,,
A Ashish Reddy,2013-2013,1,1,0,14,14,14,11,127.27,0,0,0,1,0
(Sunrisers Hyderabad),,,,,,,,,,,,,,
Mohammed Siraj,2018-2025,5,1,0,14,14,14,12,116.66,0,0,0,2,0
"(Gujarat Titans, Royal Challengers Bangalore, Royal Challengers Bengaluru)",,,,,,,,,,,,,,
AG Paunikar,2010-2011,3,3,0,14,9,4.66,24,58.33,0,0,1,3,0
(Rajasthan Royals),,,,,,,,,,,,,,
TG Southee,2018-2018,1,1,0,14,14,14,17,82.35,0,0,0,2,0
(Royal Challengers Bangalore),,,,,,,,,,,,,,
BCJ Cutting,2019-2019,1,1,1,13,13*,-,9,144.44,0,0,0,1,1
(Mumbai Indians),,,,,,,,,,,,,,
Harpreet Singh,2011-2011,1,1,0,13,13,13,19,68.42,0,0,0,0,0
(Pune Warriors),,,,,,,,,,,,,,
GB Hogg,2012-2012,4,2,1,13,13,13,11,118.18,0,0,0,1,0
(Rajasthan Royals),,,,,,,,,,,,,,
SB Styris,2008-2008,1,1,0,13,13,13,11,118.18,0,0,0,0,1
(Deccan Chargers),,,,,,,,,,,,,,
PC Valthaty,2012-2012,1,1,0,13,13,13,15,86.66,0,0,0,2,0
(Kings XI Punjab),,,,,,,,,,,,,,
Washington Sundar,2025-2025,1,1,0,13,13,13,8,162.5,0,0,0,0,1
(Gujarat Titans),,,,,,,,,,,,,,
LR Shukla,2008-2013,3,3,0,12,8,4,19,63.15,0,0,0,0,1
(Kolkata Knight Riders),,,,,,,,,,,,,,
Harbhajan Singh,2010-2018,5,2,1,11,10*,11,8,137.5,0,0,0,0,1
"(Chennai Super Kings, Mumbai Indians)",,,,,,,,,,,,,,
MG Johnson,2013-2013,1,1,0,11,11,11,9,122.22,0,0,0,2,0
(Mumbai Indians),,,,,,,,,,,,,,
NL McCullum,2011-2011,1,1,1,11,11*,-,6,183.33,0,0,0,0,1
(Pune Warriors),,,,,,,,,,,,,,
M Ntini,2008-2008,1,1,0,11,11,11,12,91.66,0,0,0,2,0
(Chennai Super Kings),,,,,,,,,,,,,,
SE Rutherford,2019-2019,1,1,0,11,11,11,5,220,0,0,0,1,1
(Delhi Capitals),,,,,,,,,,,,,,
FY Fazal,2010-2010,2,1,0,10,10,10,15,66.66,0,0,0,1,0
(Rajasthan Royals),,,,,,,,,,,,,,
Gurkeerat Singh,2013-2013,1,1,0,10,10,10,15,66.66,0,0,0,1,0
(Kings XI Punjab),,,,,,,,,,,,,,
JE Root,2023-2023,2,1,0,10,10,10,15,66.66,0,0,0,1,0
(Rajasthan Royals),,,,,,,,,,,,,,
MJ Santner,2019-2019,1,1,1,10,10*,-,3,333.33,0,0,0,0,1
(Chennai Super Kings),,,,,,,,,,,,,,
CL White,2008-2008,1,1,0,10,10,10,16,62.5,0,0,0,1,0
(Royal Challengers Bangalore),,,,,,,,,,,,,,
Abishek Porel,2024-2024,1,1,0,9,9,9,10,90,0,0,0,0,0
(Delhi Capitals),,,,,,,,,,,,,,
AD Nath,2018-2019,2,1,0,9,9,9,13,69.23,0,0,0,1,0
"(Kings XI Punjab, Royal Challengers Bangalore)",,,,,,,,,,,,,,
MG Bracewell,2023-2023,1,1,1,9,9*,-,9,100,0,0,0,0,0
(Royal Challengers Bangalore),,,,,,,,,,,,,,
SD Chauhan,2024-2024,1,1,0,9,9,9,6,150,0,0,0,0,1
(Royal Challengers Bengaluru),,,,,,,,,,,,,,
AP Majumdar,2012-2012,1,1,0,9,9,9,8,112.5,0,0,0,2,0
(Pune Warriors),,,,,,,,,,,,,,
AD Mascarenhas,2008-2008,1,1,0,9,9,9,8,112.5,0,0,0,0,1
(Rajasthan Royals),,,,,,,,,,,,,,
Y Nagar,2012-2012,1,1,1,9,9*,-,9,100,0,0,0,1,0
(Delhi Daredevils),,,,,,,,,,,,,,
A Nehra,2008-2012,2,1,1,9,9*,-,8,112.5,0,0,0,1,0
"(Mumbai Indians, Pune Warriors)",,,,,,,,,,,,,,
DT Patil,2008-2008,1,1,0,9,9,9,12,75,0,0,0,0,0
(Royal Challengers Bangalore),,,,,,,,,,,,,,
A Zampa,2023-2023,3,2,0,9,7,4.5,15,60,0,0,0,0,0
(Rajasthan Royals),,,,,,,,,,,,,,
RS Bopara,2010-2010,1,1,0,8,8,8,11,72.72,0,0,0,0,0
(Kings XI Punjab),,,,,,,,,,,,,,
P Chopra,2018-2019,2,1,0,8,8,8,6,133.33,0,0,0,2,0
(Rajasthan Royals),,,,,,,,,,,,,,
DP Conway,2023-2023,1,1,0,8,8,8,16,50,0,0,0,1,0
(Chennai Super Kings),,,,,,,,,,,,,,
M Kartik,2011-2013,3,2,2,8,8*,-,9,88.88,0,0,0,0,0
"(Pune Warriors, Royal Challengers Bangalore)",,,,,,,,,,,,,,
DS Kulkarni,2010-2019,12,2,1,8,5*,8,6,133.33,0,0,0,1,0
"(Mumbai Indians, Rajasthan Royals)",,,,,,,,,,,,,,
A Kumble,2008-2010,2,1,0,8,8,8,8,100,0,0,0,1,0
(Royal Challengers Bangalore),,,,,,,,,,,,,,
VVS Laxman,2011-2011,1,1,0,8,8,8,10,80,0,0,0,1,0
(Kochi Tuskers Kerala),,,,,,,,,,,,,,
SL Malinga,2010-2019,5,2,0,8,7,4,15,53.33,0,0,0,1,0
(Mumbai Indians),,,,,,,,,,,,,,
AA Chavan,2012-2013,4,1,1,7,7*,-,6,116.66,0,0,0,1,0
(Rajasthan Royals),,,,,,,,,,,,,,
SE Marsh,2012-2012,1,1,0,7,7,7,6,116.66,0,0,0,1,0
(Kings XI Punjab),,,,,,,,,,,,,,
DA Miller,2023-2025,2,1,1,7,7*,-,8,87.5,0,0,0,0,0
"(Gujarat Titans, Lucknow Super Giants)",,,,,,,,,,,,,,
Salman Butt,2008-2008,1,1,0,7,7,7,7,100,0,0,0,1,0
(Kolkata Knight Riders),,,,,,,,,,,,,,
DB Ravi Teja,2008-2008,1,1,0,6,6,6,8,75,0,0,0,1,0
(Deccan Chargers),,,,,,,,,,,,,,
M Rawat,2008-2013,6,3,3,6,5*,-,5,120,0,0,0,1,0
"(Pune Warriors, Rajasthan Royals)",,,,,,,,,,,,,,
KV Sharma,2013-2023,3,1,0,6,6,6,8,75,0,0,0,1,0
"(Chennai Super Kings, Royal Challengers Bangalore, Sunrisers Hyderabad)",,,,,,,,,,,,,,
C Green,2024-2024,1,1,1,5,5*,-,6,83.33,0,0,0,0,0
(Royal Challengers Bengaluru),,,,,,,,,,,,,,
Mohammed Shami,2013-2023,4,1,0,5,5,5,10,50,0,0,0,0,0
"(Delhi Daredevils, Gujarat Titans, Kings XI Punjab, Kolkata Knight Riders)",,,,,,,,,,,,,,
M Muralidaran,2008-2011,2,2,1,5,5*,5,11,45.45,0,0,1,0,0
"(Chennai Super Kings, Kochi Tuskers Kerala)",,,,,,,,,,,,,,
NLTC Perera,2011-2013,2,2,0,5,4,2.5,8,62.5,0,0,0,1,0
"(Kochi Tuskers Kerala, Sunrisers Hyderabad)",,,,,,,,,,,,,,
S Vidyut,2008-2008,1,1,0,5,5,5,10,50,0,0,0,1,0
(Chennai Super Kings),,,,,,,,,,,,,,
SS Iyer,2018-2019,2,2,1,4,4,4,5,80,0,0,0,0,0
"(Delhi Capitals, Delhi Daredevils)",,,,,,,,,,,,,,
B Kumar,2012-2025,5,2,0,4,3,2,9,44.44,0,0,0,0,0
"(Pune Warriors, Royal Challengers Bengaluru, Sunrisers Hyderabad)",,,,,,,,,,,,,,
RT Ponting,2013-2013,1,1,0,4,4,4,9,44.44,0,0,0,0,0
(Mumbai Indians),,,,,,,,,,,,,,
S Sohal,2008-2008,1,1,0,4,4,4,4,100,0,0,0,0,0
(Kings XI Punjab),,,,,,,,,,,,,,
GH Vihari,2013-2013,1,1,0,4,4,4,9,44.44,0,0,0,0,0
(Sunrisers Hyderabad),,,,,,,,,,,,,,
MS Wade,2024-2024,1,1,0,4,4,4,6,66.66,0,0,0,0,0
(Gujarat Titans),,,,,,,,,,,,,,
SB Bangar,2008-2008,1,1,0,3,3,3,6,50,0,0,0,0,0
(Deccan Chargers),,,,,,,,,,,,,,
TH David,2024-2025,2,1,0,3,3,3,5,60,0,0,0,0,0
"(Mumbai Indians, Royal Challengers Bengaluru)",,,,,,,,,,,,,,
SB Dubey,2024-2025,2,1,1,3,3*,-,3,100,0,0,0,0,0
(Rajasthan Royals),,,,,,,,,,,,,,
CA Ingram,2019-2019,1,1,1,3,3*,-,5,60,0,0,0,0,0
(Delhi Capitals),,,,,,,,,,,,,,
M Jansen,2023-2023,1,1,1,3,3*,-,2,150,0,0,0,0,0
(Sunrisers Hyderabad),,,,,,,,,,,,,,
KK Nair,2018-2018,1,1,0,3,3,3,5,60,0,0,0,0,0
(Kings XI Punjab),,,,,,,,,,,,,,
R Rampaul,2013-2013,1,1,0,3,3,3,4,75,0,0,0,0,0
(Royal Challengers Bangalore),,,,,,,,,,,,,,
RP Singh,2008-2013,4,2,0,3,2,1.5,4,75,0,0,0,0,0
"(Deccan Chargers, Kochi Tuskers Kerala, Mumbai Indians, Royal Challengers Bangalore)",,,,,,,,,,,,,,
Sohail Tanvir,2008-2008,5,1,1,3,3*,-,3,100,0,0,0,0,0
(Rajasthan Royals),,,,,,,,,,,,,,
AJ Turner,2019-2019,3,3,1,3,3*,1.5,9,33.33,0,0,2,0,0
(Rajasthan Royals),,,,,,,,,,,,,,
M Vohra,2013-2013,1,1,0,3,3,3,6,50,0,0,0,0,0
(Kings XI Punjab),,,,,,,,,,,,,,
JJ Bumrah,2018-2024,3,1,1,2,2*,-,1,200,0,0,0,0,0
(Mumbai Indians),,,,,,,,,,,,,,
UBT Chand,2011-2011,1,1,0,2,2,2,10,20,0,0,0,0,0
(Delhi Daredevils),,,,,,,,,,,,,,
C de Grandhomme,2018-2018,1,1,0,2,2,2,3,66.66,0,0,0,0,0
(Royal Challengers Bangalore),,,,,,,,,,,,,,
CM Gautam,2013-2013,1,1,0,2,2,2,3,66.66,0,0,0,0,0
(Delhi Daredevils),,,,,,,,,,,,,,
RJ Harris,2013-2013,1,1,1,2,2*,-,3,66.66,0,0,0,0,0
(Kings XI Punjab),,,,,,,,,,,,,,
BB McCullum,2012-2012,1,1,0,2,2,2,4,50,0,0,0,0,0
(Kolkata Knight Riders),,,,,,,,,,,,,,
AG Murtaza,2011-2011,1,1,1,2,2*,-,5,40,0,0,0,0,0
(Mumbai Indians),,,,,,,,,,,,,,
PP Ojha,2008-2013,2,2,2,2,1*,-,3,66.66,0,0,0,0,0
"(Deccan Chargers, Mumbai Indians)",,,,,,,,,,,,,,
PA Reddy,2013-2013,1,1,0,2,2,2,5,40,0,0,0,0,0
(Sunrisers Hyderabad),,,,,,,,,,,,,,
Sandeep Sharma,2018-2025,12,2,2,2,2*,-,6,33.33,0,0,0,0,0
"(Rajasthan Royals, Sunrisers Hyderabad)",,,,,,,,,,,,,,
Umar Gul,2008-2008,1,1,0,2,2,2,2,100,0,0,0,0,0
(Kolkata Knight Riders),,,,,,,,,,,,,,
RE van der Merwe,2011-2011,1,1,1,2,2*,-,3,66.66,0,0,0,0,0
(Delhi Daredevils),,,,,,,,,,,,,,
AB Dinda,2008-2011,2,1,0,1,1,1,3,33.33,0,0,0,0,0
"(Delhi Daredevils, Kolkata Knight Riders)",,,,,,,,,,,,,,
MS Gony,2008-2008,1,1,1,1,1*,-,4,25,0,0,0,0,0
(Chennai Super Kings),,,,,,,,,,,,,,
Harmeet Singh,2012-2012,1,1,1,1,1*,-,1,100,0,0,0,0,0
(Kings XI Punjab),,,,,,,,,,,,,,
Iqbal Abdulla,2011-2012,2,1,1,1,1*,-,2,50,0,0,0,0,0
(Kolkata Knight Riders),,,,,,,,,,,,,,
Z Khan,2008-2012,4,1,0,1,1,1,5,20,0,0,0,0,0
"(Mumbai Indians, Royal Challengers Bangalore)",,,,,,,,,,,,,,
A Manohar,2023-2024,2,1,0,1,1,1,2,50,0,0,0,0,0
(Gujarat Titans),,,,,,,,,,,,,,
WA Mota,2008-2008,1,1,1,1,1*,-,1,100,0,0,0,0,0
(Kings XI Punjab),,,,,,,,,,,,,,
RR Raje,2008-2008,1,1,1,1,1*,-,2,50,0,0,0,0,0
(Mumbai Indians),,,,,,,,,,,,,,
Shahid Afridi,2008-2008,1,1,0,1,1,1,3,33.33,0,0,0,0,0
(Deccan Chargers),,,,,,,,,,,,,,
I Sharma,2008-2025,4,2,2,1,1*,-,1,100,0,0,0,0,0
"(Delhi Capitals, Gujarat Titans, Kolkata Knight Riders, Sunrisers Hyderabad)",,,,,,,,,,,,,,
A Singh,2011-2012,10,1,0,1,1,1,2,50,0,0,0,0,0
(Rajasthan Royals),,,,,,,,,,,,,,
S Sreesanth,2008-2013,5,1,1,1,1*,-,2,50,0,0,0,0,0
"(Kings XI Punjab, Rajasthan Royals)",,,,,,,,,,,,,,
AJ Tye,2018-2018,1,1,1,1,1*,-,1,100,0,0,0,0,0
(Kings XI Punjab),,,,,,,,,,,,,,
JD Unadkat,2013-2019,13,4,2,1,1,0.5,3,33.33,0,0,1,0,0
"(Rajasthan Royals, Royal Challengers Bangalore)",,,,,,,,,,,,,,
Yudhvir Singh,2023-2025,2,1,0,1,1,1,1,100,0,0,0,0,0
"(Lucknow Super Giants, Rajasthan Royals)",,,,,,,,,,,,,,
Abdur Razzak,2008-2008,1,1,1,0,0*,-,2,0,0,0,0,0,0
(Royal Challengers Bangalore),,,,,,,,,,,,,,
J Arunkumar,2008-2008,1,1,0,0,0,0,3,0,0,0,1,0,0
(Royal Challengers Bangalore),,,,,,,,,,,,,,
KM Asif,2023-2023,1,1,0,0,0,0,2,0,0,0,1,0,0
(Rajasthan Royals),,,,,,,,,,,,,,
P Awana,2013-2013,1,1,0,0,0,0,1,0,0,0,1,0,0
(Kings XI Punjab),,,,,,,,,,,,,,
Basil Thampi,2018-2018,1,1,1,0,0*,-,0,-,0,0,0,0,0
(Sunrisers Hyderabad),,,,,,,,,,,,,,
RK Bhui,2024-2024,1,1,0,0,0,0,2,0,0,0,1,0,0
(Delhi Capitals),,,,,,,,,,,,,,
YS Chahal,2018-2024,12,1,1,0,0*,-,4,0,0,0,0,0,0
"(Rajasthan Royals, Royal Challengers Bangalore)",,,,,,,,,,,,,,
G Coetzee,2024-2024,1,1,0,0,0,0,1,0,0,0,1,0,0
(Mumbai Indians),,,,,,,,,,,,,,
R Dhawan,2013-2013,1,1,0,0,0,0,1,0,0,0,1,0,0
(Mumbai Indians),,,,,,,,,,,,,,
SP Fleming,2008-2008,1,1,0,0,0,0,2,0,0,0,1,0,0
(Chennai Super Kings),,,,,,,,,,,,,,
RV Gomez,2011-2011,1,1,0,0,0,0,1,0,0,0,1,0,0
(Kochi Tuskers Kerala),,,,,,,,,,,,,,
Joginder Sharma,2008-2008,1,1,0,0,0,0,1,0,0,0,1,0,0
(Chennai Super Kings),,,,,,,,,,,,,,
S Kaul,2013-2019,3,1,1,0,0*,-,0,-,0,0,0,0,0
"(Delhi Daredevils, Sunrisers Hyderabad)",,,,,,,,,,,,,,
E Lewis,2018-2018,1,1,0,0,0,0,1,0,0,0,1,0,0
(Mumbai Indians),,,,,,,,,,,,,,
MJ McClenaghan,2018-2018,1,1,0,0,0,0,1,0,0,0,1,0,0
(Mumbai Indians),,,,,,,,,,,,,,
VY Mahesh,2008-2012,2,1,1,0,0*,-,1,0,0,0,0,0,0
"(Chennai Super Kings, Delhi Daredevils)",,,,,,,,,,,,,,
M Markande,2018-2023,3,1,1,0,0*,-,1,0,0,0,0,0,0
"(Mumbai Indians, Sunrisers Hyderabad)",,,,,,,,,,,,,,
Misbah-ul-Haq,2008-2008,1,1,0,0,0,0,1,0,0,0,1,0,0
(Royal Challengers Bangalore),,,,,,,,,,,,,,
C Munro,2018-2018,1,1,0,0,0,0,0,-,0,0,1,0,0
(Delhi Daredevils),,,,,,,,,,,,,,
Noor Ahmad,2023-2024,2,1,1,0,0*,-,0,-,0,0,0,0,0
(Gujarat Titans),,,,,,,,,,,,,,
SM Pollock,2008-2008,1,1,0,0,0,0,1,0,0,0,1,0,0
(Mumbai Indians),,,,,,,,,,,,,,
R Sharma,2011-2013,3,2,0,0,0,0,4,0,0,0,2,0,0
(Pune Warriors),,,,,,,,,,,,,,
SK Trivedi,2008-2013,32,1,1,0,0*,-,0,-,0,0,0,0,0
(Rajasthan Royals),,,,,,,,,,,,,,
UT Yadav,2012-2024,5,1,0,0,0,0,1,0,0,0,1,0,0
"(Delhi Daredevils, Gujarat Titans, Royal Challengers Bangalore)",,,,,,,,,,,,,,
VR Aaron,2019-2019,2,-,-,-,-,-,-,-,-,-,-,-,-
(Rajasthan Royals),,,,,,,,,,,,,,
KK Ahmed,2019-2024,2,-,-,-,-,-,-,-,-,-,-,-,-
"(Delhi Capitals, Sunrisers Hyderabad)",,,,,,,,,,,,,,
Akash Singh,2023-2023,1,-,-,-,-,-,-,-,-,-,-,-,-
(Chennai Super Kings),,,,,,,,,,,,,,
Anand Rajan,2012-2012,1,-,-,-,-,-,-,-,-,-,-,-,-
(Deccan Chargers),,,,,,,,,,,,,,
Ankit Sharma,2012-2018,2,-,-,-,-,-,-,-,-,-,-,-,-
"(Deccan Chargers, Rajasthan Royals)",,,,,,,,,,,,,,
Anureet Singh,2018-2018,1,-,-,-,-,-,-,-,-,-,-,-,-
(Rajasthan Royals),,,,,,,,,,,,,,
KP Appanna,2012-2012,1,-,-,-,-,-,-,-,-,-,-,-,-
(Royal Challengers Bangalore),,,,,,,,,,,,,,
S Aravind,2011-2011,1,-,-,-,-,-,-,-,-,-,-,-,-
(Royal Challengers Bangalore),,,,,,,,,,,,,,
KB Arun Karthik,2011-2011,1,-,-,-,-,-,-,-,-,-,-,-,-
(Royal Challengers Bangalore),,,,,,,,,,,,,,
M Ashwin,2023-2023,1,-,-,-,-,-,-,-,-,-,-,-,-
(Rajasthan Royals),,,,,,,,,,,,,,
Avesh Khan,2023-2025,7,-,-,-,-,-,-,-,-,-,-,-,-
"(Lucknow Super Giants, Rajasthan Royals)",,,,,,,,,,,,,,
L Balaji,2011-2011,1,-,-,-,-,-,-,-,-,-,-,-,-
(Kolkata Knight Riders),,,,,,,,,,,,,,
UA Birla,2013-2013,1,-,-,-,-,-,-,-,-,-,-,-,-
(Pune Warriors),,,,,,,,,,,,,,
DE Bollinger,2011-2011,1,-,-,-,-,-,-,-,-,-,-,-,-
(Chennai Super Kings),,,,,,,,,,,,,,
N Burger,2024-2024,3,-,-,-,-,-,-,-,-,-,-,-,-
(Rajasthan Royals),,,,,,,,,,,,,,
DL Chahar,2019-2019,1,-,-,-,-,-,-,-,-,-,-,-,-
(Chennai Super Kings),,,,,,,,,,,,,,
RD Chahar,2019-2019,1,-,-,-,-,-,-,-,-,-,-,-,-
(Mumbai Indians),,,,,,,,,,,,,,
A Chandila,2012-2013,8,-,-,-,-,-,-,-,-,-,-,-,-
(Rajasthan Royals),,,,,,,,,,,,,,
B Chipli,2012-2012,1,-,-,-,-,-,-,-,-,-,-,-,-
(Deccan Chargers),,,,,,,,,,,,,,
SM Curran,2019-2019,1,-,-,-,-,-,-,-,-,-,-,-,-
(Kings XI Punjab),,,,,,,,,,,,,,
TK Curran,2018-2018,1,-,-,-,-,-,-,-,-,-,-,-,-
(Kolkata Knight Riders),,,,,,,,,,,,,,
MJ Dagar,2024-2024,1,-,-,-,-,-,-,-,-,-,-,-,-
(Royal Challengers Bengaluru),,,,,,,,,,,,,,
TU Deshpande,2023-2025,3,-,-,-,-,-,-,-,-,-,-,-,-
"(Chennai Super Kings, Rajasthan Royals)",,,,,,,,,,,,,,
ND Doshi,2011-2011,1,-,-,-,-,-,-,-,-,-,-,-,-
(Rajasthan Royals),,,,,,,,,,,,,,
CRD Fernando,2008-2008,1,-,-,-,-,-,-,-,-,-,-,-,-
(Mumbai Indians),,,,,,,,,,,,,,
JEC Franklin,2012-2012,1,-,-,-,-,-,-,-,-,-,-,-,-
(Mumbai Indians),,,,,,,,,,,,,,
HF Gurney,2019-2019,1,-,-,-,-,-,-,-,-,-,-,-,-
(Kolkata Knight Riders),,,,,,,,,,,,,,
PW Hasaranga,2025-2025,3,-,-,-,-,-,-,-,-,-,-,-,-
(Rajasthan Royals),,,,,,,,,,,,,,
JR Hazlewood,2025-2025,1,-,-,-,-,-,-,-,-,-,-,-,-
(Royal Challengers Bengaluru),,,,,,,,,,,,,,
BW Hilfenhaus,2012-2012,1,-,-,-,-,-,-,-,-,-,-,-,-
(Chennai Super Kings),,,,,,,,,,,,,,
JO Holder,2013-2023,3,-,-,-,-,-,-,-,-,-,-,-,-
"(Chennai Super Kings, Rajasthan Royals)",,,,,,,,,,,,,,
Imran Tahir,2019-2019,1,-,-,-,-,-,-,-,-,-,-,-,-
(Chennai Super Kings),,,,,,,,,,,,,,
SB Jakati,2011-2011,1,-,-,-,-,-,-,-,-,-,-,-,-
(Chennai Super Kings),,,,,,,,,,,,,,
SH Johnson,2024-2024,1,-,-,-,-,-,-,-,-,-,-,-,-
(Gujarat Titans),,,,,,,,,,,,,,
Kamran Khan,2010-2010,1,-,-,-,-,-,-,-,-,-,-,-,-
(Rajasthan Royals),,,,,,,,,,,,,,
Karim Janat,2025-2025,1,-,-,-,-,-,-,-,-,-,-,-,-
(Gujarat Titans),,,,,,,,,,,,,,
K Kartikeya,2025-2025,1,-,-,-,-,-,-,-,-,-,-,-,-
(Rajasthan Royals),,,,,,,,,,,,,,
AA Kazi,2011-2011,1,-,-,-,-,-,-,-,-,-,-,-,-
(Royal Challengers Bangalore),,,,,,,,,,,,,,
Kuldeep Yadav,2018-2024,3,-,-,-,-,-,-,-,-,-,-,-,-
"(Delhi Capitals, Kolkata Knight Riders)",,,,,,,,,,,,,,
CK Langeveldt,2011-2011,1,-,-,-,-,-,-,-,-,-,-,-,-
(Royal Challengers Bangalore),,,,,,,,,,,,,,
B Laughlin,2018-2018,3,-,-,-,-,-,-,-,-,-,-,-,-
(Rajasthan Royals),,,,,,,,,,,,,,
JB Little,2023-2023,1,-,-,-,-,-,-,-,-,-,-,-,-
(Gujarat Titans),,,,,,,,,,,,,,
OC McCoy,2023-2023,1,-,-,-,-,-,-,-,-,-,-,-,-
(Rajasthan Royals),,,,,,,,,,,,,,
GD McGrath,2008-2008,1,-,-,-,-,-,-,-,-,-,-,-,-
(Delhi Daredevils),,,,,,,,,,,,,,
KA Maharaj,2024-2024,1,-,-,-,-,-,-,-,-,-,-,-,-
(Rajasthan Royals),,,,,,,,,,,,,,
VS Malik,2013-2013,1,-,-,-,-,-,-,-,-,-,-,-,-
(Rajasthan Royals),,,,,,,,,,,,,,
S Midhun,2019-2019,1,-,-,-,-,-,-,-,-,-,-,-,-
(Rajasthan Royals),,,,,,,,,,,,,,
T Mishra,2012-2012,1,-,-,-,-,-,-,-,-,-,-,-,-
(Deccan Chargers),,,,,,,,,,,,,,
Mohsin Khan,2024-2024,1,-,-,-,-,-,-,-,-,-,-,-,-
(Lucknow Super Giants),,,,,,,,,,,,,,
M Morkel,2011-2013,3,-,-,-,-,-,-,-,-,-,-,-,-
(Delhi Daredevils),,,,,,,,,,,,,,
Mujeeb Ur Rahman,2018-2019,2,-,-,-,-,-,-,-,-,-,-,-,-
(Kings XI Punjab),,,,,,,,,,,,,,
Mukesh Kumar,2024-2024,1,-,-,-,-,-,-,-,-,-,-,-,-
(Delhi Capitals),,,,,,,,,,,,,,
Mustafizur Rahman,2018-2018,1,-,-,-,-,-,-,-,-,-,-,-,-
(Mumbai Indians),,,,,,,,,,,,,,
S Nadeem,2011-2018,3,-,-,-,-,-,-,-,-,-,-,-,-
(Delhi Daredevils),,,,,,,,,,,,,,
T Natarajan,2023-2023,1,-,-,-,-,-,-,-,-,-,-,-,-
(Sunrisers Hyderabad),,,,,,,,,,,,,,
Naveen-ul-Haq,2023-2024,2,-,-,-,-,-,-,-,-,-,-,-,-
(Lucknow Super Giants),,,,,,,,,,,,,,
P Negi,2012-2013,2,-,-,-,-,-,-,-,-,-,-,-,-
(Delhi Daredevils),,,,,,,,,,,,,,
A Nortje,2024-2024,1,-,-,-,-,-,-,-,-,-,-,-,-
(Delhi Capitals),,,,,,,,,,,,,,
Pankaj Singh,2008-2012,8,-,-,-,-,-,-,-,-,-,-,-,-
"(Rajasthan Royals, Royal Challengers Bangalore)",,,,,,,,,,,,,,
WD Parnell,2013-2023,2,-,-,-,-,-,-,-,-,-,-,-,-
"(Pune Warriors, Royal Challengers Bangalore)",,,,,,,,,,,,,,
HV Patel,2012-2023,2,-,-,-,-,-,-,-,-,-,-,-,-
(Royal Challengers Bangalore),,,,,,,,,,,,,,
MM Patel,2008-2011,7,-,-,-,-,-,-,-,-,-,-,-,-
"(Mumbai Indians, Rajasthan Royals)",,,,,,,,,,,,,,
M Pathirana,2023-2023,1,-,-,-,-,-,-,-,-,-,-,-,-
(Chennai Super Kings),,,,,,,,,,,,,,
RM Patidar,2024-2025,2,-,-,-,-,-,-,-,-,-,-,-,-
(Royal Challengers Bengaluru),,,,,,,,,,,,,,
RR Powar,2010-2010,1,-,-,-,-,-,-,-,-,-,-,-,-
(Kings XI Punjab),,,,,,,,,,,,,,
R Powell,2024-2024,1,-,-,-,-,-,-,-,-,-,-,-,-
(Rajasthan Royals),,,,,,,,,,,,,,
M Prasidh Krishna,2019-2025,2,-,-,-,-,-,-,-,-,-,-,-,-
"(Gujarat Titans, Kolkata Knight Riders)",,,,,,,,,,,,,,
Prince Yadav,2025-2025,1,-,-,-,-,-,-,-,-,-,-,-,-
(Lucknow Super Giants),,,,,,,,,,,,,,
K Rabada,2019-2019,1,-,-,-,-,-,-,-,-,-,-,-,-
(Delhi Capitals),,,,,,,,,,,,,,
AS Rajpoot,2019-2019,1,-,-,-,-,-,-,-,-,-,-,-,-
(Kings XI Punjab),,,,,,,,,,,,,,
DS Rathi,2025-2025,1,-,-,-,-,-,-,-,-,-,-,-,-
(Lucknow Super Giants),,,,,,,,,,,,,,
Ravi Bishnoi,2023-2025,3,-,-,-,-,-,-,-,-,-,-,-,-
(Lucknow Super Giants),,,,,,,,,,,,,,
AD Russell,2018-2019,2,-,-,-,-,-,-,-,-,-,-,-,-
(Kolkata Knight Riders),,,,,,,,,,,,,,
Sachin Baby,2013-2013,3,-,-,-,-,-,-,-,-,-,-,-,-
(Rajasthan Royals),,,,,,,,,,,,,,
Shahbaz Ahmed,2023-2023,1,-,-,-,-,-,-,-,-,-,-,-,-
(Royal Challengers Bangalore),,,,,,,,,,,,,,
NA Saini,2019-2019,1,-,-,-,-,-,-,-,-,-,-,-,-
(Royal Challengers Bangalore),,,,,,,,,,,,,,
R Sai Kishore,2025-2025,1,-,-,-,-,-,-,-,-,-,-,-,-
(Gujarat Titans),,,,,,,,,,,,,,
D Salunkhe,2008-2008,1,-,-,-,-,-,-,-,-,-,-,-,-
(Rajasthan Royals),,,,,,,,,,,,,,
PJ Sangwan,2008-2008,1,-,-,-,-,-,-,-,-,-,-,-,-
(Delhi Daredevils),,,,,,,,,,,,,,
KR Sen,2024-2024,1,-,-,-,-,-,-,-,-,-,-,-,-
(Rajasthan Royals),,,,,,,,,,,,,,
H Sharma,2024-2024,1,-,-,-,-,-,-,-,-,-,-,-,-
(Royal Challengers Bengaluru),,,,,,,,,,,,,,
JM Sharma,2025-2025,1,-,-,-,-,-,-,-,-,-,-,-,-
(Royal Challengers Bengaluru),,,,,,,,,,,,,,
MM Sharma,2013-2024,4,-,-,-,-,-,-,-,-,-,-,-,-
"(Chennai Super Kings, Gujarat Titans, Kings XI Punjab)",,,,,,,,,,,,,,
Shivam Mavi,2018-2018,1,-,-,-,-,-,-,-,-,-,-,-,-
(Kolkata Knight Riders),,,,,,,,,,,,,,
R Shukla,2013-2013,1,-,-,-,-,-,-,-,-,-,-,-,-
(Rajasthan Royals),,,,,,,,,,,,,,
IS Sodhi,2018-2018,4,-,-,-,-,-,-,-,-,-,-,-,-
(Rajasthan Royals),,,,,,,,,,,,,,
Sumit Kumar,2024-2024,1,-,-,-,-,-,-,-,-,-,-,-,-
(Delhi Capitals),,,,,,,,,,,,,,
Suyash Sharma,2025-2025,1,-,-,-,-,-,-,-,-,-,-,-,-
(Royal Challengers Bengaluru),,,,,,,,,,,,,,
SW Tait,2011-2013,6,-,-,-,-,-,-,-,-,-,-,-,-
(Rajasthan Royals),,,,,,,,,,,,,,
PV Tambe,2013-2013,1,-,-,-,-,-,-,-,-,-,-,-,-
(Rajasthan Royals),,,,,,,,,,,,,,
JE Taylor,2011-2011,1,-,-,-,-,-,-,-,-,-,-,-,-
(Pune Warriors),,,,,,,,,,,,,,
SN Thakur,2018-2025,3,-,-,-,-,-,-,-,-,-,-,-,-
"(Chennai Super Kings, Lucknow Super Giants)",,,,,,,,,,,,,,
Yash Thakur,2024-2024,1,-,-,-,-,-,-,-,-,-,-,-,-
(Lucknow Super Giants),,,,,,,,,,,,,,
M Theekshana,2023-2025,4,-,-,-,-,-,-,-,-,-,-,-,-
"(Chennai Super Kings, Rajasthan Royals)",,,,,,,,,,,,,,
J Theron,2010-2010,1,-,-,-,-,-,-,-,-,-,-,-,-
(Kings XI Punjab),,,,,,,,,,,,,,
AC Thomas,2011-2011,1,-,-,-,-,-,-,-,-,-,-,-,-
(Pune Warriors),,,,,,,,,,,,,,
O Thomas,2019-2019,1,-,-,-,-,-,-,-,-,-,-,-,-
(Rajasthan Royals),,,,,,,,,,,,,,
N Thushara,2024-2024,1,-,-,-,-,-,-,-,-,-,-,-,-
(Mumbai Indians),,,,,,,,,,,,,,
RJW Topley,2024-2024,1,-,-,-,-,-,-,-,-,-,-,-,-
(Royal Challengers Bengaluru),,,,,,,,,,,,,,
K Upadhyay,2013-2013,1,-,-,-,-,-,-,-,-,-,-,-,-
(Pune Warriors),,,,,,,,,,,,,,
DL Vettori,2012-2012,1,-,-,-,-,-,-,-,-,-,-,-,-
(Royal Challengers Bangalore),,,,,,,,,,,,,,
DP Vijaykumar,2008-2008,1,-,-,-,-,-,-,-,-,-,-,-,-
(Deccan Chargers),,,,,,,,,,,,,,
Vivrant Sharma,2023-2023,1,-,-,-,-,-,-,-,-,-,-,-,-
(Sunrisers Hyderabad),,,,,,,,,,,,,,
DJ Willey,2018-2018,1,-,-,-,-,-,-,-,-,-,-,-,-
(Chennai Super Kings),,,,,,,,,,,,,,
K Yadav,2023-2023,2,-,-,-,-,-,-,-,-,-,-,-,-
(Rajasthan Royals),,,,,,,,,,,,,,
Yash Dayal,2024-2025,2,-,-,-,-,-,-,-,-,-,-,-,-
(Royal Challengers Bengaluru),,,,,,,,,,,,,,
,,,,,,,,,,,,,,
,,,,,venue wankade,,,,,,,,,
Player,Span,Mat,Inns,NO,Runs,HS,Ave,BF,SR,100,50,0,4s,6s
RG Sharma,2011-2025,85,84,13,2439,105*,34.35,1765,138.18,1,17,5,224,110
(Mumbai Indians),,,,,,,,,,,,,,
SA Yadav,2012-2025,37,37,6,1286,103*,41.48,776,165.72,2,10,5,147,57
"(Kolkata Knight Riders, Mumbai Indians)",,,,,,,,,,,,,,
KA Pollard,2011-2022,60,57,15,1226,83,29.19,787,155.78,0,7,2,78,85
(Mumbai Indians),,,,,,,,,,,,,,
AT Rayudu,2011-2023,55,52,7,1008,78,22.4,784,128.57,0,6,7,91,43
"(Chennai Super Kings, Mumbai Indians)",,,,,,,,,,,,,,
KD Karthik,2008-2024,32,31,8,855,86,37.17,602,142.02,0,3,1,92,30
"(Delhi Daredevils, Gujarat Lions, Kings XI Punjab, Kolkata Knight Riders, Mumbai Indians, Royal Challengers Bangalore, Royal Challengers Bengaluru)",,,,,,,,,,,,,,
HH Pandya,2015-2025,47,42,14,768,62*,27.42,511,150.29,0,2,1,67,41
"(Gujarat Titans, Mumbai Indians)",,,,,,,,,,,,,,
JC Buttler,2016-2024,24,24,2,759,116,34.5,526,144.29,1,3,1,74,41
"(Mumbai Indians, Rajasthan Royals)",,,,,,,,,,,,,,
SR Tendulkar,2008-2013,23,23,2,726,100*,34.57,604,120.19,1,3,1,94,10
(Mumbai Indians),,,,,,,,,,,,,,
F du Plessis,2012-2024,19,19,4,701,95*,46.73,523,134.03,0,6,2,66,25
"(Chennai Super Kings, Rising Pune Supergiants, Royal Challengers Bangalore, Royal Challengers Bengaluru)",,,,,,,,,,,,,,
Ishan Kishan,2017-2025,31,29,0,659,69,22.72,453,145.47,0,2,2,66,34
"(Gujarat Lions, Mumbai Indians, Sunrisers Hyderabad)",,,,,,,,,,,,,,
V Kohli,2008-2025,19,19,5,641,92*,45.78,464,138.14,0,6,1,52,25
"(Royal Challengers Bangalore, Royal Challengers Bengaluru)",,,,,,,,,,,,,,
KL Rahul,2015-2024,12,12,2,634,103*,63.4,429,147.78,2,5,2,52,31
"(Kings XI Punjab, Lucknow Super Giants, Punjab Kings, Royal Challengers Bangalore, Sunrisers Hyderabad)",,,,,,,,,,,,,,
S Dhawan,2008-2022,17,17,2,625,92,41.66,479,130.48,0,4,1,68,16
"(Deccan Chargers, Delhi Capitals, Delhi Daredevils, Punjab Kings, Sunrisers Hyderabad)",,,,,,,,,,,,,,
SK Raina,2008-2021,21,20,3,577,87,33.94,388,148.71,0,4,1,51,33
"(Chennai Super Kings, Gujarat Lions)",,,,,,,,,,,,,,
SV Samson,2013-2024,18,18,2,577,119,36.06,393,146.81,1,3,0,60,24
"(Delhi Daredevils, Rajasthan Royals)",,,,,,,,,,,,,,
PA Patel,2008-2019,24,23,1,518,52,23.54,406,127.58,0,2,3,70,9
"(Chennai Super Kings, Deccan Chargers, Kochi Tuskers Kerala, Mumbai Indians, Royal Challengers Bangalore, Sunrisers Hyderabad)",,,,,,,,,,,,,,
AM Rahane,2011-2025,17,14,1,435,66*,33.46,320,135.93,0,3,0,52,13
"(Chennai Super Kings, Delhi Capitals, Kolkata Knight Riders, Rajasthan Royals, Rising Pune Supergiant, Rising Pune Supergiants)",,,,,,,,,,,,,,
N Rana,2017-2023,16,16,1,417,57,27.8,336,124.1,0,3,1,33,19
"(Kolkata Knight Riders, Mumbai Indians)",,,,,,,,,,,,,,
MS Dhoni,2008-2025,29,24,8,416,50*,26,347,119.88,0,1,2,33,20
"(Chennai Super Kings, Rising Pune Supergiant, Rising Pune Supergiants)",,,,,,,,,,,,,,
KH Pandya,2016-2025,29,25,8,408,42,24,292,139.72,0,0,0,42,13
"(Lucknow Super Giants, Mumbai Indians, Royal Challengers Bengaluru)",,,,,,,,,,,,,,
LMP Simmons,2014-2017,13,13,1,398,68*,33.16,331,120.24,0,4,1,36,18
(Mumbai Indians),,,,,,,,,,,,,,
DA Miller,2012-2025,16,16,3,395,62,30.38,301,131.22,0,2,1,31,16
"(Gujarat Titans, Kings XI Punjab, Lucknow Super Giants, Rajasthan Royals)",,,,,,,,,,,,,,
NT Tilak Varma,2022-2025,19,17,5,394,56,32.83,306,128.75,0,1,0,38,12
(Mumbai Indians),,,,,,,,,,,,,,
Q de Kock,2018-2025,13,13,1,374,81,31.16,283,132.15,0,2,0,33,16
"(Kolkata Knight Riders, Lucknow Super Giants, Mumbai Indians, Royal Challengers Bangalore)",,,,,,,,,,,,,,
RR Pant,2017-2025,13,13,2,374,78*,34,229,163.31,0,2,1,43,16
"(Delhi Capitals, Delhi Daredevils, Lucknow Super Giants)",,,,,,,,,,,,,,
GJ Maxwell,2013-2024,13,12,1,365,68,33.18,209,174.64,0,2,1,36,22
"(Delhi Daredevils, Kings XI Punjab, Mumbai Indians, Royal Challengers Bangalore, Royal Challengers Bengaluru)",,,,,,,,,,,,,,
Harbhajan Singh,2008-2018,49,33,16,362,64,21.29,239,151.46,0,1,3,38,17
"(Chennai Super Kings, Mumbai Indians)",,,,,,,,,,,,,,
RV Uthappa,2008-2022,15,15,1,359,54,25.64,316,113.6,0,1,0,33,13
"(Chennai Super Kings, Kolkata Knight Riders, Mumbai Indians, Pune Warriors)",,,,,,,,,,,,,,
WP Saha,2008-2023,12,10,3,352,93*,50.28,251,140.23,0,4,1,43,10
"(Chennai Super Kings, Gujarat Titans, Kings XI Punjab, Kolkata Knight Riders, Sunrisers Hyderabad)",,,,,,,,,,,,,,
DR Smith,2008-2017,14,14,1,345,62,26.53,289,119.37,0,3,3,37,15
"(Chennai Super Kings, Gujarat Lions, Mumbai Indians)",,,,,,,,,,,,,,
SR Watson,2008-2019,11,11,2,342,117*,38,230,148.69,1,2,1,29,22
"(Chennai Super Kings, Rajasthan Royals, Royal Challengers Bangalore)",,,,,,,,,,,,,,
RA Jadeja,2008-2025,23,17,7,331,62*,33.1,228,145.17,0,2,0,22,16
"(Chennai Super Kings, Gujarat Lions, Kochi Tuskers Kerala, Rajasthan Royals)",,,,,,,,,,,,,,
D Padikkal,2021-2025,10,10,1,327,101*,36.33,224,145.98,1,1,1,33,15
"(Lucknow Super Giants, Rajasthan Royals, Royal Challengers Bangalore, Royal Challengers Bengaluru)",,,,,,,,,,,,,,
TH David,2022-2025,17,14,6,326,46,40.75,173,188.43,0,0,1,14,28
"(Mumbai Indians, Royal Challengers Bengaluru)",,,,,,,,,,,,,,
RD Gaikwad,2021-2024,11,11,1,316,69,31.6,266,118.79,0,3,1,28,12
(Chennai Super Kings),,,,,,,,,,,,,,
AB de Villiers,2011-2021,11,9,1,307,133*,38.37,189,162.43,1,1,0,33,13
(Royal Challengers Bangalore),,,,,,,,,,,,,,
CH Gayle,2011-2021,10,10,1,301,82*,33.44,218,138.07,0,2,0,22,23
"(Kings XI Punjab, Punjab Kings, Royal Challengers Bangalore)",,,,,,,,,,,,,,
YK Pathan,2008-2018,10,10,3,280,52,40,217,129.03,0,1,0,27,10
"(Kolkata Knight Riders, Rajasthan Royals, Sunrisers Hyderabad)",,,,,,,,,,,,,,
S Dube,2021-2025,12,12,1,275,66*,25,212,129.71,0,2,1,28,10
"(Chennai Super Kings, Rajasthan Royals)",,,,,,,,,,,,,,
DA Warner,2011-2024,10,10,0,274,66,27.4,176,155.68,0,2,0,33,13
"(Delhi Capitals, Delhi Daredevils, Sunrisers Hyderabad)",,,,,,,,,,,,,,
SE Marsh,2008-2017,6,6,1,268,81,53.6,188,142.55,0,3,0,24,10
(Kings XI Punjab),,,,,,,,,,,,,,
MK Pandey,2012-2025,10,10,2,266,81*,33.25,199,133.66,0,2,1,21,11
"(Kolkata Knight Riders, Lucknow Super Giants, Pune Warriors, Sunrisers Hyderabad)",,,,,,,,,,,,,,
DJ Hooda,2015-2024,11,11,1,262,64,26.2,188,139.36,0,3,0,23,11
"(Lucknow Super Giants, Punjab Kings, Rajasthan Royals, Sunrisers Hyderabad)",,,,,,,,,,,,,,
PP Shaw,2019-2024,10,10,0,261,72,26.1,177,147.45,0,2,1,30,11
(Delhi Capitals),,,,,,,,,,,,,,
RA Tripathi,2017-2022,9,9,0,260,76,28.88,179,145.25,0,2,1,23,11
"(Kolkata Knight Riders, Rajasthan Royals, Rising Pune Supergiant, Sunrisers Hyderabad)",,,,,,,,,,,,,,
E Lewis,2018-2022,9,9,0,241,65,26.77,173,139.3,0,2,1,22,16
"(Lucknow Super Giants, Mumbai Indians)",,,,,,,,,,,,,,
MA Agarwal,2011-2024,12,11,0,240,83,21.81,176,136.36,0,2,2,27,8
"(Delhi Daredevils, Punjab Kings, Royal Challengers Bangalore, Sunrisers Hyderabad)",,,,,,,,,,,,,,
C Green,2023-2023,7,7,4,229,100*,76.33,133,172.18,1,1,0,19,13
(Mumbai Indians),,,,,,,,,,,,,,
YBK Jaiswal,2021-2024,5,5,0,228,124,45.6,132,172.72,1,1,0,32,10
(Rajasthan Royals),,,,,,,,,,,,,,
BB McCullum,2011-2017,7,7,0,222,81,31.71,160,138.75,0,2,0,23,9
"(Chennai Super Kings, Gujarat Lions, Kochi Tuskers Kerala, Kolkata Knight Riders)",,,,,,,,,,,,,,
ST Jayasuriya,2008-2008,4,4,2,211,114*,105.5,93,226.88,1,0,0,21,17
(Mumbai Indians),,,,,,,,,,,,,,
MM Ali,2019-2022,7,7,0,204,50,29.14,138,147.82,0,1,1,15,14
"(Chennai Super Kings, Royal Challengers Bangalore)",,,,,,,,,,,,,,
VR Iyer,2022-2025,6,6,0,202,104,33.66,147,137.41,1,1,0,14,12
(Kolkata Knight Riders),,,,,,,,,,,,,,
DJ Bravo,2008-2022,19,10,2,199,68,24.87,139,143.16,0,1,0,14,13
"(Chennai Super Kings, Gujarat Lions, Mumbai Indians)",,,,,,,,,,,,,,
AD Russell,2015-2025,13,11,2,199,70*,22.11,118,168.64,0,2,2,13,17
(Kolkata Knight Riders),,,,,,,,,,,,,,
SS Iyer,2015-2024,9,9,2,196,42,28,162,120.98,0,0,0,23,3
"(Delhi Capitals, Delhi Daredevils, Kolkata Knight Riders)",,,,,,,,,,,,,,
V Sehwag,2008-2015,6,6,0,196,122,32.66,123,159.34,1,0,0,20,10
"(Delhi Daredevils, Kings XI Punjab)",,,,,,,,,,,,,,
RD Rickelton,2025-2025,5,5,1,192,62*,48,125,153.6,0,2,0,22,10
(Mumbai Indians),,,,,,,,,,,,,,
R Tewatia,2017-2023,13,10,3,191,40*,27.28,132,144.69,0,0,0,16,9
"(Delhi Capitals, Delhi Daredevils, Gujarat Titans, Kings XI Punjab, Rajasthan Royals)",,,,,,,,,,,,,,
N Pooran,2021-2025,9,9,0,176,75,19.55,106,166.03,0,1,2,11,15
"(Lucknow Super Giants, Punjab Kings, Sunrisers Hyderabad)",,,,,,,,,,,,,,
JEC Franklin,2011-2012,10,9,2,174,79,24.85,169,102.95,0,1,0,12,4
(Mumbai Indians),,,,,,,,,,,,,,
G Gambhir,2008-2018,8,8,0,173,59,21.62,151,114.56,0,1,1,21,2
"(Delhi Daredevils, Kolkata Knight Riders)",,,,,,,,,,,,,,
Abhishek Sharma,2019-2025,7,7,0,170,65,24.28,134,126.86,0,1,1,19,6
(Sunrisers Hyderabad),,,,,,,,,,,,,,
MK Tiwary,2008-2018,7,7,1,170,58,28.33,146,116.43,0,1,1,16,5
"(Delhi Daredevils, Kings XI Punjab, Kolkata Knight Riders, Rising Pune Supergiant)",,,,,,,,,,,,,,
SO Hetmyer,2021-2024,8,7,6,168,59*,168,106,158.49,0,1,0,9,13
"(Delhi Capitals, Rajasthan Royals)",,,,,,,,,,,,,,
CJ Anderson,2014-2018,8,8,2,163,95*,27.16,101,161.38,0,1,2,14,11
"(Delhi Daredevils, Mumbai Indians, Royal Challengers Bangalore)",,,,,,,,,,,,,,
RM Patidar,2022-2025,4,3,0,162,64,54,96,168.75,0,2,0,12,10
"(Royal Challengers Bangalore, Royal Challengers Bengaluru)",,,,,,,,,,,,,,
Yuvraj Singh,2008-2019,10,10,0,161,57,16.1,137,117.51,0,2,1,15,7
"(Delhi Daredevils, Kings XI Punjab, Mumbai Indians, Pune Warriors, Royal Challengers Bangalore, Sunrisers Hyderabad)",,,,,,,,,,,,,,
S Badrinath,2008-2013,6,5,2,159,71*,53,117,135.89,0,2,1,19,4
(Chennai Super Kings),,,,,,,,,,,,,,
MEK Hussey,2011-2015,6,6,0,157,56,26.16,118,133.05,0,1,1,16,6
"(Chennai Super Kings, Mumbai Indians)",,,,,,,,,,,,,,
R Powell,2022-2022,5,5,1,147,43,36.75,87,168.96,0,0,1,5,14
(Delhi Capitals),,,,,,,,,,,,,,
KM Jadhav,2011-2023,8,7,3,146,58,36.5,130,112.3,0,1,0,13,4
"(Chennai Super Kings, Delhi Daredevils, Kochi Tuskers Kerala, Royal Challengers Bangalore)",,,,,,,,,,,,,,
AR Patel,2014-2024,12,9,5,137,42*,34.25,92,148.91,0,0,0,6,8
"(Delhi Capitals, Kings XI Punjab)",,,,,,,,,,,,,,
Rashid Khan,2017-2023,10,6,4,137,79*,68.5,62,220.96,0,1,0,4,16
"(Gujarat Titans, Sunrisers Hyderabad)",,,,,,,,,,,,,,
MR Marsh,2013-2025,7,6,0,136,38,22.66,102,133.33,0,0,1,10,7
"(Delhi Capitals, Lucknow Super Giants, Pune Warriors, Rising Pune Supergiants)",,,,,,,,,,,,,,
R Parag,2021-2024,11,8,2,136,54*,22.66,95,143.15,0,1,0,11,9
(Rajasthan Royals),,,,,,,,,,,,,,
A Badoni,2022-2025,6,5,1,130,54,32.5,91,142.85,0,1,0,7,8
(Lucknow Super Giants),,,,,,,,,,,,,,
AJ Finch,2013-2022,6,6,1,128,67*,25.6,118,108.47,0,1,1,11,2
"(Gujarat Lions, Kings XI Punjab, Kolkata Knight Riders, Mumbai Indians, Pune Warriors)",,,,,,,,,,,,,,
TM Head,2016-2025,4,4,0,125,48,31.25,98,127.55,0,0,0,13,3
"(Royal Challengers Bangalore, Sunrisers Hyderabad)",,,,,,,,,,,,,,
MP Stoinis,2018-2024,9,9,3,125,38*,20.83,89,140.44,0,0,3,14,6
"(Delhi Capitals, Kings XI Punjab, Lucknow Super Giants, Royal Challengers Bangalore)",,,,,,,,,,,,,,
PJ Cummins,2017-2025,5,5,4,123,66*,123,66,186.36,0,1,0,6,10
"(Delhi Daredevils, Kolkata Knight Riders, Sunrisers Hyderabad)",,,,,,,,,,,,,,
AK Markram,2022-2025,6,6,1,122,56,24.4,106,115.09,0,1,0,7,5
"(Lucknow Super Giants, Sunrisers Hyderabad)",,,,,,,,,,,,,,
JM Sharma,2022-2025,5,4,2,122,40*,61,51,239.21,0,0,0,9,11
"(Punjab Kings, Royal Challengers Bengaluru)",,,,,,,,,,,,,,
LS Livingstone,2019-2025,7,7,1,120,49*,20,75,160,0,0,1,5,11
"(Punjab Kings, Rajasthan Royals, Royal Challengers Bengaluru)",,,,,,,,,,,,,,
JP Duminy,2011-2018,6,6,4,119,45*,59.5,93,127.95,0,0,0,7,7
"(Deccan Chargers, Delhi Daredevils, Mumbai Indians)",,,,,,,,,,,,,,
KS Williamson,2018-2022,7,7,1,116,47,19.33,94,123.4,0,0,1,16,2
(Sunrisers Hyderabad),,,,,,,,,,,,,,
SM Curran,2019-2023,7,5,1,115,55,28.75,57,201.75,0,1,0,12,7
"(Chennai Super Kings, Kings XI Punjab, Punjab Kings)",,,,,,,,,,,,,,
RK Singh,2019-2025,6,6,1,113,42*,22.6,85,132.94,0,0,0,14,2
(Kolkata Knight Riders),,,,,,,,,,,,,,
WG Jacks,2024-2025,6,5,0,111,36,22.2,88,126.13,0,0,0,10,5
"(Mumbai Indians, Royal Challengers Bengaluru)",,,,,,,,,,,,,,
AP Tare,2013-2017,8,8,3,111,59,22.2,68,163.23,0,1,1,14,3
"(Delhi Daredevils, Mumbai Indians)",,,,,,,,,,,,,,
Naman Dhir,2024-2025,9,7,2,109,62*,21.8,69,157.97,0,1,3,9,8
(Mumbai Indians),,,,,,,,,,,,,,
LA Pomersbach,2008-2011,2,2,1,108,79*,108,68,158.82,0,1,0,12,5
"(Kings XI Punjab, Royal Challengers Bangalore)",,,,,,,,,,,,,,
JJ Roy,2017-2018,2,2,2,105,91*,-,60,175,0,1,0,7,7
"(Delhi Daredevils, Gujarat Lions)",,,,,,,,,,,,,,
Shakib Al Hasan,2011-2018,7,7,0,105,26,15,76,138.15,0,0,0,13,1
"(Kolkata Knight Riders, Sunrisers Hyderabad)",,,,,,,,,,,,,,
M Vijay,2011-2015,6,6,0,103,41,17.16,88,117.04,0,0,0,12,4
"(Chennai Super Kings, Delhi Daredevils, Kings XI Punjab)",,,,,,,,,,,,,,
CH Morris,2013-2021,7,6,3,101,52*,33.66,76,132.89,0,1,1,5,6
"(Chennai Super Kings, Delhi Daredevils, Rajasthan Royals)",,,,,,,,,,,,,,
SPD Smith,2012-2021,7,6,0,101,39,16.83,93,108.6,0,0,0,9,0
"(Delhi Capitals, Pune Warriors, Rajasthan Royals, Rising Pune Supergiant, Rising Pune Supergiants)",,,,,,,,,,,,,,
R Ashwin,2011-2025,22,11,3,100,28,12.5,87,114.94,0,0,2,5,3
"(Chennai Super Kings, Delhi Capitals, Kings XI Punjab, Rajasthan Royals, Rising Pune Supergiants)",,,,,,,,,,,,,,
CA Lynn,2016-2019,4,4,1,100,41,33.33,76,131.57,0,0,0,9,5
(Kolkata Knight Riders),,,,,,,,,,,,,,
PBB Rajapaksa,2022-2022,3,3,0,100,42,33.33,59,169.49,0,0,0,7,7
(Punjab Kings),,,,,,,,,,,,,,
Lalit Yadav,2021-2024,7,7,1,98,37,16.33,95,103.15,0,0,0,9,3
(Delhi Capitals),,,,,,,,,,,,,,
AC Blizzard,2011-2011,3,3,0,89,51,29.66,60,148.33,0,1,0,15,2
(Mumbai Indians),,,,,,,,,,,,,,
Shahbaz Ahmed,2021-2024,6,3,1,87,45,43.5,59,147.45,0,0,0,7,4
"(Royal Challengers Bangalore, Sunrisers Hyderabad)",,,,,,,,,,,,,,
M Shahrukh Khan,2021-2023,6,6,3,87,47,29,60,145,0,0,1,9,4
(Punjab Kings),,,,,,,,,,,,,,
JM Bairstow,2022-2022,3,3,0,85,56,28.33,58,146.55,0,1,0,14,1
(Punjab Kings),,,,,,,,,,,,,,
DPMD Jayawardene,2008-2013,5,5,1,85,56,21.25,74,114.86,0,1,0,11,0
"(Delhi Daredevils, Kings XI Punjab, Kochi Tuskers Kerala)",,,,,,,,,,,,,,
R Dravid,2008-2013,4,4,1,82,43*,27.33,75,109.33,0,0,0,11,0
"(Rajasthan Royals, Royal Challengers Bangalore)",,,,,,,,,,,,,,
SN Thakur,2017-2024,17,9,3,81,17,13.5,59,137.28,0,0,0,5,4
"(Chennai Super Kings, Delhi Capitals, Kolkata Knight Riders, Rising Pune Supergiant)",,,,,,,,,,,,,,
KK Nair,2014-2022,6,5,0,80,50,16,67,119.4,0,1,0,9,2
"(Delhi Daredevils, Kings XI Punjab, Rajasthan Royals)",,,,,,,,,,,,,,
N Wadhera,2023-2024,7,6,1,80,52*,16,60,133.33,0,1,1,7,4
(Mumbai Indians),,,,,,,,,,,,,,
BJ Hodge,2011-2014,3,3,2,79,39,79,50,158,0,0,0,11,1
"(Kochi Tuskers Kerala, Rajasthan Royals)",,,,,,,,,,,,,,
K Rabada,2017-2022,8,3,1,78,44,39,59,132.2,0,0,0,9,2
"(Delhi Capitals, Delhi Daredevils, Punjab Kings)",,,,,,,,,,,,,,
T Stubbs,2022-2024,4,4,1,78,71*,26,39,200,0,1,1,3,7
"(Delhi Capitals, Mumbai Indians)",,,,,,,,,,,,,,
GJ Bailey,2014-2015,3,3,1,77,61*,38.5,48,160.41,0,1,0,6,3
(Kings XI Punjab),,,,,,,,,,,,,,
M Vohra,2013-2021,7,6,0,77,34,12.83,72,106.94,0,0,0,6,4
"(Kings XI Punjab, Rajasthan Royals)",,,,,,,,,,,,,,
OA Shah,2012-2012,1,1,0,76,76,76,42,180.95,0,1,0,5,5
(Rajasthan Royals),,,,,,,,,,,,,,
KP Pietersen,2012-2016,3,3,1,74,44,37,53,139.62,0,0,0,7,3
"(Delhi Daredevils, Rising Pune Supergiants)",,,,,,,,,,,,,,
Shubman Gill,2018-2023,9,9,0,74,22,8.22,98,75.51,0,0,2,6,1
"(Gujarat Titans, Kolkata Knight Riders)",,,,,,,,,,,,,,
Mandeep Singh,2012-2019,6,5,1,73,24,18.25,59,123.72,0,0,0,10,0
"(Kings XI Punjab, Royal Challengers Bangalore)",,,,,,,,,,,,,,
CM Gautam,2014-2014,3,3,0,72,33,24,65,110.76,0,0,0,6,5
(Mumbai Indians),,,,,,,,,,,,,,
RN ten Doeschate,2011-2011,1,1,1,70,70*,-,49,142.85,0,1,0,6,3
(Kolkata Knight Riders),,,,,,,,,,,,,,
Vivrant Sharma,2023-2023,1,1,0,69,69,69,47,146.8,0,1,0,9,2
(Sunrisers Hyderabad),,,,,,,,,,,,,,
AM Nayar,2008-2014,7,4,0,67,27,16.75,48,139.58,0,0,0,4,3
"(Kings XI Punjab, Mumbai Indians, Pune Warriors, Rajasthan Royals)",,,,,,,,,,,,,,
R Shepherd,2022-2024,5,4,3,67,39*,67,28,239.28,0,0,0,5,6
"(Mumbai Indians, Sunrisers Hyderabad)",,,,,,,,,,,,,,
MS Wade,2022-2022,3,3,0,66,30,22,57,115.78,0,0,0,8,1
(Gujarat Titans),,,,,,,,,,,,,,
TM Dilshan,2008-2013,3,3,0,65,33,21.66,65,100,0,0,0,10,1
"(Delhi Daredevils, Royal Challengers Bangalore)",,,,,,,,,,,,,,
CR Brathwaite,2018-2018,2,2,1,64,43*,64,40,160,0,0,0,1,7
(Sunrisers Hyderabad),,,,,,,,,,,,,,
D Brevis,2022-2024,4,4,0,63,37,15.75,59,106.77,0,0,1,2,5
(Mumbai Indians),,,,,,,,,,,,,,
A Symonds,2011-2011,7,5,4,63,31*,63,70,90,0,0,0,3,2
(Mumbai Indians),,,,,,,,,,,,,,
DJ Hussey,2008-2014,5,5,0,59,34,11.8,52,113.46,0,0,0,7,1
"(Chennai Super Kings, Kings XI Punjab, Kolkata Knight Riders)",,,,,,,,,,,,,,
JR Hopes,2008-2011,3,3,0,57,55,19,50,114,0,1,1,10,0
"(Delhi Daredevils, Kings XI Punjab)",,,,,,,,,,,,,,
H Klaasen,2023-2025,3,3,0,57,37,19,45,126.66,0,0,0,5,2
(Sunrisers Hyderabad),,,,,,,,,,,,,,
GH Vihari,2013-2015,2,2,0,57,41,28.5,47,121.27,0,0,0,7,0
(Sunrisers Hyderabad),,,,,,,,,,,,,,
JH Kallis,2008-2013,4,4,0,56,25,14,58,96.55,0,0,1,3,2
"(Kolkata Knight Riders, Royal Challengers Bangalore)",,,,,,,,,,,,,,
TL Suman,2011-2013,7,6,1,54,23,10.8,51,105.88,0,0,0,6,3
"(Mumbai Indians, Pune Warriors)",,,,,,,,,,,,,,
Washington Sundar,2017-2022,8,6,1,53,25,10.6,51,103.92,0,0,0,5,1
"(Rising Pune Supergiant, Royal Challengers Bangalore, Sunrisers Hyderabad)",,,,,,,,,,,,,,
MJ Guptill,2017-2019,2,2,0,51,36,25.5,29,175.86,0,0,0,6,2
"(Kings XI Punjab, Sunrisers Hyderabad)",,,,,,,,,,,,,,
Ramandeep Singh,2022-2025,5,4,2,51,22,25.5,28,182.14,0,0,0,4,3
"(Kolkata Knight Riders, Mumbai Indians)",,,,,,,,,,,,,,
J Suchith,2015-2022,10,7,4,50,34*,16.66,39,128.2,0,0,1,4,2
"(Mumbai Indians, Sunrisers Hyderabad)",,,,,,,,,,,,,,
SW Billings,2022-2022,2,2,1,49,25,49,45,108.88,0,0,0,2,2
(Kolkata Knight Riders),,,,,,,,,,,,,,
MC Juneja,2013-2013,1,1,0,49,49,49,40,122.5,0,0,0,6,0
(Delhi Daredevils),,,,,,,,,,,,,,
MJ McClenaghan,2015-2019,26,11,7,49,12*,12.25,36,136.11,0,0,2,3,4
(Mumbai Indians),,,,,,,,,,,,,,
Mohammad Nabi,2018-2024,5,3,1,49,31,24.5,37,132.43,0,0,0,4,2
"(Mumbai Indians, Sunrisers Hyderabad)",,,,,,,,,,,,,,
CA Ingram,2011-2019,2,2,0,48,47,24,34,141.17,0,0,0,7,1
"(Delhi Capitals, Delhi Daredevils)",,,,,,,,,,,,,,
STR Binny,2013-2018,4,3,2,47,37*,47,37,127.02,0,0,0,4,1
"(Rajasthan Royals, Royal Challengers Bangalore)",,,,,,,,,,,,,,
PK Garg,2022-2022,2,2,0,46,42,23,33,139.39,0,0,0,4,2
(Sunrisers Hyderabad),,,,,,,,,,,,,,
V Shankar,2017-2025,6,4,0,46,29,11.5,39,117.94,0,0,0,6,0
"(Chennai Super Kings, Delhi Daredevils, Gujarat Titans, Sunrisers Hyderabad)",,,,,,,,,,,,,,
IK Pathan,2008-2013,5,4,1,45,23,15,47,95.74,0,0,0,4,1
"(Delhi Daredevils, Kings XI Punjab)",,,,,,,,,,,,,,
KV Sharma,2013-2025,9,5,1,45,19,11.25,36,125,0,0,0,4,2
"(Chennai Super Kings, Mumbai Indians, Sunrisers Hyderabad)",,,,,,,,,,,,,,
SN Khan,2015-2022,6,4,0,44,28,11,34,129.41,0,0,0,3,3
"(Delhi Capitals, Kings XI Punjab, Royal Challengers Bangalore)",,,,,,,,,,,,,,
PP Chawla,2008-2024,19,8,4,43,12,10.75,55,78.18,0,0,1,2,1
"(Kings XI Punjab, Kolkata Knight Riders, Mumbai Indians)",,,,,,,,,,,,,,
SS Tiwary,2011-2015,4,3,2,43,21,43,36,119.44,0,0,0,3,1
"(Delhi Daredevils, Royal Challengers Bangalore)",,,,,,,,,,,,,,
CL White,2012-2013,2,2,1,43,43*,43,24,179.16,0,0,1,3,3
"(Deccan Chargers, Sunrisers Hyderabad)",,,,,,,,,,,,,,
JP Faulkner,2013-2016,3,3,0,42,23,14,33,127.27,0,0,0,3,3
"(Gujarat Lions, Rajasthan Royals)",,,,,,,,,,,,,,
Abishek Porel,2024-2024,1,1,0,41,41,41,31,132.25,0,0,0,5,0
(Delhi Capitals),,,,,,,,,,,,,,
Harpreet Singh,2023-2023,1,1,0,41,41,41,28,146.42,0,0,0,4,2
(Punjab Kings),,,,,,,,,,,,,,
SA Asnodkar,2008-2008,1,1,0,39,39,39,21,185.71,0,0,0,6,1
(Rajasthan Royals),,,,,,,,,,,,,,
MV Boucher,2008-2008,1,1,1,39,39*,-,19,205.26,0,0,0,4,2
(Royal Challengers Bangalore),,,,,,,,,,,,,,
N Jagadeesan,2022-2023,2,2,1,39,39*,39,38,102.63,0,0,1,3,1
"(Chennai Super Kings, Kolkata Knight Riders)",,,,,,,,,,,,,,
JA Morkel,2008-2012,5,4,1,39,28*,13,21,185.71,0,0,0,2,3
(Chennai Super Kings),,,,,,,,,,,,,,
K Nitish Kumar Reddy,2023-2025,3,2,0,39,20,19.5,36,108.33,0,0,0,3,0
(Sunrisers Hyderabad),,,,,,,,,,,,,,
A Raghuvanshi,2024-2025,2,2,0,39,26,19.5,22,177.27,0,0,0,3,3
(Kolkata Knight Riders),,,,,,,,,,,,,,
SP Narine,2012-2025,16,11,3,38,9*,4.75,41,92.68,0,0,2,5,1
(Kolkata Knight Riders),,,,,,,,,,,,,,
P Negi,2015-2019,3,3,0,38,35,12.66,28,135.71,0,0,1,1,3
"(Chennai Super Kings, Royal Challengers Bangalore)",,,,,,,,,,,,,,
LRPL Taylor,2008-2013,4,3,1,38,23,19,27,140.74,0,0,0,3,2
"(Delhi Daredevils, Pune Warriors, Rajasthan Royals, Royal Challengers Bangalore)",,,,,,,,,,,,,,
R Vinay Kumar,2008-2016,12,5,3,38,26*,19,33,115.15,0,0,1,4,1
"(Kochi Tuskers Kerala, Mumbai Indians, Royal Challengers Bangalore)",,,,,,,,,,,,,,
BCJ Cutting,2017-2019,5,4,1,37,20,12.33,28,132.14,0,0,0,4,1
"(Mumbai Indians, Sunrisers Hyderabad)",,,,,,,,,,,,,,
Y Venugopal Rao,2011-2011,1,1,0,37,37,37,27,137.03,0,0,0,4,1
(Delhi Daredevils),,,,,,,,,,,,,,
HR Shokeen,2022-2023,6,3,2,36,18*,36,36,100,0,0,0,5,0
(Mumbai Indians),,,,,,,,,,,,,,
JD Unadkat,2013-2022,11,3,1,36,24,18,25,144,0,0,0,2,2
"(Delhi Daredevils, Kolkata Knight Riders, Mumbai Indians, Rajasthan Royals, Rising Pune Supergiant, Royal Challengers Bangalore)",,,,,,,,,,,,,,
CR Woakes,2017-2021,5,3,1,35,15*,17.5,30,116.66,0,0,0,2,1
"(Delhi Capitals, Kolkata Knight Riders, Royal Challengers Bangalore)",,,,,,,,,,,,,,
B Kumar,2012-2025,14,7,3,34,8,8.5,43,79.06,0,0,0,2,0
"(Pune Warriors, Royal Challengers Bengaluru, Sunrisers Hyderabad)",,,,,,,,,,,,,,
S Gopal,2014-2024,9,4,2,33,13*,16.5,37,89.18,0,0,0,3,1
"(Mumbai Indians, Rajasthan Royals)",,,,,,,,,,,,,,
M Morkel,2011-2015,4,2,1,33,23*,33,18,183.33,0,0,0,4,0
"(Delhi Daredevils, Kolkata Knight Riders)",,,,,,,,,,,,,,
Shashank Singh,2022-2022,2,2,1,33,25*,33,15,220,0,0,0,1,4
(Sunrisers Hyderabad),,,,,,,,,,,,,,
PC Valthaty,2011-2011,1,1,0,33,33,33,38,86.84,0,0,0,1,2
(Kings XI Punjab),,,,,,,,,,,,,,
Anuj Rawat,2022-2023,3,3,0,32,26,10.66,30,106.66,0,0,1,5,0
(Royal Challengers Bangalore),,,,,,,,,,,,,,
DT Christian,2011-2021,6,4,1,32,18,10.66,38,84.21,0,0,0,2,0
"(Deccan Chargers, Delhi Daredevils, Rising Pune Supergiant, Royal Challengers Bangalore)",,,,,,,,,,,,,,
MG Johnson,2013-2018,14,8,7,32,10*,32,30,106.66,0,0,0,1,2
"(Kings XI Punjab, Kolkata Knight Riders, Mumbai Indians)",,,,,,,,,,,,,,
A Mhatre,2025-2025,1,1,0,32,32,32,15,213.33,0,0,0,4,2
(Chennai Super Kings),,,,,,,,,,,,,,
NV Ojha,2011-2017,4,4,0,32,13,8,40,80,0,0,0,2,0
"(Delhi Daredevils, Sunrisers Hyderabad)",,,,,,,,,,,,,,
JJ Bumrah,2014-2025,46,8,8,31,16*,-,35,88.57,0,0,0,2,1
(Mumbai Indians),,,,,,,,,,,,,,
AD Mathews,2013-2015,2,2,0,31,19,15.5,28,110.71,0,0,0,0,2
"(Delhi Daredevils, Pune Warriors)",,,,,,,,,,,,,,
TG Southee,2015-2022,7,3,0,31,25,10.33,17,182.35,0,0,1,1,2
"(Kolkata Knight Riders, Mumbai Indians, Rajasthan Royals)",,,,,,,,,,,,,,
RE Levi,2012-2012,4,4,0,30,29,7.5,29,103.44,0,0,2,4,1
(Mumbai Indians),,,,,,,,,,,,,,
N Saini,2012-2012,1,1,0,30,30,30,25,120,0,0,0,5,0
(Kings XI Punjab),,,,,,,,,,,,,,
KC Sangakkara,2008-2011,2,2,0,30,27,15,32,93.75,0,0,0,1,1
"(Deccan Chargers, Kings XI Punjab)",,,,,,,,,,,,,,
Vishnu Vinod,2023-2023,1,1,0,30,30,30,20,150,0,0,0,2,2
(Mumbai Indians),,,,,,,,,,,,,,
A Taide,2023-2023,1,1,0,29,29,29,17,170.58,0,0,0,3,1
(Punjab Kings),,,,,,,,,,,,,,
SM Pollock,2008-2008,4,2,0,28,28,14,13,215.38,0,0,1,3,2
(Mumbai Indians),,,,,,,,,,,,,,
RR Powar,2008-2011,2,1,1,28,28*,-,21,133.33,0,0,0,4,1
"(Kings XI Punjab, Kochi Tuskers Kerala)",,,,,,,,,,,,,,
Kuldeep Yadav,2017-2022,7,4,4,27,16*,-,19,142.1,0,0,0,3,1
"(Delhi Capitals, Kolkata Knight Riders)",,,,,,,,,,,,,,
SP Fleming,2008-2008,1,1,0,26,26,26,29,89.65,0,0,0,4,0
(Chennai Super Kings),,,,,,,,,,,,,,
P Kumar,2008-2017,8,4,1,26,24,8.66,22,118.18,0,0,2,1,2
"(Gujarat Lions, Kings XI Punjab, Mumbai Indians, Royal Challengers Bangalore, Sunrisers Hyderabad)",,,,,,,,,,,,,,
Prabhsimran Singh,2023-2023,1,1,0,26,26,26,17,152.94,0,0,0,1,2
(Punjab Kings),,,,,,,,,,,,,,
R Ravindra,2024-2025,2,2,0,26,21,13,25,104,0,0,0,2,1
(Chennai Super Kings),,,,,,,,,,,,,,
DB Das,2012-2013,2,2,0,25,23,12.5,20,125,0,0,0,2,2
(Kolkata Knight Riders),,,,,,,,,,,,,,
M Jansen,2022-2024,2,2,1,25,17,25,17,147.05,0,0,0,1,2
(Sunrisers Hyderabad),,,,,,,,,,,,,,
M Kartik,2011-2012,2,2,1,25,14*,25,22,113.63,0,0,0,2,1
(Pune Warriors),,,,,,,,,,,,,,
WA Mota,2008-2008,1,1,0,25,25,25,26,96.15,0,0,0,2,0
(Kings XI Punjab),,,,,,,,,,,,,,
GC Smith,2008-2008,1,1,0,25,25,25,21,119.04,0,0,0,5,0
(Rajasthan Royals),,,,,,,,,,,,,,
RR Rossouw,2014-2014,1,1,0,24,24,24,14,171.42,0,0,0,1,2
(Royal Challengers Bangalore),,,,,,,,,,,,,,
PR Shah,2008-2011,3,2,0,24,19,12,28,85.71,0,0,0,2,0
"(Mumbai Indians, Rajasthan Royals)",,,,,,,,,,,,,,
RS Bopara,2015-2015,1,1,0,23,23,23,27,85.18,0,0,0,1,0
(Sunrisers Hyderabad),,,,,,,,,,,,,,
R Rampaul,2013-2013,1,1,1,23,23*,-,18,127.77,0,0,0,3,0
(Royal Challengers Bangalore),,,,,,,,,,,,,,
R Sharma,2011-2013,3,3,1,23,13,11.5,21,109.52,0,0,1,2,1
(Pune Warriors),,,,,,,,,,,,,,
AB Agarkar,2008-2012,3,2,1,22,15,22,20,110,0,0,0,3,0
"(Delhi Daredevils, Kolkata Knight Riders)",,,,,,,,,,,,,,
DJ Jacobs,2011-2012,3,3,0,22,12,7.33,41,53.65,0,0,1,3,0
(Mumbai Indians),,,,,,,,,,,,,,
AS Joseph,2019-2023,5,2,2,22,15*,-,25,88,0,0,0,3,0
"(Gujarat Titans, Mumbai Indians)",,,,,,,,,,,,,,
S Vidyut,2008-2008,2,2,0,22,16,11,18,122.22,0,0,0,4,0
(Chennai Super Kings),,,,,,,,,,,,,,
KK Cooper,2012-2014,3,3,2,21,14,21,10,210,0,0,0,0,3
(Rajasthan Royals),,,,,,,,,,,,,,
TK Curran,2021-2021,2,1,0,21,21,21,16,131.25,0,0,0,2,0
(Delhi Capitals),,,,,,,,,,,,,,
B Indrajith,2022-2022,2,2,0,21,15,10.5,24,87.5,0,0,0,2,0
(Kolkata Knight Riders),,,,,,,,,,,,,,
SL Malinga,2011-2019,43,7,2,21,8,4.2,14,150,0,0,2,1,2
(Mumbai Indians),,,,,,,,,,,,,,
A Mishra,2008-2021,7,3,1,21,18*,10.5,17,123.52,0,0,0,4,0
"(Deccan Chargers, Delhi Capitals, Delhi Daredevils, Sunrisers Hyderabad)",,,,,,,,,,,,,,
C Bosch,2025-2025,1,1,0,20,20,20,10,200,0,0,0,2,1
(Mumbai Indians),,,,,,,,,,,,,,
BR Dunk,2014-2014,2,2,0,20,15,10,18,111.11,0,0,0,3,0
(Mumbai Indians),,,,,,,,,,,,,,
AL Menaria,2011-2012,2,1,0,20,20,20,15,133.33,0,0,0,2,1
(Rajasthan Royals),,,,,,,,,,,,,,
Mohammed Siraj,2018-2024,9,3,3,20,12*,-,17,117.64,0,0,0,0,2
"(Royal Challengers Bangalore, Royal Challengers Bengaluru)",,,,,,,,,,,,,,
WD Parnell,2011-2014,3,2,0,20,11,10,22,90.9,0,0,0,3,0
"(Delhi Daredevils, Pune Warriors)",,,,,,,,,,,,,,
S Sohal,2011-2011,1,1,0,20,20,20,22,90.9,0,0,0,0,2
(Deccan Chargers),,,,,,,,,,,,,,
Azhar Mahmood,2012-2013,2,2,0,19,10,9.5,20,95,0,0,0,1,1
(Kings XI Punjab),,,,,,,,,,,,,,
Harpreet Brar,2022-2023,3,2,0,19,14,9.5,20,95,0,0,0,2,1
(Punjab Kings),,,,,,,,,,,,,,
JO Holder,2022-2023,4,3,1,19,11,9.5,25,76,0,0,0,2,1
"(Lucknow Super Giants, Rajasthan Royals)",,,,,,,,,,,,,,
CA Pujara,2014-2014,1,1,0,19,19,19,18,105.55,0,0,0,4,0
(Kings XI Punjab),,,,,,,,,,,,,,
SK Rasheed,2025-2025,1,1,0,19,19,19,20,95,0,0,0,1,0
(Chennai Super Kings),,,,,,,,,,,,,,
DR Sams,2022-2022,4,4,1,19,15,6.33,25,76,0,0,0,0,1
(Mumbai Indians),,,,,,,,,,,,,,
R Bhatia,2011-2016,4,3,0,18,12,6,15,120,0,0,0,2,0
"(Kolkata Knight Riders, Rising Pune Supergiants)",,,,,,,,,,,,,,
DL Chahar,2018-2025,15,6,2,18,10,4.5,16,112.5,0,0,2,1,1
"(Chennai Super Kings, Mumbai Indians)",,,,,,,,,,,,,,
UBT Chand,2013-2015,3,3,0,18,13,6,19,94.73,0,0,1,2,0
"(Delhi Daredevils, Mumbai Indians)",,,,,,,,,,,,,,
SC Ganguly,2008-2012,2,2,0,18,15,9,26,69.23,0,0,0,2,0
"(Kolkata Knight Riders, Pune Warriors)",,,,,,,,,,,,,,
MJ Santner,2022-2025,8,4,2,18,9,9,21,85.71,0,0,0,1,1
"(Chennai Super Kings, Mumbai Indians)",,,,,,,,,,,,,,
AU Verma,2025-2025,1,1,1,18,18*,-,8,225,0,0,0,0,2
(Sunrisers Hyderabad),,,,,,,,,,,,,,
MS Bisla,2013-2013,1,1,0,17,17,17,19,89.47,0,0,0,3,0
(Kolkata Knight Riders),,,,,,,,,,,,,,
SP Goswami,2011-2018,4,4,0,17,12,4.25,18,94.44,0,0,2,2,0
"(Kolkata Knight Riders, Rajasthan Royals, Sunrisers Hyderabad)",,,,,,,,,,,,,,
A Manohar,2022-2023,3,3,1,17,15*,8.5,11,154.54,0,0,1,3,0
(Gujarat Titans),,,,,,,,,,,,,,
DJ Mitchell,2024-2024,1,1,0,17,17,17,14,121.42,0,0,0,1,0
(Chennai Super Kings),,,,,,,,,,,,,,
JA Richardson,2021-2024,4,3,0,17,15,5.66,26,65.38,0,0,1,2,0
"(Delhi Capitals, Punjab Kings)",,,,,,,,,,,,,,
BA Stokes,2017-2021,3,3,1,17,17,8.5,15,113.33,0,0,1,2,0
"(Rajasthan Royals, Rising Pune Supergiant)",,,,,,,,,,,,,,
S Chanderpaul,2008-2008,1,1,0,16,16,16,11,145.45,0,0,0,3,0
(Royal Challengers Bangalore),,,,,,,,,,,,,,
KA Jamieson,2021-2021,2,1,0,16,16,16,13,123.07,0,0,0,1,1
(Royal Challengers Bangalore),,,,,,,,,,,,,,
SD Chitnis,2008-2012,2,1,0,15,15,15,6,250,0,0,0,1,1
"(Kings XI Punjab, Mumbai Indians)",,,,,,,,,,,,,,
SD Lad,2019-2019,1,1,0,15,15,15,13,115.38,0,0,0,1,1
(Mumbai Indians),,,,,,,,,,,,,,
HV Patel,2012-2025,12,4,2,15,9*,7.5,14,107.14,0,0,1,0,2
"(Royal Challengers Bangalore, Sunrisers Hyderabad)",,,,,,,,,,,,,,
AD Nath,2016-2019,2,2,0,14,12,7,14,100,0,0,0,1,0
"(Gujarat Lions, Royal Challengers Bangalore)",,,,,,,,,,,,,,
PVD Chameera,2022-2022,4,2,1,14,13,14,8,175,0,0,0,2,0
(Lucknow Super Giants),,,,,,,,,,,,,,
RT Ponting,2013-2013,2,2,0,14,14,7,23,60.86,0,0,1,2,0
(Mumbai Indians),,,,,,,,,,,,,,
HH Gibbs,2012-2012,1,1,0,13,13,13,24,54.16,0,0,0,1,0
(Mumbai Indians),,,,,,,,,,,,,,
Ravi Bishnoi,2022-2025,6,1,0,13,13,13,14,92.85,0,0,0,0,2
(Lucknow Super Giants),,,,,,,,,,,,,,
Salman Butt,2008-2008,1,1,0,13,13,13,13,100,0,0,0,1,1
(Kolkata Knight Riders),,,,,,,,,,,,,,
KB Arun Karthik,2013-2013,1,1,0,12,12,12,8,150,0,0,0,0,1
(Royal Challengers Bangalore),,,,,,,,,,,,,,
G Coetzee,2024-2024,5,2,0,12,8,6,16,75,0,0,0,0,1
(Mumbai Indians),,,,,,,,,,,,,,
CJ Ferguson,2012-2012,1,1,0,12,12,12,13,92.3,0,0,0,1,0
(Pune Warriors),,,,,,,,,,,,,,
PW Hasaranga,2022-2023,5,1,1,12,12*,-,8,150,0,0,0,2,0
(Royal Challengers Bangalore),,,,,,,,,,,,,,
M Kaif,2008-2011,2,1,0,12,12,12,11,109.09,0,0,0,0,1
"(Rajasthan Royals, Royal Challengers Bangalore)",,,,,,,,,,,,,,
M Markande,2018-2022,9,3,2,12,7*,12,10,120,0,0,0,1,0
(Mumbai Indians),,,,,,,,,,,,,,
MD Mishra,2011-2011,1,1,0,12,12,12,10,120,0,0,0,2,0
(Pune Warriors),,,,,,,,,,,,,,
EJG Morgan,2013-2021,3,3,0,12,7,4,17,70.58,0,0,1,1,0
(Kolkata Knight Riders),,,,,,,,,,,,,,
JD Ryder,2011-2011,1,1,0,12,12,12,15,80,0,0,0,2,0
(Pune Warriors),,,,,,,,,,,,,,
Sanvir Singh,2023-2024,2,2,2,12,8*,-,10,120,0,0,0,1,0
(Sunrisers Hyderabad),,,,,,,,,,,,,,
RA Bawa,2022-2022,1,1,0,11,11,11,13,84.61,0,0,0,1,0
(Punjab Kings),,,,,,,,,,,,,,
B Chipli,2011-2012,2,2,0,11,10,5.5,14,78.57,0,0,0,1,0
(Deccan Chargers),,,,,,,,,,,,,,
R Dhawan,2013-2022,6,2,1,11,6,11,8,137.5,0,0,0,2,0
"(Kings XI Punjab, Mumbai Indians, Punjab Kings)",,,,,,,,,,,,,,
MW Short,2023-2023,1,1,0,11,11,11,10,110,0,0,0,2,0
(Punjab Kings),,,,,,,,,,,,,,
UT Yadav,2012-2023,11,5,4,11,5*,11,10,110,0,0,0,2,0
"(Delhi Daredevils, Kolkata Knight Riders, Royal Challengers Bangalore)",,,,,,,,,,,,,,
A Ashish Reddy,2012-2012,1,1,0,10,10,10,10,100,0,0,0,0,1
(Deccan Chargers),,,,,,,,,,,,,,
DH Yagnik,2013-2013,1,1,0,10,10,10,14,71.42,0,0,0,1,0
(Rajasthan Royals),,,,,,,,,,,,,,
S Anirudha,2011-2011,1,1,0,9,9,9,9,100,0,0,0,0,1
(Chennai Super Kings),,,,,,,,,,,,,,
SD Chauhan,2024-2024,1,1,0,9,9,9,8,112.5,0,0,0,1,0
(Royal Challengers Bengaluru),,,,,,,,,,,,,,
Mohammed Shami,2018-2025,11,1,1,9,9*,-,12,75,0,0,0,0,0
"(Delhi Daredevils, Gujarat Titans, Kings XI Punjab, Punjab Kings, Sunrisers Hyderabad)",,,,,,,,,,,,,,
PD Salt,2024-2025,2,2,0,9,5,4.5,5,180,0,0,0,2,0
"(Kolkata Knight Riders, Royal Challengers Bengaluru)",,,,,,,,,,,,,,
OF Smith,2022-2022,1,1,1,9,9*,-,12,75,0,0,0,0,1
(Punjab Kings),,,,,,,,,,,,,,
J Syed Mohammad,2012-2013,2,1,0,9,9,9,11,81.81,0,0,0,1,0
(Royal Challengers Bangalore),,,,,,,,,,,,,,
YS Chahal,2014-2024,14,1,1,8,8*,-,21,38.09,0,0,0,0,0
"(Rajasthan Royals, Royal Challengers Bangalore)",,,,,,,,,,,,,,
DP Conway,2022-2023,4,4,0,8,5,2,22,36.36,0,0,2,0,0
(Chennai Super Kings),,,,,,,,,,,,,,
SB Dubey,2024-2024,1,1,1,8,8*,-,6,133.33,0,0,0,1,0
(Rajasthan Royals),,,,,,,,,,,,,,
CJ McKay,2012-2012,1,1,0,8,8,8,15,53.33,0,0,0,0,0
(Mumbai Indians),,,,,,,,,,,,,,
Rahmanullah Gurbaz,2023-2023,1,1,0,8,8,8,12,66.66,0,0,0,0,0
(Kolkata Knight Riders),,,,,,,,,,,,,,
L Ronchi,2008-2008,1,1,0,8,8,8,10,80,0,0,0,2,0
(Mumbai Indians),,,,,,,,,,,,,,
VR Aaron,2014-2022,3,1,1,7,7*,-,8,87.5,0,0,0,1,0
"(Gujarat Titans, Royal Challengers Bangalore)",,,,,,,,,,,,,,
Avesh Khan,2021-2025,7,2,1,7,7*,7,3,233.33,0,0,1,0,1
"(Delhi Capitals, Lucknow Super Giants, Rajasthan Royals)",,,,,,,,,,,,,,
M Ashwin,2016-2021,3,1,0,6,6,6,14,42.85,0,0,0,0,0
"(Punjab Kings, Rising Pune Supergiants)",,,,,,,,,,,,,,
Iqbal Abdulla,2011-2016,4,1,1,6,6*,-,11,54.54,0,0,0,0,0
"(Kolkata Knight Riders, Royal Challengers Bangalore)",,,,,,,,,,,,,,
DS Kulkarni,2008-2019,15,2,2,6,6*,-,3,200,0,0,0,1,0
"(Gujarat Lions, Mumbai Indians, Rajasthan Royals)",,,,,,,,,,,,,,
MF Maharoof,2008-2008,1,1,0,6,6,6,6,100,0,0,0,1,0
(Delhi Daredevils),,,,,,,,,,,,,,
NLTC Perera,2011-2013,3,2,2,6,4*,-,10,60,0,0,0,0,0
"(Kochi Tuskers Kerala, Mumbai Indians, Sunrisers Hyderabad)",,,,,,,,,,,,,,
SS Prabhudessai,2022-2022,1,1,0,6,6,6,5,120,0,0,0,1,0
(Royal Challengers Bangalore),,,,,,,,,,,,,,
SK Trivedi,2008-2012,3,2,2,6,5*,-,8,75,0,0,0,0,0
(Rajasthan Royals),,,,,,,,,,,,,,
Abdul Samad,2024-2025,2,2,0,5,3,2.5,8,62.5,0,0,0,0,0
"(Lucknow Super Giants, Sunrisers Hyderabad)",,,,,,,,,,,,,,
Mohammad Hafeez,2008-2008,1,1,0,5,5,5,11,45.45,0,0,0,1,0
(Kolkata Knight Riders),,,,,,,,,,,,,,
PP Ojha,2011-2014,16,3,1,5,3,2.5,15,33.33,0,0,0,0,0
"(Deccan Chargers, Mumbai Indians)",,,,,,,,,,,,,,
Rasikh Salam,2019-2019,1,1,1,5,5*,-,4,125,0,0,0,0,0
(Mumbai Indians),,,,,,,,,,,,,,
SE Rutherford,2022-2022,1,1,0,5,5,5,10,50,0,0,0,0,0
(Royal Challengers Bangalore),,,,,,,,,,,,,,
Shivam Mavi,2021-2022,4,1,0,5,5,5,7,71.42,0,0,0,1,0
(Kolkata Knight Riders),,,,,,,,,,,,,,
Sohail Tanvir,2008-2008,1,1,0,5,5,5,5,100,0,0,0,1,0
(Rajasthan Royals),,,,,,,,,,,,,,
MA Starc,2014-2024,3,2,0,5,5,2.5,6,83.33,0,0,1,1,0
"(Kolkata Knight Riders, Royal Challengers Bangalore)",,,,,,,,,,,,,,
AA Chavan,2011-2013,3,1,0,4,4,4,2,200,0,0,0,1,0
(Rajasthan Royals),,,,,,,,,,,,,,
A Dananjaya,2018-2018,1,1,1,4,4*,-,5,80,0,0,0,0,0
(Mumbai Indians),,,,,,,,,,,,,,
Harshit Rana,2022-2025,2,2,1,4,4,4,9,44.44,0,0,0,0,0
(Kolkata Knight Riders),,,,,,,,,,,,,,
B Laughlin,2013-2013,1,1,1,4,4*,-,8,50,0,0,0,0,0
(Chennai Super Kings),,,,,,,,,,,,,,
GD McGrath,2008-2008,1,1,1,4,4*,-,3,133.33,0,0,0,1,0
(Delhi Daredevils),,,,,,,,,,,,,,
A Madhwal,2023-2024,7,1,1,4,4*,-,5,80,0,0,0,0,0
(Mumbai Indians),,,,,,,,,,,,,,
PN Mankad,2022-2022,1,1,1,4,4*,-,1,400,0,0,0,1,0
(Punjab Kings),,,,,,,,,,,,,,
Mukesh Choudhary,2022-2022,3,1,0,4,4,4,4,100,0,0,0,1,0
(Chennai Super Kings),,,,,,,,,,,,,,
J Overton,2025-2025,1,1,1,4,4*,-,3,133.33,0,0,0,1,0
(Chennai Super Kings),,,,,,,,,,,,,,
Prince Yadav,2025-2025,1,1,1,4,4*,-,9,44.44,0,0,0,0,0
(Lucknow Super Giants),,,,,,,,,,,,,,
MN Samuels,2012-2012,1,1,0,4,4,4,4,100,0,0,0,0,0
(Pune Warriors),,,,,,,,,,,,,,
I Sharma,2008-2024,7,1,0,4,4,4,5,80,0,0,0,1,0
"(Deccan Chargers, Delhi Capitals, Kings XI Punjab, Kolkata Knight Riders, Rising Pune Supergiants, Sunrisers Hyderabad)",,,,,,,,,,,,,,
MM Sharma,2013-2023,9,4,3,4,3*,4,11,36.36,0,0,1,0,0
"(Chennai Super Kings, Gujarat Titans, Kings XI Punjab)",,,,,,,,,,,,,,
DJM Short,2018-2018,1,1,0,4,4,4,5,80,0,0,0,1,0
(Rajasthan Royals),,,,,,,,,,,,,,
RP Singh,2011-2016,9,3,1,4,3,2,10,40,0,0,1,0,0
"(Kochi Tuskers Kerala, Mumbai Indians, Rising Pune Supergiants, Royal Challengers Bangalore)",,,,,,,,,,,,,,
HE van der Dussen,2022-2022,1,1,0,4,4,4,4,100,0,0,0,1,0
(Rajasthan Royals),,,,,,,,,,,,,,
B Akhil,2008-2008,1,1,1,3,3*,-,5,60,0,0,0,0,0
(Royal Challengers Bangalore),,,,,,,,,,,,,,
Basil Thampi,2017-2019,3,1,0,3,3,3,6,50,0,0,0,0,0
"(Gujarat Lions, Sunrisers Hyderabad)",,,,,,,,,,,,,,
TA Boult,2015-2025,16,3,3,3,2*,-,2,150,0,0,0,0,0
"(Delhi Capitals, Delhi Daredevils, Kolkata Knight Riders, Mumbai Indians, Rajasthan Royals, Sunrisers Hyderabad)",,,,,,,,,,,,,,
NM Coulter-Nile,2015-2015,1,1,1,3,3*,-,2,150,0,0,0,0,0
(Delhi Daredevils),,,,,,,,,,,,,,
AB Dinda,2008-2014,4,2,2,3,2*,-,5,60,0,0,0,0,0
"(Kolkata Knight Riders, Pune Warriors, Royal Challengers Bangalore)",,,,,,,,,,,,,,
SP Jackson,2022-2022,1,1,1,3,3*,-,3,100,0,0,0,0,0
(Kolkata Knight Riders),,,,,,,,,,,,,,
VY Mahesh,2008-2008,1,1,0,3,3,3,10,30,0,0,0,0,0
(Delhi Daredevils),,,,,,,,,,,,,,
Mohammad Asif,2008-2008,1,1,0,3,3,3,5,60,0,0,0,0,0
(Delhi Daredevils),,,,,,,,,,,,,,
KMA Paul,2019-2019,1,1,0,3,3,3,5,60,0,0,0,0,0
(Delhi Capitals),,,,,,,,,,,,,,
DW Steyn,2012-2015,3,2,0,3,3,1.5,6,50,0,0,1,0,0
"(Deccan Chargers, Sunrisers Hyderabad)",,,,,,,,,,,,,,
Akash Deep,2022-2024,2,1,1,2,2*,-,2,100,0,0,0,0,0
"(Royal Challengers Bangalore, Royal Challengers Bengaluru)",,,,,,,,,,,,,,
Arshad Khan,2023-2024,3,2,0,2,2,1,5,40,0,0,1,0,0
"(Lucknow Super Giants, Mumbai Indians)",,,,,,,,,,,,,,
J Botha,2011-2012,2,1,0,2,2,2,3,66.66,0,0,0,0,0
(Rajasthan Royals),,,,,,,,,,,,,,
Fazalhaq Farooqi,2022-2022,3,1,1,2,2*,-,8,25,0,0,0,0,0
(Sunrisers Hyderabad),,,,,,,,,,,,,,
CRD Fernando,2008-2008,1,1,1,2,2*,-,1,200,0,0,0,0,0
(Mumbai Indians),,,,,,,,,,,,,,
Gurkeerat Singh,2013-2013,1,1,0,2,2,2,4,50,0,0,0,0,0
(Kings XI Punjab),,,,,,,,,,,,,,
GB Hogg,2012-2012,1,1,0,2,2,2,5,40,0,0,0,0,0
(Rajasthan Royals),,,,,,,,,,,,,,
Imran Tahir,2014-2021,6,1,1,2,2*,-,2,100,0,0,0,0,0
"(Chennai Super Kings, Delhi Daredevils, Rising Pune Supergiant)",,,,,,,,,,,,,,
IR Jaggi,2012-2012,1,1,0,2,2,2,7,28.57,0,0,0,0,0
(Deccan Chargers),,,,,,,,,,,,,,
DC Jurel,2023-2024,2,1,0,2,2,2,3,66.66,0,0,0,0,0
(Rajasthan Royals),,,,,,,,,,,,,,
S Randiv,2011-2011,1,1,0,2,2,2,4,50,0,0,0,0,0
(Chennai Super Kings),,,,,,,,,,,,,,
S Kaul,2014-2022,5,1,0,2,2,2,9,22.22,0,0,0,0,0
"(Delhi Daredevils, Royal Challengers Bangalore, Sunrisers Hyderabad)",,,,,,,,,,,,,,
B Lee,2011-2011,1,1,1,2,2*,-,3,66.66,0,0,0,0,0
(Kolkata Knight Riders),,,,,,,,,,,,,,
S Nadeem,2011-2018,5,2,0,2,2,1,4,50,0,0,1,0,0
(Delhi Daredevils),,,,,,,,,,,,,,
TD Paine,2011-2011,1,1,0,2,2,2,9,22.22,0,0,0,0,0
(Pune Warriors),,,,,,,,,,,,,,
MM Patel,2008-2017,17,4,4,2,1*,-,7,28.57,0,0,0,0,0
"(Gujarat Lions, Mumbai Indians, Rajasthan Royals)",,,,,,,,,,,,,,
M Rawat,2008-2008,1,1,0,2,2,2,4,50,0,0,0,0,0
(Rajasthan Royals),,,,,,,,,,,,,,
NA Saini,2019-2022,3,1,0,2,2,2,4,50,0,0,0,0,0
"(Rajasthan Royals, Royal Challengers Bangalore)",,,,,,,,,,,,,,
Shoaib Akhtar,2008-2008,1,1,0,2,2,2,7,28.57,0,0,0,0,0
(Kolkata Knight Riders),,,,,,,,,,,,,,
Simarjeet Singh,2022-2022,2,1,0,2,2,2,3,66.66,0,0,0,0,0
(Chennai Super Kings),,,,,,,,,,,,,,
SB Wagh,2011-2011,1,1,0,2,2,2,2,100,0,0,0,0,0
(Pune Warriors),,,,,,,,,,,,,,
VS Yeligati,2008-2008,1,1,0,2,2,2,2,100,0,0,0,0,0
(Mumbai Indians),,,,,,,,,,,,,,
JC Archer,2018-2023,4,1,1,1,1*,-,2,50,0,0,0,0,0
"(Mumbai Indians, Rajasthan Royals)",,,,,,,,,,,,,,
Bipul Sharma,2011-2011,1,1,0,1,1,1,2,50,0,0,0,0,0
(Kings XI Punjab),,,,,,,,,,,,,,
RD Chahar,2019-2025,11,2,1,1,1*,1,3,33.33,0,0,1,0,0
"(Mumbai Indians, Punjab Kings, Sunrisers Hyderabad)",,,,,,,,,,,,,,
A Chopra,2008-2008,1,1,0,1,1,1,4,25,0,0,0,0,0
(Kolkata Knight Riders),,,,,,,,,,,,,,
M de Lange,2014-2014,1,1,0,1,1,1,2,50,0,0,0,0,0
(Mumbai Indians),,,,,,,,,,,,,,
RJ Harris,2011-2011,1,1,0,1,1,1,2,50,0,0,0,0,0
(Kings XI Punjab),,,,,,,,,,,,,,
SH Johnson,2025-2025,1,1,1,1,1*,-,3,33.33,0,0,0,0,0
(Kolkata Knight Riders),,,,,,,,,,,,,,
MK Lomror,2022-2024,4,2,0,1,1,0.5,4,25,0,0,1,0,0
"(Royal Challengers Bangalore, Royal Challengers Bengaluru)",,,,,,,,,,,,,,
R McLaren,2013-2013,1,1,0,1,1,1,3,33.33,0,0,0,0,0
(Kolkata Knight Riders),,,,,,,,,,,,,,
M Manhas,2011-2014,2,2,0,1,1,0.5,2,50,0,0,1,0,0
"(Chennai Super Kings, Pune Warriors)",,,,,,,,,,,,,,
Mustafizur Rahman,2017-2024,15,3,2,1,1,1,7,14.28,0,0,0,0,0
"(Chennai Super Kings, Delhi Capitals, Mumbai Indians, Rajasthan Royals, Sunrisers Hyderabad)",,,,,,,,,,,,,,
A Nehra,2008-2017,9,4,1,1,1,0.33,7,14.28,0,0,2,0,0
"(Chennai Super Kings, Delhi Daredevils, Mumbai Indians, Sunrisers Hyderabad)",,,,,,,,,,,,,,
Noor Ahmad,2023-2025,2,1,0,1,1,1,3,33.33,0,0,0,0,0
"(Chennai Super Kings, Gujarat Titans)",,,,,,,,,,,,,,
RJ Peterson,2012-2012,2,2,1,1,1*,1,7,14.28,0,0,1,0,0
(Mumbai Indians),,,,,,,,,,,,,,
GD Phillips,2023-2023,1,1,0,1,1,1,4,25,0,0,0,0,0
(Sunrisers Hyderabad),,,,,,,,,,,,,,
D Pretorius,2022-2023,2,1,1,1,1*,-,1,100,0,0,0,0,0
(Chennai Super Kings),,,,,,,,,,,,,,
DS Rathi,2025-2025,1,1,0,1,1,1,3,33.33,0,0,0,0,0
(Lucknow Super Giants),,,,,,,,,,,,,,
KW Richardson,2016-2021,2,1,1,1,1*,-,1,100,0,0,0,0,0
(Royal Challengers Bangalore),,,,,,,,,,,,,,
J Theron,2015-2015,1,1,1,1,1*,-,1,100,0,0,0,0,0
(Rajasthan Royals),,,,,,,,,,,,,,
DJ Thornely,2008-2008,3,2,2,1,1*,-,11,9.09,0,0,0,0,0
(Mumbai Indians),,,,,,,,,,,,,,
MA Wood,2018-2018,1,1,0,1,1,1,3,33.33,0,0,0,0,0
(Chennai Super Kings),,,,,,,,,,,,,,
S Aravind,2011-2017,3,1,0,0,0,0,0,-,0,0,1,0,0
(Royal Challengers Bangalore),,,,,,,,,,,,,,
VG Arora,2024-2024,1,1,1,0,0*,-,0,-,0,0,0,0,0
(Kolkata Knight Riders),,,,,,,,,,,,,,
Arshdeep Singh,2021-2023,8,1,0,0,0,0,1,0,0,0,1,0,0
(Punjab Kings),,,,,,,,,,,,,,
P Awana,2012-2014,3,1,1,0,0*,-,2,0,0,0,0,0,0
(Kings XI Punjab),,,,,,,,,,,,,,
L Balaji,2008-2014,6,1,0,0,0,0,3,0,0,0,1,0,0
"(Chennai Super Kings, Kings XI Punjab, Kolkata Knight Riders)",,,,,,,,,,,,,,
DE Bollinger,2011-2011,2,1,1,0,0*,-,1,0,0,0,0,0,0
(Chennai Super Kings),,,,,,,,,,,,,,
HC Brook,2023-2023,1,1,0,0,0,0,1,0,0,0,1,0,0
(Sunrisers Hyderabad),,,,,,,,,,,,,,
AC Gilchrist,2011-2011,1,1,0,0,0,0,2,0,0,0,1,0,0
(Kings XI Punjab),,,,,,,,,,,,,,
MS Gony,2008-2013,3,1,0,0,0,0,3,0,0,0,1,0,0
"(Chennai Super Kings, Kings XI Punjab)",,,,,,,,,,,,,,
K Gowtham,2018-2022,4,2,1,0,0*,0,2,0,0,0,1,0,0
"(Lucknow Super Giants, Rajasthan Royals)",,,,,,,,,,,,,,
Joginder Sharma,2008-2011,2,1,0,0,0,0,1,0,0,0,1,0,0
(Chennai Super Kings),,,,,,,,,,,,,,
CK Kapugedera,2008-2008,2,1,0,0,0,0,2,0,0,0,1,0,0
(Chennai Super Kings),,,,,,,,,,,,,,
Kartik Tyagi,2022-2023,2,1,0,0,0,0,1,0,0,0,1,0,0
(Sunrisers Hyderabad),,,,,,,,,,,,,,
K Kushagra,2024-2024,1,1,0,0,0,0,1,0,0,0,1,0,0
(Delhi Capitals),,,,,,,,,,,,,,
MJ Lumb,2011-2011,1,1,0,0,0,0,2,0,0,0,1,0,0
(Deccan Chargers),,,,,,,,,,,,,,
BMAJ Mendis,2013-2013,1,1,0,0,0,0,1,0,0,0,1,0,0
(Delhi Daredevils),,,,,,,,,,,,,,
RP Meredith,2021-2023,9,1,1,0,0*,-,0,-,0,0,0,0,0
"(Mumbai Indians, Punjab Kings)",,,,,,,,,,,,,,
AF Milne,2017-2022,2,1,1,0,0*,-,1,0,0,0,0,0,0
"(Chennai Super Kings, Royal Challengers Bangalore)",,,,,,,,,,,,,,
Y Nagar,2011-2012,2,1,0,0,0,0,1,0,0,0,1,0,0
(Delhi Daredevils),,,,,,,,,,,,,,
KL Nagarkoti,2021-2021,1,1,0,0,0,0,2,0,0,0,1,0,0
(Kolkata Knight Riders),,,,,,,,,,,,,,
M Prasidh Krishna,2018-2022,9,2,1,0,0*,0,1,0,0,0,1,0,0
"(Kolkata Knight Riders, Rajasthan Royals)",,,,,,,,,,,,,,
V Pratap Singh,2012-2012,1,1,0,0,0,0,1,0,0,0,1,0,0
(Deccan Chargers),,,,,,,,,,,,,,
C Sakariya,2021-2022,7,2,1,0,0*,0,1,0,0,0,1,0,0
"(Delhi Capitals, Rajasthan Royals)",,,,,,,,,,,,,,
Sandeep Sharma,2014-2023,10,1,1,0,0*,-,1,0,0,0,0,0,0
"(Kings XI Punjab, Punjab Kings, Rajasthan Royals, Sunrisers Hyderabad)",,,,,,,,,,,,,,
R Sanjay Yadav,2022-2022,1,1,0,0,0,0,2,0,0,0,1,0,0
(Mumbai Indians),,,,,,,,,,,,,,
R Sathish,2011-2016,4,1,0,0,0,0,7,0,0,0,1,0,0
"(Kolkata Knight Riders, Mumbai Indians)",,,,,,,,,,,,,,
LR Shukla,2008-2008,1,1,0,0,0,0,4,0,0,0,1,0,0
(Kolkata Knight Riders),,,,,,,,,,,,,,
A Singh,2011-2012,2,1,0,0,0,0,3,0,0,0,1,0,0
(Rajasthan Royals),,,,,,,,,,,,,,
S Sreesanth,2008-2008,2,1,1,0,0*,-,2,0,0,0,0,0,0
(Kings XI Punjab),,,,,,,,,,,,,,
M Theekshana,2022-2022,2,1,0,0,0,0,3,0,0,0,1,0,0
(Chennai Super Kings),,,,,,,,,,,,,,
AC Thomas,2011-2011,1,1,1,0,0*,-,2,0,0,0,0,0,0
(Pune Warriors),,,,,,,,,,,,,,
Umran Malik,2022-2023,5,2,1,0,0*,0,2,0,0,0,1,0,0
(Sunrisers Hyderabad),,,,,,,,,,,,,,
CV Varun,2021-2025,7,1,0,0,0,0,1,0,0,0,1,0,0
(Kolkata Knight Riders),,,,,,,,,,,,,,
V Vyshak,2023-2024,2,1,0,0,0,0,1,0,0,0,1,0,0
"(Royal Challengers Bangalore, Royal Challengers Bengaluru)",,,,,,,,,,,,,,
SK Warne,2008-2011,2,1,0,0,0,0,1,0,0,0,1,0,0
(Rajasthan Royals),,,,,,,,,,,,,,
DJ Willey,2022-2022,1,1,0,0,0,0,2,0,0,0,1,0,0
(Royal Challengers Bangalore),,,,,,,,,,,,,,
AN Ahmed,2011-2013,4,-,-,-,-,-,-,-,-,-,-,-,-
(Mumbai Indians),,,,,,,,,,,,,,
KK Ahmed,2019-2025,6,-,-,-,-,-,-,-,-,-,-,-,-
"(Chennai Super Kings, Delhi Capitals, Sunrisers Hyderabad)",,,,,,,,,,,,,,
Anand Rajan,2011-2011,1,-,-,-,-,-,-,-,-,-,-,-,-
(Deccan Chargers),,,,,,,,,,,,,,
Ankit Sharma,2014-2015,2,-,-,-,-,-,-,-,-,-,-,-,-
(Rajasthan Royals),,,,,,,,,,,,,,
Anureet Singh,2015-2015,1,-,-,-,-,-,-,-,-,-,-,-,-
(Kings XI Punjab),,,,,,,,,,,,,,
Ashwani Kumar,2025-2025,2,-,-,-,-,-,-,-,-,-,-,-,-
(Mumbai Indians),,,,,,,,,,,,,,
S Badree,2014-2014,1,-,-,-,-,-,-,-,-,-,-,-,-
(Chennai Super Kings),,,,,,,,,,,,,,
JP Behrendorff,2019-2023,9,-,-,-,-,-,-,-,-,-,-,-,-
(Mumbai Indians),,,,,,,,,,,,,,
BA Bhatt,2011-2012,2,-,-,-,-,-,-,-,-,-,-,-,-
(Kings XI Punjab),,,,,,,,,,,,,,
N Burger,2024-2024,1,-,-,-,-,-,-,-,-,-,-,-,-
(Rajasthan Royals),,,,,,,,,,,,,,
A Choudhary,2017-2017,1,-,-,-,-,-,-,-,-,-,-,-,-
(Royal Challengers Bangalore),,,,,,,,,,,,,,
MJ Dagar,2023-2023,1,-,-,-,-,-,-,-,-,-,-,-,-
(Sunrisers Hyderabad),,,,,,,,,,,,,,
TU Deshpande,2022-2024,3,-,-,-,-,-,-,-,-,-,-,-,-
(Chennai Super Kings),,,,,,,,,,,,,,
NT Ellis,2022-2023,2,-,-,-,-,-,-,-,-,-,-,-,-
(Punjab Kings),,,,,,,,,,,,,,
LH Ferguson,2017-2023,5,-,-,-,-,-,-,-,-,-,-,-,-
"(Gujarat Titans, Kolkata Knight Riders, Rising Pune Supergiant)",,,,,,,,,,,,,,
RV Gomez,2011-2011,1,-,-,-,-,-,-,-,-,-,-,-,-
(Kochi Tuskers Kerala),,,,,,,,,,,,,,
HF Gurney,2019-2019,1,-,-,-,-,-,-,-,-,-,-,-,-
(Kolkata Knight Riders),,,,,,,,,,,,,,
JR Hazlewood,2022-2025,5,-,-,-,-,-,-,-,-,-,-,-,-
"(Royal Challengers Bangalore, Royal Challengers Bengaluru)",,,,,,,,,,,,,,
MJ Henry,2017-2024,2,-,-,-,-,-,-,-,-,-,-,-,-
"(Kings XI Punjab, Lucknow Super Giants)",,,,,,,,,,,,,,
BW Hilfenhaus,2012-2012,1,-,-,-,-,-,-,-,-,-,-,-,-
(Chennai Super Kings),,,,,,,,,,,,,,
SB Jakati,2011-2016,3,-,-,-,-,-,-,-,-,-,-,-,-
"(Chennai Super Kings, Gujarat Lions)",,,,,,,,,,,,,,
D Jansen,2023-2023,1,-,-,-,-,-,-,-,-,-,-,-,-
(Mumbai Indians),,,,,,,,,,,,,,
CJ Jordan,2023-2023,3,-,-,-,-,-,-,-,-,-,-,-,-
(Mumbai Indians),,,,,,,,,,,,,,
SB Joshi,2008-2008,1,-,-,-,-,-,-,-,-,-,-,-,-
(Royal Challengers Bangalore),,,,,,,,,,,,,,
A Kamboj,2024-2024,2,-,-,-,-,-,-,-,-,-,-,-,-
(Mumbai Indians),,,,,,,,,,,,,,
Karanveer Singh,2014-2014,1,-,-,-,-,-,-,-,-,-,-,-,-
(Kings XI Punjab),,,,,,,,,,,,,,
K Kartikeya,2022-2023,6,-,-,-,-,-,-,-,-,-,-,-,-
(Mumbai Indians),,,,,,,,,,,,,,
U Kaul,2008-2008,1,-,-,-,-,-,-,-,-,-,-,-,-
(Kings XI Punjab),,,,,,,,,,,,,,
Z Khan,2008-2017,6,-,-,-,-,-,-,-,-,-,-,-,-
"(Delhi Daredevils, Mumbai Indians, Royal Challengers Bangalore)",,,,,,,,,,,,,,
MA Khote,2008-2008,1,-,-,-,-,-,-,-,-,-,-,-,-
(Mumbai Indians),,,,,,,,,,,,,,
OC McCoy,2022-2022,1,-,-,-,-,-,-,-,-,-,-,-,-
(Rajasthan Royals),,,,,,,,,,,,,,
SSB Magala,2023-2023,1,-,-,-,-,-,-,-,-,-,-,-,-
(Chennai Super Kings),,,,,,,,,,,,,,
E Malinga,2025-2025,1,-,-,-,-,-,-,-,-,-,-,-,-
(Sunrisers Hyderabad),,,,,,,,,,,,,,
KT Maphaka,2024-2024,1,-,-,-,-,-,-,-,-,-,-,-,-
(Mumbai Indians),,,,,,,,,,,,,,
LI Meriwala,2021-2021,1,-,-,-,-,-,-,-,-,-,-,-,-
(Delhi Capitals),,,,,,,,,,,,,,
A Mithun,2011-2011,1,-,-,-,-,-,-,-,-,-,-,-,-
(Royal Challengers Bangalore),,,,,,,,,,,,,,
Mohsin Khan,2022-2024,4,-,-,-,-,-,-,-,-,-,-,-,-
(Lucknow Super Giants),,,,,,,,,,,,,,
M Muralidaran,2008-2012,3,-,-,-,-,-,-,-,-,-,-,-,-
"(Chennai Super Kings, Royal Challengers Bangalore)",,,,,,,,,,,,,,
AG Murtaza,2011-2011,2,-,-,-,-,-,-,-,-,-,-,-,-
(Mumbai Indians),,,,,,,,,,,,,,
T Natarajan,2022-2024,3,-,-,-,-,-,-,-,-,-,-,-,-
(Sunrisers Hyderabad),,,,,,,,,,,,,,
Naveen-ul-Haq,2024-2024,1,-,-,-,-,-,-,-,-,-,-,-,-
(Lucknow Super Giants),,,,,,,,,,,,,,
L Ngidi,2018-2021,3,-,-,-,-,-,-,-,-,-,-,-,-
(Chennai Super Kings),,,,,,,,,,,,,,
A Nortje,2022-2024,2,-,-,-,-,-,-,-,-,-,-,-,-
(Delhi Capitals),,,,,,,,,,,,,,
M Ntini,2008-2008,1,-,-,-,-,-,-,-,-,-,-,-,-
(Chennai Super Kings),,,,,,,,,,,,,,
IC Pandey,2014-2015,3,-,-,-,-,-,-,-,-,-,-,-,-
(Chennai Super Kings),,,,,,,,,,,,,,
M Pathirana,2022-2025,3,-,-,-,-,-,-,-,-,-,-,-,-
(Chennai Super Kings),,,,,,,,,,,,,,
RV Pawar,2008-2008,1,-,-,-,-,-,-,-,-,-,-,-,-
(Mumbai Indians),,,,,,,,,,,,,,
V Puthur,2025-2025,2,-,-,-,-,-,-,-,-,-,-,-,-
(Mumbai Indians),,,,,,,,,,,,,,
RR Raje,2008-2008,2,-,-,-,-,-,-,-,-,-,-,-,-
(Mumbai Indians),,,,,,,,,,,,,,
AS Rajpoot,2017-2019,3,-,-,-,-,-,-,-,-,-,-,-,-
"(Kings XI Punjab, Kolkata Knight Riders)",,,,,,,,,,,,,,
AS Roy,2022-2022,1,-,-,-,-,-,-,-,-,-,-,-,-
(Kolkata Knight Riders),,,,,,,,,,,,,,
R Sai Kishore,2022-2022,2,-,-,-,-,-,-,-,-,-,-,-,-
(Gujarat Titans),,,,,,,,,,,,,,
BB Samantray,2013-2013,1,-,-,-,-,-,-,-,-,-,-,-,-
(Sunrisers Hyderabad),,,,,,,,,,,,,,
Sameer Rizvi,2024-2024,1,-,-,-,-,-,-,-,-,-,-,-,-
(Chennai Super Kings),,,,,,,,,,,,,,
DJG Sammy,2013-2013,1,-,-,-,-,-,-,-,-,-,-,-,-
(Sunrisers Hyderabad),,,,,,,,,,,,,,
S Sandeep Warrier,2019-2019,1,-,-,-,-,-,-,-,-,-,-,-,-
(Kolkata Knight Riders),,,,,,,,,,,,,,
Jalaj S Saxena,2021-2021,1,-,-,-,-,-,-,-,-,-,-,-,-
(Punjab Kings),,,,,,,,,,,,,,
KR Sen,2022-2023,4,-,-,-,-,-,-,-,-,-,-,-,-
(Rajasthan Royals),,,,,,,,,,,,,,
VRV Singh,2008-2008,2,-,-,-,-,-,-,-,-,-,-,-,-
(Kings XI Punjab),,,,,,,,,,,,,,
PH Solanki,2022-2022,1,-,-,-,-,-,-,-,-,-,-,-,-
(Chennai Super Kings),,,,,,,,,,,,,,
BB Sran,2019-2019,1,-,-,-,-,-,-,-,-,-,-,-,-
(Mumbai Indians),,,,,,,,,,,,,,
TM Srivastava,2008-2008,1,-,-,-,-,-,-,-,-,-,-,-,-
(Kings XI Punjab),,,,,,,,,,,,,,
P Suyal,2013-2015,4,-,-,-,-,-,-,-,-,-,-,-,-
(Mumbai Indians),,,,,,,,,,,,,,
Suyash Sharma,2023-2025,2,-,-,-,-,-,-,-,-,-,-,-,-
"(Kolkata Knight Riders, Royal Challengers Bengaluru)",,,,,,,,,,,,,,
YV Takawale,2008-2008,2,-,-,-,-,-,-,-,-,-,-,-,-
(Mumbai Indians),,,,,,,,,,,,,,
PV Tambe,2013-2016,3,-,-,-,-,-,-,-,-,-,-,-,-
"(Gujarat Lions, Rajasthan Royals)",,,,,,,,,,,,,,
AS Tendulkar,2023-2024,3,-,-,-,-,-,-,-,-,-,-,-,-
(Mumbai Indians),,,,,,,,,,,,,,
N Thushara,2024-2024,3,-,-,-,-,-,-,-,-,-,-,-,-
(Mumbai Indians),,,,,,,,,,,,,,
RJW Topley,2024-2024,1,-,-,-,-,-,-,-,-,-,-,-,-
(Royal Challengers Bengaluru),,,,,,,,,,,,,,
AJ Tye,2017-2018,2,-,-,-,-,-,-,-,-,-,-,-,-
"(Gujarat Lions, Kings XI Punjab)",,,,,,,,,,,,,,
DL Vettori,2011-2011,1,-,-,-,-,-,-,-,-,-,-,-,-
(Royal Challengers Bangalore),,,,,,,,,,,,,,
GC Viljoen,2019-2019,1,-,-,-,-,-,-,-,-,-,-,-,-
(Kings XI Punjab),,,,,,,,,,,,,,
D Wiese,2015-2015,1,-,-,-,-,-,-,-,-,-,-,-,-
(Royal Challengers Bangalore),,,,,,,,,,,,,,
MP Yadav,2025-2025,1,-,-,-,-,-,-,-,-,-,-,-,-
(Lucknow Super Giants),,,,,,,,,,,,,,
Yash Dayal,2022-2025,4,-,-,-,-,-,-,-,-,-,-,-,-
"(Gujarat Titans, Royal Challengers Bengaluru)",,,,,,,,,,,,,,
A Zampa,2017-2017,1,-,-,-,-,-,-,-,-,-,-,-,-
(Rising Pune Supergiant),,,,,,,,,,,,,,
Zeeshan Ansari,2025-2025,1,-,-,-,-,-,-,-,-,-,-,-,-
(Sunrisers Hyderabad),,,,,,,,,,,,,,
